1776636205719.1562,0.18632633984088898,-9.747809410095215,-0.35303938388824463
1776636205729.069,0.19613298773765564,-9.747809410095215,-0.35303938388824463
1776636205738.983,0.19613298773765564,-9.747809410095215,-0.3628460466861725
1776636205748.8958,0.17651969194412231,-9.73800277709961,-0.3628460466861725
1776636205758.8086,0.18632633984088898,-9.73800277709961,-0.35303938388824463
1776636205768.7214,0.19613298773765564,-9.73800277709961,-0.3628460466861725
1776636205778.6335,0.19613298773765564,-9.73800277709961,-0.35303938388824463
1776636205788.5454,0.18632633984088898,-9.728196144104004,-0.35303938388824463
1776636205798.4565,0.19613298773765564,-9.747809410095215,-0.3628460466861725
1776636205808.3684,0.19613298773765564,-9.73800277709961,-0.35303938388824463
1776636205818.2795,0.19613298773765564,-9.73800277709961,-0.35303938388824463
1776636205828.1907,0.19613298773765564,-9.728196144104004,-0.35303938388824463
1776636205838.103,0.2059396505355835,-9.728196144104004,-0.35303938388824463
1776636205848.0151,0.2059396505355835,-9.73800277709961,-0.35303938388824463
1776636205857.9285,0.19613298773765564,-9.728196144104004,-0.3628460466861725
1776636205867.8408,0.19613298773765564,-9.75761604309082,-0.35303938388824463
1776636205877.7532,0.19613298773765564,-9.75761604309082,-0.35303938388824463
1776636205887.6655,0.19613298773765564,-9.73800277709961,-0.35303938388824463
1776636205897.578,0.19613298773765564,-9.718389511108398,-0.3628460466861725
1776636205907.4902,0.19613298773765564,-9.728196144104004,-0.35303938388824463
1776636205917.4028,0.2059396505355835,-9.718389511108398,-0.34323275089263916
1776636205927.3142,0.19613298773765564,-9.728196144104004,-0.35303938388824463
1776636205937.2268,0.18632633984088898,-9.747809410095215,-0.35303938388824463
1776636205947.1406,0.17651969194412231,-9.747809410095215,-0.35303938388824463
1776636205957.0532,0.18632633984088898,-9.73800277709961,-0.34323275089263916
1776636205966.9658,0.18632633984088898,-9.73800277709961,-0.3628460466861725
1776636205976.8796,0.19613298773765564,-9.73800277709961,-0.35303938388824463
1776636205986.7922,0.19613298773765564,-9.728196144104004,-0.35303938388824463
1776636205996.706,0.19613298773765564,-9.728196144104004,-0.34323275089263916
1776636206006.619,0.19613298773765564,-9.73800277709961,-0.35303938388824463
1776636206016.533,0.19613298773765564,-9.73800277709961,-0.3628460466861725
1776636206026.4458,0.2059396505355835,-9.728196144104004,-0.3628460466861725
1776636206036.3586,0.18632633984088898,-9.73800277709961,-0.35303938388824463
1776636206046.2717,0.19613298773765564,-9.728196144104004,-0.35303938388824463
1776636206056.1858,0.19613298773765564,-9.73800277709961,-0.35303938388824463
1776636206066.0989,0.19613298773765564,-9.73800277709961,-0.3628460466861725
1776636206076.012,0.19613298773765564,-9.73800277709961,-0.35303938388824463
1776636206085.926,0.18632633984088898,-9.747809410095215,-0.34323275089263916
1776636206095.8394,0.19613298773765564,-9.73800277709961,-0.35303938388824463
1776636206105.7534,0.19613298773765564,-9.73800277709961,-0.35303938388824463
1776636206115.6667,0.21574629843235016,-9.728196144104004,-0.35303938388824463
1776636206125.581,0.2059396505355835,-9.73800277709961,-0.35303938388824463
1776636206135.4944,0.19613298773765564,-9.747809410095215,-0.3628460466861725
1776636206145.4087,0.19613298773765564,-9.747809410095215,-0.3628460466861725
1776636206155.3223,0.19613298773765564,-9.73800277709961,-0.35303938388824463
1776636206165.2366,0.19613298773765564,-9.747809410095215,-0.35303938388824463
1776636206175.1511,0.2059396505355835,-9.728196144104004,-0.3628460466861725
1776636206185.0647,0.2059396505355835,-9.728196144104004,-0.34323275089263916
1776636206194.9783,0.21574629843235016,-9.73800277709961,-0.35303938388824463
1776636206204.8928,0.19613298773765564,-9.728196144104004,-0.3628460466861725
1776636206214.8064,0.19613298773765564,-9.73800277709961,-0.35303938388824463
1776636206224.7202,0.2059396505355835,-9.747809410095215,-0.35303938388824463
1776636206234.635,0.19613298773765564,-9.73800277709961,-0.3628460466861725
1776636206244.5486,0.18632633984088898,-9.728196144104004,-0.34323275089263916
1776636206254.4634,0.18632633984088898,-9.718389511108398,-0.35303938388824463
1776636206264.3774,0.19613298773765564,-9.73800277709961,-0.35303938388824463
1776636206274.2913,0.19613298773765564,-9.728196144104004,-0.35303938388824463
1776636206284.205,0.19613298773765564,-9.728196144104004,-0.35303938388824463
1776636206294.12,0.18632633984088898,-9.728196144104004,-0.3628460466861725
1776636206304.0342,0.19613298773765564,-9.747809410095215,-0.34323275089263916
1776636206313.9482,0.2059396505355835,-9.73800277709961,-0.35303938388824463
1776636206323.8623,0.2059396505355835,-9.73800277709961,-0.35303938388824463
1776636206333.7773,0.19613298773765564,-9.718389511108398,-0.35303938388824463
1776636206343.6914,0.19613298773765564,-9.728196144104004,-0.35303938388824463
1776636206353.6067,0.19613298773765564,-9.73800277709961,-0.34323275089263916
1776636206363.521,0.19613298773765564,-9.728196144104004,-0.35303938388824463
1776636206373.4363,0.2059396505355835,-9.728196144104004,-0.3628460466861725
1776636206383.3506,0.18632633984088898,-9.718389511108398,-0.35303938388824463
1776636206393.265,0.19613298773765564,-9.728196144104004,-0.35303938388824463
1776636206403.1792,0.18632633984088898,-9.747809410095215,-0.35303938388824463
1776636206413.0935,0.18632633984088898,-9.73800277709961,-0.35303938388824463
1776636206423.008,0.19613298773765564,-9.73800277709961,-0.35303938388824463
1776636206432.9226,0.19613298773765564,-9.75761604309082,-0.35303938388824463
1776636206442.8372,0.19613298773765564,-9.747809410095215,-0.3628460466861725
1776636206452.7527,0.2059396505355835,-9.73800277709961,-0.35303938388824463
1776636206462.6672,0.19613298773765564,-9.73800277709961,-0.35303938388824463
1776636206472.583,0.19613298773765564,-9.747809410095215,-0.35303938388824463
1776636206482.4873,0.19613298773765564,-9.728196144104004,-0.35303938388824463
1776636206492.3892,0.18632633984088898,-9.728196144104004,-0.3628460466861725
1776636206502.291,0.19613298773765564,-9.747809410095215,-0.35303938388824463
1776636206512.192,0.19613298773765564,-9.73800277709961,-0.35303938388824463
1776636206522.0938,0.19613298773765564,-9.728196144104004,-0.35303938388824463
1776636206531.9956,0.19613298773765564,-9.73800277709961,-0.35303938388824463
1776636206541.9392,0.19613298773765564,-9.73800277709961,-0.3628460466861725
1776636206551.8474,0.2059396505355835,-9.718389511108398,-0.3628460466861725
1776636206561.7544,0.19613298773765564,-9.73800277709961,-0.35303938388824463
1776636206571.6626,0.19613298773765564,-9.73800277709961,-0.35303938388824463
1776636206581.5698,0.2059396505355835,-9.75761604309082,-0.35303938388824463
1776636206591.4778,0.19613298773765564,-9.747809410095215,-0.3628460466861725
1776636206601.385,0.19613298773765564,-9.73800277709961,-0.3628460466861725
1776636206611.2932,0.2059396505355835,-9.728196144104004,-0.37265267968177795
1776636206621.2017,0.19613298773765564,-9.728196144104004,-0.35303938388824463
1776636206631.1099,0.18632633984088898,-9.728196144104004,-0.3628460466861725
1776636206641.017,0.19613298773765564,-9.73800277709961,-0.3628460466861725
1776636206650.9243,0.18632633984088898,-9.747809410095215,-0.34323275089263916
1776636206660.8318,0.19613298773765564,-9.73800277709961,-0.34323275089263916
1776636206670.74,0.19613298773765564,-9.747809410095215,-0.3628460466861725
1776636206680.6475,0.19613298773765564,-9.73800277709961,-0.3628460466861725
1776636206690.555,0.19613298773765564,-9.728196144104004,-0.3334260880947113
1776636206700.4622,0.18632633984088898,-9.718389511108398,-0.3628460466861725
1776636206710.3706,0.19613298773765564,-9.728196144104004,-0.3628460466861725
1776636206720.278,0.19613298773765564,-9.73800277709961,-0.35303938388824463
1776636206730.1855,0.21574629843235016,-9.73800277709961,-0.35303938388824463
1776636206740.0933,0.2059396505355835,-9.728196144104004,-0.35303938388824463
1776636206750.0007,0.19613298773765564,-9.73800277709961,-0.35303938388824463
1776636206759.9092,0.2059396505355835,-9.73800277709961,-0.35303938388824463
1776636206769.817,0.19613298773765564,-9.73800277709961,-0.34323275089263916
1776636206779.7253,0.19613298773765564,-9.73800277709961,-0.35303938388824463
1776636206789.634,0.19613298773765564,-9.728196144104004,-0.35303938388824463
1776636206799.5427,0.2059396505355835,-9.728196144104004,-0.35303938388824463
1776636206809.4504,0.19613298773765564,-9.73800277709961,-0.34323275089263916
1776636206819.359,0.19613298773765564,-9.73800277709961,-0.37265267968177795
1776636206829.2666,0.19613298773765564,-9.728196144104004,-0.35303938388824463
1776636206839.1743,0.19613298773765564,-9.728196144104004,-0.37265267968177795
1776636206849.0833,0.19613298773765564,-9.747809410095215,-0.3628460466861725
1776636206858.992,0.19613298773765564,-9.747809410095215,-0.3628460466861725
1776636206868.9006,0.18632633984088898,-9.747809410095215,-0.37265267968177795
1776636206878.8086,0.19613298773765564,-9.73800277709961,-0.34323275089263916
1776636206888.7163,0.19613298773765564,-9.73800277709961,-0.34323275089263916
1776636206898.6243,0.18632633984088898,-9.73800277709961,-0.34323275089263916
1776636206908.5312,0.19613298773765564,-9.747809410095215,-0.35303938388824463
1776636206918.439,0.21574629843235016,-9.73800277709961,-0.3628460466861725
1776636206928.346,0.18632633984088898,-9.73800277709961,-0.35303938388824463
1776636206938.253,0.18632633984088898,-9.73800277709961,-0.35303938388824463
1776636206948.161,0.2059396505355835,-9.747809410095215,-0.35303938388824463
1776636206958.0679,0.19613298773765564,-9.73800277709961,-0.35303938388824463
1776636206967.9758,0.18632633984088898,-9.73800277709961,-0.35303938388824463
1776636206977.884,0.19613298773765564,-9.728196144104004,-0.35303938388824463
1776636206987.793,0.2059396505355835,-9.73800277709961,-0.35303938388824463
1776636206997.7021,0.19613298773765564,-9.728196144104004,-0.35303938388824463
1776636207007.611,0.21574629843235016,-9.728196144104004,-0.3628460466861725
1776636207017.5203,0.2059396505355835,-9.728196144104004,-0.35303938388824463
1776636207027.4294,0.2059396505355835,-9.728196144104004,-0.35303938388824463
1776636207037.3386,0.19613298773765564,-9.747809410095215,-0.35303938388824463
1776636207047.2478,0.2059396505355835,-9.747809410095215,-0.34323275089263916
1776636207057.158,0.2059396505355835,-9.728196144104004,-0.3628460466861725
1776636207067.0674,0.18632633984088898,-9.728196144104004,-0.35303938388824463
1776636207076.9756,0.19613298773765564,-9.747809410095215,-0.35303938388824463
1776636207086.8857,0.18632633984088898,-9.73800277709961,-0.35303938388824463
1776636207096.7952,0.18632633984088898,-9.728196144104004,-0.34323275089263916
1776636207106.7056,0.18632633984088898,-9.73800277709961,-0.34323275089263916
1776636207116.6147,0.19613298773765564,-9.747809410095215,-0.35303938388824463
1776636207126.5261,0.18632633984088898,-9.73800277709961,-0.35303938388824463
1776636207136.4375,0.18632633984088898,-9.747809410095215,-0.3628460466861725
1776636207146.348,0.19613298773765564,-9.747809410095215,-0.35303938388824463
1776636207156.2585,0.19613298773765564,-9.747809410095215,-0.35303938388824463
1776636207166.168,0.2059396505355835,-9.728196144104004,-0.34323275089263916
1776636207176.0774,0.19613298773765564,-9.728196144104004,-0.3628460466861725
1776636207185.9868,0.19613298773765564,-9.728196144104004,-0.35303938388824463
1776636207195.8965,0.19613298773765564,-9.728196144104004,-0.35303938388824463
1776636207205.805,0.19613298773765564,-9.728196144104004,-0.35303938388824463
1776636207215.7146,0.19613298773765564,-9.718389511108398,-0.35303938388824463
1776636207225.6243,0.2059396505355835,-9.728196144104004,-0.35303938388824463
1776636207235.5337,0.2059396505355835,-9.747809410095215,-0.3628460466861725
1776636207245.4424,0.19613298773765564,-9.73800277709961,-0.3628460466861725
1776636207255.35,0.18632633984088898,-9.728196144104004,-0.34323275089263916
1776636207265.2598,0.19613298773765564,-9.708582878112793,-0.35303938388824463
1776636207275.1694,0.2059396505355835,-9.73800277709961,-0.35303938388824463
1776636207285.0781,0.18632633984088898,-9.747809410095215,-0.35303938388824463
1776636207294.988,0.18632633984088898,-9.728196144104004,-0.3628460466861725
1776636207304.8977,0.19613298773765564,-9.73800277709961,-0.35303938388824463
1776636207314.8064,0.19613298773765564,-9.747809410095215,-0.35303938388824463
1776636207324.7163,0.19613298773765564,-9.73800277709961,-0.34323275089263916
1776636207334.6252,0.19613298773765564,-9.73800277709961,-0.35303938388824463
1776636207344.533,0.21574629843235016,-9.728196144104004,-0.35303938388824463
1776636207354.441,0.2059396505355835,-9.728196144104004,-0.35303938388824463
1776636207364.3499,0.19613298773765564,-9.73800277709961,-0.35303938388824463
1776636207374.2588,0.18632633984088898,-9.73800277709961,-0.3628460466861725
1776636207384.1677,0.18632633984088898,-9.73800277709961,-0.37265267968177795
1776636207394.0767,0.19613298773765564,-9.75761604309082,-0.3628460466861725
1776636207403.9856,0.19613298773765564,-9.747809410095215,-0.35303938388824463
1776636207413.8958,0.19613298773765564,-9.73800277709961,-0.34323275089263916
1776636207423.8047,0.19613298773765564,-9.73800277709961,-0.35303938388824463
1776636207433.7148,0.2059396505355835,-9.73800277709961,-0.35303938388824463
1776636207443.6248,0.19613298773765564,-9.728196144104004,-0.35303938388824463
1776636207453.535,0.19613298773765564,-9.73800277709961,-0.35303938388824463
1776636207463.445,0.18632633984088898,-9.73800277709961,-0.3628460466861725
1776636207473.3562,0.19613298773765564,-9.728196144104004,-0.3334260880947113
1776636207483.2605,0.19613298773765564,-9.747809410095215,-0.34323275089263916
1776636207493.1624,0.19613298773765564,-9.747809410095215,-0.35303938388824463
1776636207503.0654,0.2059396505355835,-9.747809410095215,-0.35303938388824463
1776636207512.9685,0.19613298773765564,-9.718389511108398,-0.3628460466861725
1776636207522.8713,0.19613298773765564,-9.728196144104004,-0.34323275089263916
1776636207532.7744,0.19613298773765564,-9.747809410095215,-0.3628460466861725
1776636207542.6792,0.2059396505355835,-9.728196144104004,-0.35303938388824463
1776636207552.5823,0.19613298773765564,-9.747809410095215,-0.3628460466861725
1776636207562.4863,0.19613298773765564,-9.73800277709961,-0.35303938388824463
1776636207572.3894,0.2059396505355835,-9.747809410095215,-0.3628460466861725
1776636207582.2937,0.19613298773765564,-9.728196144104004,-0.35303938388824463
1776636207592.1978,0.18632633984088898,-9.728196144104004,-0.35303938388824463
1776636207602.1008,0.18632633984088898,-9.73800277709961,-0.35303938388824463
1776636207612.004,0.2059396505355835,-9.73800277709961,-0.3628460466861725
1776636207621.9082,0.19613298773765564,-9.73800277709961,-0.3628460466861725
1776636207631.8113,0.19613298773765564,-9.73800277709961,-0.35303938388824463
1776636207641.7144,0.19613298773765564,-9.73800277709961,-0.34323275089263916
1776636207651.6184,0.19613298773765564,-9.728196144104004,-0.3628460466861725
1776636207661.5215,0.18632633984088898,-9.73800277709961,-0.35303938388824463
1776636207671.4246,0.2059396505355835,-9.747809410095215,-0.3628460466861725
1776636207681.3289,0.2059396505355835,-9.73800277709961,-0.35303938388824463
1776636207691.232,0.19613298773765564,-9.747809410095215,-0.35303938388824463
1776636207701.135,0.19613298773765564,-9.728196144104004,-0.35303938388824463
1776636207711.037,0.2059396505355835,-9.728196144104004,-0.34323275089263916
1776636207720.9402,0.2059396505355835,-9.73800277709961,-0.35303938388824463
1776636207730.8433,0.2059396505355835,-9.73800277709961,-0.3628460466861725
1776636207740.7466,0.2059396505355835,-9.73800277709961,-0.35303938388824463
1776636207750.6497,0.19613298773765564,-9.75761604309082,-0.35303938388824463
1776636207760.5527,0.19613298773765564,-9.73800277709961,-0.3628460466861725
1776636207770.4568,0.19613298773765564,-9.728196144104004,-0.35303938388824463
1776636207780.3599,0.19613298773765564,-9.73800277709961,-0.34323275089263916
1776636207790.2632,0.2059396505355835,-9.747809410095215,-0.34323275089263916
1776636207800.1663,0.18632633984088898,-9.73800277709961,-0.35303938388824463
1776636207810.0693,0.19613298773765564,-9.73800277709961,-0.37265267968177795
1776636207819.9734,0.19613298773765564,-9.73800277709961,-0.35303938388824463
1776636207829.8765,0.18632633984088898,-9.73800277709961,-0.35303938388824463
1776636207839.7798,0.21574629843235016,-9.728196144104004,-0.3628460466861725
1776636207849.682,0.19613298773765564,-9.73800277709961,-0.3628460466861725
1776636207859.584,0.19613298773765564,-9.73800277709961,-0.35303938388824463
1776636207869.487,0.18632633984088898,-9.73800277709961,-0.3628460466861725
1776636207879.3892,0.19613298773765564,-9.747809410095215,-0.35303938388824463
1776636207889.2922,0.18632633984088898,-9.728196144104004,-0.35303938388824463
1776636207899.1953,0.18632633984088898,-9.728196144104004,-0.37265267968177795
1776636207909.0996,0.18632633984088898,-9.728196144104004,-0.37265267968177795
1776636207919.0027,0.19613298773765564,-9.728196144104004,-0.35303938388824463
1776636207928.9067,0.19613298773765564,-9.73800277709961,-0.3628460466861725
1776636207938.8098,0.19613298773765564,-9.73800277709961,-0.3628460466861725
1776636207948.7122,0.19613298773765564,-9.73800277709961,-0.3628460466861725
1776636207958.6152,0.2059396505355835,-9.747809410095215,-0.35303938388824463
1776636207968.5183,0.18632633984088898,-9.73800277709961,-0.35303938388824463
1776636207978.4204,0.18632633984088898,-9.73800277709961,-0.3628460466861725
1776636207988.3225,0.19613298773765564,-9.708582878112793,-0.35303938388824463
1776636207998.2256,0.19613298773765564,-9.718389511108398,-0.35303938388824463
1776636208008.128,0.19613298773765564,-9.73800277709961,-0.3628460466861725
1776636208018.031,0.2059396505355835,-9.728196144104004,-0.3628460466861725
1776636208027.934,0.2059396505355835,-9.73800277709961,-0.3628460466861725
1776636208037.8362,0.19613298773765564,-9.728196144104004,-0.35303938388824463
1776636208047.7393,0.19613298773765564,-9.73800277709961,-0.35303938388824463
1776636208057.6426,0.19613298773765564,-9.73800277709961,-0.3628460466861725
1776636208067.5457,0.19613298773765564,-9.73800277709961,-0.35303938388824463
1776636208077.4478,0.19613298773765564,-9.73800277709961,-0.3334260880947113
1776636208087.3508,0.19613298773765564,-9.73800277709961,-0.35303938388824463
1776636208097.254,0.2059396505355835,-9.75761604309082,-0.37265267968177795
1776636208107.1572,0.18632633984088898,-9.747809410095215,-0.35303938388824463
1776636208117.0613,0.18632633984088898,-9.728196144104004,-0.34323275089263916
1776636208126.9653,0.2059396505355835,-9.728196144104004,-0.35303938388824463
1776636208136.8687,0.19613298773765564,-9.718389511108398,-0.35303938388824463
1776636208146.7717,0.19613298773765564,-9.718389511108398,-0.35303938388824463
1776636208156.6748,0.18632633984088898,-9.728196144104004,-0.3628460466861725
1776636208166.578,0.18632633984088898,-9.747809410095215,-0.35303938388824463
1776636208176.4812,0.19613298773765564,-9.75761604309082,-0.35303938388824463
1776636208186.3843,0.19613298773765564,-9.747809410095215,-0.35303938388824463
1776636208196.2874,0.18632633984088898,-9.708582878112793,-0.35303938388824463
1776636208206.1895,0.19613298773765564,-9.718389511108398,-0.34323275089263916
1776636208216.0938,0.19613298773765564,-9.728196144104004,-0.35303938388824463
1776636208225.9968,0.18632633984088898,-9.73800277709961,-0.3628460466861725
1776636208235.9,0.18632633984088898,-9.747809410095215,-0.3628460466861725
1776636208245.803,0.18632633984088898,-9.747809410095215,-0.3628460466861725
1776636208255.7063,0.18632633984088898,-9.747809410095215,-0.3628460466861725
1776636208265.6094,0.19613298773765564,-9.73800277709961,-0.3628460466861725
1776636208275.5125,0.2059396505355835,-9.728196144104004,-0.35303938388824463
1776636208285.4155,0.2059396505355835,-9.718389511108398,-0.35303938388824463
1776636208295.3188,0.18632633984088898,-9.728196144104004,-0.3628460466861725
1776636208305.221,0.19613298773765564,-9.73800277709961,-0.35303938388824463
1776636208315.124,0.2059396505355835,-9.747809410095215,-0.35303938388824463
1776636208325.027,0.2059396505355835,-9.747809410095215,-0.3628460466861725
1776636208334.9304,0.19613298773765564,-9.747809410095215,-0.34323275089263916
1776636208344.8335,0.18632633984088898,-9.728196144104004,-0.35303938388824463
1776636208354.7366,0.2059396505355835,-9.728196144104004,-0.35303938388824463
1776636208364.6396,0.19613298773765564,-9.718389511108398,-0.34323275089263916
1776636208374.543,0.18632633984088898,-9.73800277709961,-0.35303938388824463
1776636208384.447,0.19613298773765564,-9.73800277709961,-0.35303938388824463
1776636208394.3513,0.2059396505355835,-9.73800277709961,-0.3628460466861725
1776636208404.2544,0.19613298773765564,-9.73800277709961,-0.37265267968177795
1776636208414.1565,0.19613298773765564,-9.73800277709961,-0.3628460466861725
1776636208424.0596,0.19613298773765564,-9.728196144104004,-0.35303938388824463
1776636208433.963,0.19613298773765564,-9.728196144104004,-0.34323275089263916
1776636208443.867,0.18632633984088898,-9.75761604309082,-0.35303938388824463
1776636208453.769,0.18632633984088898,-9.75761604309082,-0.35303938388824463
1776636208463.672,0.18632633984088898,-9.728196144104004,-0.3334260880947113
1776636208473.5754,0.19613298773765564,-9.728196144104004,-0.34323275089263916
1776636208483.4785,0.2059396505355835,-9.728196144104004,-0.35303938388824463
1776636208493.3813,0.18632633984088898,-9.728196144104004,-0.35303938388824463
1776636208503.2854,0.17651969194412231,-9.73800277709961,-0.35303938388824463
1776636208513.1885,0.19613298773765564,-9.747809410095215,-0.35303938388824463
1776636208523.0903,0.19613298773765564,-9.747809410095215,-0.35303938388824463
1776636208532.9934,0.19613298773765564,-9.728196144104004,-0.3922659754753113
1776636208542.896,0.19613298773765564,-9.75761604309082,-0.3334260880947113
1776636208552.7979,0.19613298773765564,-9.73800277709961,-0.3334260880947113
1776636208562.701,0.19613298773765564,-9.73800277709961,-0.3628460466861725
1776636208572.6052,0.19613298773765564,-9.73800277709961,-0.35303938388824463
1776636208582.5093,0.19613298773765564,-9.718389511108398,-0.35303938388824463
1776636208592.4124,0.19613298773765564,-9.73800277709961,-0.3628460466861725
1776636208602.3154,0.19613298773765564,-9.747809410095215,-0.3628460466861725
1776636208612.2185,0.19613298773765564,-9.75761604309082,-0.35303938388824463
1776636208622.1235,0.19613298773765564,-9.747809410095215,-0.35303938388824463
1776636208632.0266,0.2059396505355835,-9.73800277709961,-0.35303938388824463
1776636208641.9297,0.19613298773765564,-9.728196144104004,-0.35303938388824463
1776636208651.8328,0.19613298773765564,-9.728196144104004,-0.3628460466861725
1776636208661.7358,0.2059396505355835,-9.728196144104004,-0.35303938388824463
1776636208671.639,0.18632633984088898,-9.728196144104004,-0.3628460466861725
1776636208681.543,0.18632633984088898,-9.728196144104004,-0.34323275089263916
1776636208691.446,0.19613298773765564,-9.747809410095215,-0.3628460466861725
1776636208701.35,0.18632633984088898,-9.747809410095215,-0.3628460466861725
1776636208711.2532,0.18632633984088898,-9.73800277709961,-0.3628460466861725
1776636208721.1572,0.2059396505355835,-9.728196144104004,-0.3628460466861725
1776636208731.0603,0.2059396505355835,-9.73800277709961,-0.3628460466861725
1776636208740.9644,0.2059396505355835,-9.728196144104004,-0.34323275089263916
1776636208750.8684,0.2059396505355835,-9.747809410095215,-0.35303938388824463
1776636208760.7715,0.2059396505355835,-9.73800277709961,-0.35303938388824463
1776636208770.6765,0.19613298773765564,-9.73800277709961,-0.37265267968177795
1776636208780.5818,0.19613298773765564,-9.75761604309082,-0.37265267968177795
1776636208790.4849,0.18632633984088898,-9.747809410095215,-0.35303938388824463
1776636208800.389,0.18632633984088898,-9.73800277709961,-0.35303938388824463
1776636208810.293,0.19613298773765564,-9.718389511108398,-0.35303938388824463
1776636208820.196,0.19613298773765564,-9.718389511108398,-0.3628460466861725
1776636208830.1,0.19613298773765564,-9.728196144104004,-0.35303938388824463
1776636208840.0042,0.17651969194412231,-9.728196144104004,-0.35303938388824463
1776636208849.9082,0.19613298773765564,-9.747809410095215,-0.35303938388824463
1776636208859.8113,0.18632633984088898,-9.747809410095215,-0.35303938388824463
1776636208869.7153,0.19613298773765564,-9.747809410095215,-0.35303938388824463
1776636208879.6194,0.19613298773765564,-9.73800277709961,-0.3628460466861725
1776636208889.5225,0.19613298773765564,-9.718389511108398,-0.35303938388824463
1776636208899.4268,0.19613298773765564,-9.728196144104004,-0.3628460466861725
1776636208909.3298,0.19613298773765564,-9.747809410095215,-0.34323275089263916
1776636208919.234,0.18632633984088898,-9.73800277709961,-0.3628460466861725
1776636208929.138,0.2059396505355835,-9.73800277709961,-0.3628460466861725
1776636208939.042,0.19613298773765564,-9.747809410095215,-0.3628460466861725
1776636208948.946,0.19613298773765564,-9.73800277709961,-0.35303938388824463
1776636208958.85,0.19613298773765564,-9.73800277709961,-0.3628460466861725
1776636208968.7532,0.19613298773765564,-9.728196144104004,-0.35303938388824463
1776636208978.6572,0.19613298773765564,-9.747809410095215,-0.3628460466861725
1776636208988.5613,0.2059396505355835,-9.728196144104004,-0.34323275089263916
1776636208998.4656,0.19613298773765564,-9.718389511108398,-0.35303938388824463
1776636209008.3696,0.19613298773765564,-9.73800277709961,-0.3628460466861725
1776636209018.2737,0.19613298773765564,-9.728196144104004,-0.35303938388824463
1776636209028.1787,0.18632633984088898,-9.747809410095215,-0.3628460466861725
1776636209038.0828,0.18632633984088898,-9.767423629760742,-0.3628460466861725
1776636209047.9868,0.19613298773765564,-9.73800277709961,-0.37265267968177795
1776636209057.8909,0.2059396505355835,-9.728196144104004,-0.3628460466861725
1776636209067.7961,0.19613298773765564,-9.73800277709961,-0.34323275089263916
1776636209077.7002,0.17651969194412231,-9.73800277709961,-0.35303938388824463
1776636209087.6042,0.19613298773765564,-9.718389511108398,-0.3628460466861725
1776636209097.5083,0.19613298773765564,-9.73800277709961,-0.3628460466861725
1776636209107.4114,0.19613298773765564,-9.767423629760742,-0.34323275089263916
1776636209117.3154,0.19613298773765564,-9.747809410095215,-0.34323275089263916
1776636209127.2195,0.19613298773765564,-9.73800277709961,-0.3628460466861725
1776636209137.1235,0.2059396505355835,-9.73800277709961,-0.3628460466861725
1776636209147.0278,0.2059396505355835,-9.718389511108398,-0.35303938388824463
1776636209156.932,0.2059396505355835,-9.728196144104004,-0.35303938388824463
1776636209166.835,0.19613298773765564,-9.73800277709961,-0.34323275089263916
1776636209176.738,0.19613298773765564,-9.747809410095215,-0.37265267968177795
1776636209186.641,0.19613298773765564,-9.73800277709961,-0.35303938388824463
1776636209196.5452,0.19613298773765564,-9.73800277709961,-0.3628460466861725
1776636209206.4492,0.19613298773765564,-9.73800277709961,-0.3628460466861725
1776636209216.3533,0.2059396505355835,-9.73800277709961,-0.34323275089263916
1776636209226.2573,0.19613298773765564,-9.728196144104004,-0.34323275089263916
1776636209236.1604,0.18632633984088898,-9.728196144104004,-0.37265267968177795
1776636209246.0647,0.19613298773765564,-9.728196144104004,-0.37265267968177795
1776636209255.9688,0.2059396505355835,-9.73800277709961,-0.34323275089263916
1776636209265.8718,0.19613298773765564,-9.747809410095215,-0.34323275089263916
1776636209275.776,0.19613298773765564,-9.75761604309082,-0.35303938388824463
1776636209285.68,0.18632633984088898,-9.747809410095215,-0.3628460466861725
1776636209295.584,0.19613298773765564,-9.747809410095215,-0.3628460466861725
1776636209305.488,0.2059396505355835,-9.728196144104004,-0.35303938388824463
1776636209315.391,0.19613298773765564,-9.708582878112793,-0.3628460466861725
1776636209325.2942,0.19613298773765564,-9.73800277709961,-0.3628460466861725
1776636209335.1973,0.19613298773765564,-9.73800277709961,-0.35303938388824463
1776636209345.1006,0.19613298773765564,-9.73800277709961,-0.34323275089263916
1776636209355.0037,0.19613298773765564,-9.747809410095215,-0.35303938388824463
1776636209364.9077,0.19613298773765564,-9.747809410095215,-0.35303938388824463
1776636209374.8118,0.19613298773765564,-9.73800277709961,-0.35303938388824463
1776636209384.7158,0.19613298773765564,-9.747809410095215,-0.35303938388824463
1776636209394.619,0.2059396505355835,-9.728196144104004,-0.35303938388824463
1776636209404.523,0.19613298773765564,-9.718389511108398,-0.3628460466861725
1776636209414.427,0.19613298773765564,-9.73800277709961,-0.34323275089263916
1776636209424.3313,0.19613298773765564,-9.75761604309082,-0.34323275089263916
1776636209434.2354,0.2059396505355835,-9.728196144104004,-0.3628460466861725
1776636209444.1384,0.19613298773765564,-9.728196144104004,-0.35303938388824463
1776636209454.0425,0.17651969194412231,-9.728196144104004,-0.34323275089263916
1776636209463.9465,0.19613298773765564,-9.73800277709961,-0.35303938388824463
1776636209473.8506,0.19613298773765564,-9.747809410095215,-0.3628460466861725
1776636209483.7546,0.19613298773765564,-9.73800277709961,-0.34323275089263916
1776636209493.6587,0.19613298773765564,-9.728196144104004,-0.3628460466861725
1776636209503.5618,0.2059396505355835,-9.708582878112793,-0.35303938388824463
1776636209513.4658,0.19613298773765564,-9.73800277709961,-0.37265267968177795
1776636209523.3708,0.19613298773765564,-9.75761604309082,-0.3628460466861725
1776636209533.2737,0.2059396505355835,-9.747809410095215,-0.35303938388824463
1776636209543.1804,0.19613298773765564,-9.718389511108398,-0.34323275089263916
1776636209553.0847,0.18632633984088898,-9.73800277709961,-0.35303938388824463
1776636209562.989,0.17651969194412231,-9.718389511108398,-0.35303938388824463
1776636209572.8936,0.18632633984088898,-9.728196144104004,-0.34323275089263916
1776636209582.7969,0.2059396505355835,-9.747809410095215,-0.34323275089263916
1776636209592.7014,0.18632633984088898,-9.75761604309082,-0.35303938388824463
1776636209602.6047,0.19613298773765564,-9.73800277709961,-0.3824593424797058
1776636209612.508,0.2059396505355835,-9.747809410095215,-0.34323275089263916
1776636209622.4116,0.19613298773765564,-9.75761604309082,-0.35303938388824463
1776636209632.316,0.19613298773765564,-9.747809410095215,-0.3628460466861725
1776636209642.2195,0.2059396505355835,-9.718389511108398,-0.35303938388824463
1776636209652.1228,0.18632633984088898,-9.728196144104004,-0.34323275089263916
1776636209662.0261,0.17651969194412231,-9.728196144104004,-0.34323275089263916
1776636209671.9307,0.18632633984088898,-9.728196144104004,-0.34323275089263916
1776636209681.833,0.19613298773765564,-9.747809410095215,-0.3334260880947113
1776636209691.7375,0.19613298773765564,-9.728196144104004,-0.3628460466861725
1776636209701.6409,0.18632633984088898,-9.747809410095215,-0.35303938388824463
1776636209711.5432,0.19613298773765564,-9.75761604309082,-0.35303938388824463
1776636209721.4468,0.21574629843235016,-9.747809410095215,-0.35303938388824463
1776636209731.35,0.2059396505355835,-9.73800277709961,-0.35303938388824463
1776636209741.2524,0.19613298773765564,-9.718389511108398,-0.35303938388824463
1776636209751.155,0.19613298773765564,-9.718389511108398,-0.34323275089263916
1776636209761.0583,0.19613298773765564,-9.718389511108398,-0.34323275089263916
1776636209770.962,0.19613298773765564,-9.718389511108398,-0.35303938388824463
1776636209780.8652,0.19613298773765564,-9.728196144104004,-0.35303938388824463
1776636209790.7676,0.19613298773765564,-9.75761604309082,-0.35303938388824463
1776636209800.6711,0.18632633984088898,-9.747809410095215,-0.35303938388824463
1776636209810.5735,0.19613298773765564,-9.75761604309082,-0.35303938388824463
1776636209820.477,0.2059396505355835,-9.728196144104004,-0.35303938388824463
1776636209830.3794,0.2059396505355835,-9.718389511108398,-0.35303938388824463
1776636209840.283,0.19613298773765564,-9.728196144104004,-0.35303938388824463
1776636209850.1853,0.19613298773765564,-9.718389511108398,-0.35303938388824463
1776636209860.0876,0.17651969194412231,-9.73800277709961,-0.3628460466861725
1776636209869.9893,0.18632633984088898,-9.75761604309082,-0.35303938388824463
1776636209879.8926,0.2059396505355835,-9.747809410095215,-0.3628460466861725
1776636209889.7952,0.19613298773765564,-9.73800277709961,-0.35303938388824463
1776636209899.6975,0.19613298773765564,-9.73800277709961,-0.35303938388824463
1776636209909.6008,0.2059396505355835,-9.728196144104004,-0.3628460466861725
1776636209919.5054,0.2059396505355835,-9.728196144104004,-0.35303938388824463
1776636209929.41,0.2059396505355835,-9.73800277709961,-0.3628460466861725
1776636209939.3132,0.19613298773765564,-9.73800277709961,-0.35303938388824463
1776636209949.2168,0.18632633984088898,-9.75761604309082,-0.3628460466861725
1776636209959.121,0.19613298773765564,-9.747809410095215,-0.3628460466861725
1776636209969.0247,0.2059396505355835,-9.73800277709961,-0.35303938388824463
1776636209978.928,0.19613298773765564,-9.73800277709961,-0.35303938388824463
1776636209988.8315,0.18632633984088898,-9.718389511108398,-0.35303938388824463
1776636209998.735,0.19613298773765564,-9.708582878112793,-0.35303938388824463
1776636210008.6384,0.19613298773765564,-9.728196144104004,-0.35303938388824463
1776636210018.541,0.19613298773765564,-9.75761604309082,-0.35303938388824463
1776636210028.4443,0.19613298773765564,-9.75761604309082,-0.35303938388824463
1776636210038.348,0.19613298773765564,-9.73800277709961,-0.35303938388824463
1776636210048.2502,0.19613298773765564,-9.747809410095215,-0.34323275089263916
1776636210058.1548,0.21574629843235016,-9.747809410095215,-0.35303938388824463
1776636210068.0593,0.2059396505355835,-9.718389511108398,-0.37265267968177795
1776636210077.9617,0.2059396505355835,-9.718389511108398,-0.35303938388824463
1776636210087.8652,0.19613298773765564,-9.718389511108398,-0.34323275089263916
1776636210097.7686,0.19613298773765564,-9.728196144104004,-0.3628460466861725
1776636210107.673,0.18632633984088898,-9.747809410095215,-0.3628460466861725
1776636210117.5767,0.18632633984088898,-9.767423629760742,-0.35303938388824463
1776636210127.481,0.2059396505355835,-9.747809410095215,-0.34323275089263916
1776636210137.3835,0.18632633984088898,-9.73800277709961,-0.35303938388824463
1776636210147.287,0.18632633984088898,-9.728196144104004,-0.35303938388824463
1776636210157.1895,0.21574629843235016,-9.718389511108398,-0.35303938388824463
1776636210167.093,0.2059396505355835,-9.708582878112793,-0.34323275089263916
1776636210176.9963,0.18632633984088898,-9.728196144104004,-0.35303938388824463
1776636210186.901,0.19613298773765564,-9.747809410095215,-0.35303938388824463
1776636210196.8054,0.2059396505355835,-9.767423629760742,-0.35303938388824463
1776636210206.709,0.19613298773765564,-9.73800277709961,-0.3628460466861725
1776636210216.6123,0.19613298773765564,-9.747809410095215,-0.35303938388824463
1776636210226.5168,0.2059396505355835,-9.747809410095215,-0.35303938388824463
1776636210236.4204,0.19613298773765564,-9.728196144104004,-0.35303938388824463
1776636210246.3237,0.2059396505355835,-9.728196144104004,-0.35303938388824463
1776636210256.2273,0.2059396505355835,-9.728196144104004,-0.34323275089263916
1776636210266.1309,0.2059396505355835,-9.747809410095215,-0.35303938388824463
1776636210276.0344,0.19613298773765564,-9.747809410095215,-0.35303938388824463
1776636210285.9377,0.19613298773765564,-9.747809410095215,-0.35303938388824463
1776636210295.8403,0.19613298773765564,-9.747809410095215,-0.35303938388824463
1776636210305.744,0.19613298773765564,-9.73800277709961,-0.35303938388824463
1776636210315.6482,0.19613298773765564,-9.747809410095215,-0.3628460466861725
1776636210325.5518,0.18632633984088898,-9.75761604309082,-0.35303938388824463
1776636210335.4553,0.18632633984088898,-9.73800277709961,-0.3628460466861725
1776636210345.359,0.19613298773765564,-9.747809410095215,-0.35303938388824463
1776636210355.2632,0.19613298773765564,-9.747809410095215,-0.3628460466861725
1776636210365.1658,0.2059396505355835,-9.73800277709961,-0.35303938388824463
1776636210375.0693,0.17651969194412231,-9.728196144104004,-0.3628460466861725
1776636210384.972,0.19613298773765564,-9.747809410095215,-0.35303938388824463
1776636210394.8752,0.19613298773765564,-9.75761604309082,-0.3628460466861725
1776636210404.7778,0.19613298773765564,-9.767423629760742,-0.3628460466861725
1776636210414.6824,0.2059396505355835,-9.747809410095215,-0.3628460466861725
1776636210424.585,0.2059396505355835,-9.73800277709961,-0.35303938388824463
1776636210434.4883,0.2059396505355835,-9.728196144104004,-0.35303938388824463
1776636210444.3918,0.2059396505355835,-9.708582878112793,-0.3628460466861725
1776636210454.2954,0.2059396505355835,-9.728196144104004,-0.3628460466861725
1776636210464.198,0.18632633984088898,-9.73800277709961,-0.3628460466861725
1776636210474.1013,0.18632633984088898,-9.75761604309082,-0.34323275089263916
1776636210484.0056,0.19613298773765564,-9.75761604309082,-0.35303938388824463
1776636210493.9097,0.18632633984088898,-9.747809410095215,-0.35303938388824463
1776636210503.8127,0.2059396505355835,-9.73800277709961,-0.35303938388824463
1776636210513.7158,0.19613298773765564,-9.728196144104004,-0.35303938388824463
1776636210523.619,0.19613298773765564,-9.728196144104004,-0.35303938388824463
1776636210533.522,0.18632633984088898,-9.73800277709961,-0.35303938388824463
1776636210543.4243,0.19613298773765564,-9.747809410095215,-0.3628460466861725
1776636210553.3264,0.2059396505355835,-9.73800277709961,-0.35303938388824463
1776636210563.2292,0.2059396505355835,-9.747809410095215,-0.35303938388824463
1776636210573.1313,0.19613298773765564,-9.728196144104004,-0.3628460466861725
1776636210583.0342,0.18632633984088898,-9.728196144104004,-0.34323275089263916
1776636210592.9363,0.18632633984088898,-9.708582878112793,-0.34323275089263916
1776636210602.8381,0.18632633984088898,-9.718389511108398,-0.3628460466861725
1776636210612.7412,0.2059396505355835,-9.747809410095215,-0.3628460466861725
1776636210622.644,0.19613298773765564,-9.747809410095215,-0.35303938388824463
1776636210632.5461,0.19613298773765564,-9.75761604309082,-0.3628460466861725
1776636210642.449,0.19613298773765564,-9.747809410095215,-0.3628460466861725
1776636210652.351,0.19613298773765564,-9.728196144104004,-0.35303938388824463
1776636210662.253,0.2059396505355835,-9.718389511108398,-0.3628460466861725
1776636210672.155,0.21574629843235016,-9.718389511108398,-0.35303938388824463
1776636210682.0588,0.19613298773765564,-9.73800277709961,-0.3628460466861725
1776636210691.962,0.19613298773765564,-9.747809410095215,-0.3628460466861725
1776636210701.865,0.18632633984088898,-9.728196144104004,-0.3628460466861725
1776636210711.7678,0.19613298773765564,-9.73800277709961,-0.3628460466861725
1776636210721.671,0.18632633984088898,-9.728196144104004,-0.3628460466861725
1776636210731.5737,0.19613298773765564,-9.718389511108398,-0.35303938388824463
1776636210741.4768,0.19613298773765564,-9.728196144104004,-0.35303938388824463
1776636210751.3796,0.19613298773765564,-9.73800277709961,-0.3628460466861725
1776636210761.2827,0.19613298773765564,-9.73800277709961,-0.3628460466861725
1776636210771.1855,0.19613298773765564,-9.728196144104004,-0.34323275089263916
1776636210781.0886,0.2059396505355835,-9.73800277709961,-0.35303938388824463
1776636210790.9915,0.19613298773765564,-9.728196144104004,-0.3628460466861725
1776636210800.8955,0.18632633984088898,-9.728196144104004,-0.3628460466861725
1776636210810.7986,0.18632633984088898,-9.73800277709961,-0.34323275089263916
1776636210820.7024,0.19613298773765564,-9.73800277709961,-0.35303938388824463
1776636210830.6064,0.19613298773765564,-9.73800277709961,-0.3628460466861725
1776636210840.5105,0.19613298773765564,-9.747809410095215,-0.3628460466861725
1776636210850.4143,0.18632633984088898,-9.747809410095215,-0.3628460466861725
1776636210860.3184,0.2059396505355835,-9.73800277709961,-0.3628460466861725
1776636210870.2222,0.18632633984088898,-9.728196144104004,-0.3628460466861725
1776636210880.1252,0.2059396505355835,-9.708582878112793,-0.3628460466861725
1776636210890.028,0.19613298773765564,-9.73800277709961,-0.35303938388824463
1776636210899.9302,0.19613298773765564,-9.747809410095215,-0.35303938388824463
1776636210909.833,0.18632633984088898,-9.747809410095215,-0.35303938388824463
1776636210919.737,0.19613298773765564,-9.747809410095215,-0.3628460466861725
1776636210929.639,0.19613298773765564,-9.747809410095215,-0.3628460466861725
1776636210939.542,0.19613298773765564,-9.718389511108398,-0.3628460466861725
1776636210949.446,0.19613298773765564,-9.708582878112793,-0.34323275089263916
1776636210959.3489,0.19613298773765564,-9.73800277709961,-0.35303938388824463
1776636210969.252,0.19613298773765564,-9.747809410095215,-0.3628460466861725
1776636210979.1548,0.19613298773765564,-9.75761604309082,-0.34323275089263916
1776636210989.0588,0.18632633984088898,-9.75761604309082,-0.35303938388824463
1776636210998.9617,0.19613298773765564,-9.728196144104004,-0.35303938388824463
1776636211008.8638,0.19613298773765564,-9.73800277709961,-0.3628460466861725
1776636211018.7676,0.19613298773765564,-9.73800277709961,-0.3628460466861725
1776636211028.6707,0.19613298773765564,-9.728196144104004,-0.35303938388824463
1776636211038.5735,0.2059396505355835,-9.728196144104004,-0.35303938388824463
1776636211048.4756,0.19613298773765564,-9.747809410095215,-0.35303938388824463
1776636211058.3784,0.19613298773765564,-9.75761604309082,-0.35303938388824463
1776636211068.2825,0.19613298773765564,-9.73800277709961,-0.3628460466861725
1776636211078.1855,0.19613298773765564,-9.747809410095215,-0.3628460466861725
1776636211088.0884,0.18632633984088898,-9.718389511108398,-0.35303938388824463
1776636211097.9902,0.2059396505355835,-9.747809410095215,-0.34323275089263916
1776636211107.8933,0.2059396505355835,-9.747809410095215,-0.35303938388824463
1776636211117.7974,0.19613298773765564,-9.728196144104004,-0.35303938388824463
1776636211127.7002,0.18632633984088898,-9.73800277709961,-0.37265267968177795
1776636211137.6033,0.19613298773765564,-9.747809410095215,-0.35303938388824463
1776636211147.507,0.19613298773765564,-9.728196144104004,-0.35303938388824463
1776636211157.4111,0.19613298773765564,-9.718389511108398,-0.34323275089263916
1776636211167.315,0.2059396505355835,-9.73800277709961,-0.3628460466861725
1776636211177.219,0.19613298773765564,-9.73800277709961,-0.35303938388824463
1776636211187.123,0.18632633984088898,-9.73800277709961,-0.35303938388824463
1776636211197.025,0.18632633984088898,-9.747809410095215,-0.35303938388824463
1776636211206.928,0.18632633984088898,-9.73800277709961,-0.35303938388824463
1776636211216.8308,0.19613298773765564,-9.73800277709961,-0.3628460466861725
1776636211226.7327,0.2059396505355835,-9.73800277709961,-0.35303938388824463
1776636211236.6357,0.2059396505355835,-9.73800277709961,-0.35303938388824463
1776636211246.5386,0.19613298773765564,-9.73800277709961,-0.35303938388824463
1776636211256.4417,0.19613298773765564,-9.747809410095215,-0.3628460466861725
1776636211266.3435,0.19613298773765564,-9.73800277709961,-0.3628460466861725
1776636211276.2456,0.18632633984088898,-9.728196144104004,-0.37265267968177795
1776636211286.1475,0.18632633984088898,-9.73800277709961,-0.34323275089263916
1776636211296.0496,0.18632633984088898,-9.73800277709961,-0.35303938388824463
1776636211305.9524,0.19613298773765564,-9.728196144104004,-0.35303938388824463
1776636211315.8555,0.18632633984088898,-9.728196144104004,-0.3628460466861725
1776636211325.7573,0.19613298773765564,-9.73800277709961,-0.3628460466861725
1776636211335.6602,0.19613298773765564,-9.728196144104004,-0.34323275089263916
1776636211345.5632,0.21574629843235016,-9.73800277709961,-0.35303938388824463
1776636211355.466,0.19613298773765564,-9.747809410095215,-0.35303938388824463
1776636211365.3691,0.19613298773765564,-9.73800277709961,-0.35303938388824463
1776636211375.2732,0.19613298773765564,-9.718389511108398,-0.35303938388824463
1776636211385.176,0.2059396505355835,-9.73800277709961,-0.35303938388824463
1776636211395.0789,0.19613298773765564,-9.73800277709961,-0.3628460466861725
1776636211404.982,0.18632633984088898,-9.728196144104004,-0.35303938388824463
1776636211414.886,0.18632633984088898,-9.718389511108398,-0.35303938388824463
1776636211424.7888,0.19613298773765564,-9.73800277709961,-0.3628460466861725
1776636211434.692,0.2059396505355835,-9.747809410095215,-0.35303938388824463
1776636211444.5938,0.19613298773765564,-9.73800277709961,-0.3628460466861725
1776636211454.4966,0.18632633984088898,-9.75761604309082,-0.35303938388824463
1776636211464.3987,0.2059396505355835,-9.747809410095215,-0.35303938388824463
1776636211474.3005,0.19613298773765564,-9.73800277709961,-0.35303938388824463
1776636211484.2026,0.18632633984088898,-9.728196144104004,-0.34323275089263916
1776636211494.1047,0.18632633984088898,-9.73800277709961,-0.35303938388824463
1776636211504.0078,0.17651969194412231,-9.728196144104004,-0.35303938388824463
1776636211513.9119,0.18632633984088898,-9.73800277709961,-0.3628460466861725
1776636211523.815,0.19613298773765564,-9.73800277709961,-0.35303938388824463
1776636211533.718,0.19613298773765564,-9.73800277709961,-0.35303938388824463
1776636211543.62,0.19613298773765564,-9.728196144104004,-0.35303938388824463
1776636211553.5232,0.19613298773765564,-9.718389511108398,-0.35303938388824463
1776636211563.4253,0.2059396505355835,-9.728196144104004,-0.3628460466861725
1776636211573.3284,0.19613298773765564,-9.728196144104004,-0.3628460466861725
1776636211583.2324,0.19613298773765564,-9.747809410095215,-0.35303938388824463
1776636211593.1357,0.2059396505355835,-9.747809410095215,-0.35303938388824463
1776636211603.0388,0.2059396505355835,-9.747809410095215,-0.35303938388824463
1776636211612.942,0.19613298773765564,-9.747809410095215,-0.35303938388824463
1776636211622.846,0.18632633984088898,-9.73800277709961,-0.34323275089263916
1776636211632.749,0.19613298773765564,-9.73800277709961,-0.3628460466861725
1776636211642.652,0.18632633984088898,-9.747809410095215,-0.35303938388824463
1776636211652.5562,0.18632633984088898,-9.728196144104004,-0.35303938388824463
1776636211662.4592,0.2059396505355835,-9.728196144104004,-0.34323275089263916
1776636211672.3613,0.2059396505355835,-9.75761604309082,-0.3628460466861725
1776636211682.2644,0.19613298773765564,-9.747809410095215,-0.3628460466861725
1776636211692.1675,0.19613298773765564,-9.73800277709961,-0.3628460466861725
1776636211702.0706,0.19613298773765564,-9.73800277709961,-0.3628460466861725
1776636211711.9736,0.18632633984088898,-9.728196144104004,-0.35303938388824463
1776636211721.8767,0.19613298773765564,-9.718389511108398,-0.3628460466861725
1776636211731.781,0.19613298773765564,-9.718389511108398,-0.37265267968177795
1776636211741.684,0.19613298773765564,-9.728196144104004,-0.3628460466861725
1776636211751.5881,0.2059396505355835,-9.73800277709961,-0.35303938388824463
1776636211761.4922,0.2059396505355835,-9.728196144104004,-0.37265267968177795
1776636211771.3953,0.19613298773765564,-9.73800277709961,-0.35303938388824463
1776636211781.2993,0.19613298773765564,-9.747809410095215,-0.35303938388824463
1776636211791.2024,0.2059396505355835,-9.73800277709961,-0.35303938388824463
1776636211801.1064,0.18632633984088898,-9.728196144104004,-0.35303938388824463
1776636211811.0117,0.18632633984088898,-9.73800277709961,-0.34323275089263916
1776636211820.9148,0.18632633984088898,-9.747809410095215,-0.3334260880947113
1776636211830.8179,0.18632633984088898,-9.747809410095215,-0.34323275089263916
1776636211840.722,0.2059396505355835,-9.73800277709961,-0.35303938388824463
1776636211850.626,0.19613298773765564,-9.73800277709961,-0.35303938388824463
1776636211860.53,0.19613298773765564,-9.747809410095215,-0.34323275089263916
1776636211870.434,0.19613298773765564,-9.728196144104004,-0.35303938388824463
1776636211880.3384,0.19613298773765564,-9.73800277709961,-0.35303938388824463
1776636211890.2424,0.19613298773765564,-9.728196144104004,-0.34323275089263916
1776636211900.1475,0.19613298773765564,-9.73800277709961,-0.37265267968177795
1776636211910.0505,0.19613298773765564,-9.728196144104004,-0.3628460466861725
1776636211919.9546,0.2059396505355835,-9.718389511108398,-0.35303938388824463
1776636211929.8577,0.18632633984088898,-9.718389511108398,-0.3628460466861725
1776636211939.7607,0.2059396505355835,-9.73800277709961,-0.37265267968177795
1776636211949.6638,0.2059396505355835,-9.73800277709961,-0.3628460466861725
1776636211959.5671,0.19613298773765564,-9.718389511108398,-0.34323275089263916
1776636211969.4702,0.19613298773765564,-9.747809410095215,-0.3628460466861725
1776636211979.3733,0.19613298773765564,-9.73800277709961,-0.35303938388824463
1776636211989.2773,0.2059396505355835,-9.728196144104004,-0.35303938388824463
1776636211999.1804,0.2059396505355835,-9.73800277709961,-0.35303938388824463
1776636212009.0835,0.19613298773765564,-9.708582878112793,-0.3628460466861725
1776636212018.9866,0.18632633984088898,-9.718389511108398,-0.3628460466861725
1776636212028.8906,0.2059396505355835,-9.75761604309082,-0.35303938388824463
1776636212038.7937,0.19613298773765564,-9.75761604309082,-0.37265267968177795
1776636212048.6968,0.19613298773765564,-9.747809410095215,-0.3628460466861725
1776636212058.6008,0.2059396505355835,-9.728196144104004,-0.35303938388824463
1776636212068.5051,0.19613298773765564,-9.73800277709961,-0.35303938388824463
1776636212078.4082,0.21574629843235016,-9.728196144104004,-0.34323275089263916
1776636212088.3123,0.2059396505355835,-9.718389511108398,-0.3628460466861725
1776636212098.2153,0.19613298773765564,-9.728196144104004,-0.3628460466861725
1776636212108.1194,0.19613298773765564,-9.73800277709961,-0.35303938388824463
1776636212118.0234,0.19613298773765564,-9.75761604309082,-0.35303938388824463
1776636212127.9275,0.18632633984088898,-9.75761604309082,-0.34323275089263916
1776636212137.8306,0.19613298773765564,-9.747809410095215,-0.35303938388824463
1776636212147.734,0.19613298773765564,-9.728196144104004,-0.37265267968177795
1776636212157.638,0.19613298773765564,-9.708582878112793,-0.34323275089263916
1776636212167.541,0.19613298773765564,-9.718389511108398,-0.35303938388824463
1776636212177.445,0.18632633984088898,-9.747809410095215,-0.34323275089263916
1776636212187.349,0.18632633984088898,-9.73800277709961,-0.35303938388824463
1776636212197.2532,0.19613298773765564,-9.73800277709961,-0.35303938388824463
1776636212207.1562,0.2059396505355835,-9.747809410095215,-0.3628460466861725
1776636212217.0603,0.18632633984088898,-9.747809410095215,-0.35303938388824463
1776636212226.9636,0.19613298773765564,-9.747809410095215,-0.34323275089263916
1776636212236.8677,0.21574629843235016,-9.73800277709961,-0.3628460466861725
1776636212246.7717,0.2059396505355835,-9.718389511108398,-0.3628460466861725
1776636212256.6738,0.19613298773765564,-9.728196144104004,-0.3628460466861725
1776636212266.578,0.19613298773765564,-9.73800277709961,-0.35303938388824463
1776636212276.481,0.2059396505355835,-9.747809410095215,-0.35303938388824463
1776636212286.384,0.19613298773765564,-9.747809410095215,-0.35303938388824463
1776636212296.287,0.19613298773765564,-9.747809410095215,-0.35303938388824463
1776636212306.1902,0.19613298773765564,-9.747809410095215,-0.3628460466861725
1776636212316.0933,0.2059396505355835,-9.728196144104004,-0.3628460466861725
1776636212325.9963,0.18632633984088898,-9.73800277709961,-0.35303938388824463
1776636212335.8994,0.19613298773765564,-9.718389511108398,-0.35303938388824463
1776636212345.8027,0.19613298773765564,-9.728196144104004,-0.35303938388824463
1776636212355.7058,0.18632633984088898,-9.747809410095215,-0.37265267968177795
1776636212365.609,0.2059396505355835,-9.747809410095215,-0.3628460466861725
1776636212375.512,0.19613298773765564,-9.728196144104004,-0.35303938388824463
1776636212385.415,0.18632633984088898,-9.728196144104004,-0.35303938388824463
1776636212395.318,0.19613298773765564,-9.73800277709961,-0.3628460466861725
1776636212405.2212,0.2059396505355835,-9.718389511108398,-0.3628460466861725
1776636212415.1252,0.19613298773765564,-9.73800277709961,-0.35303938388824463
1776636212425.0283,0.19613298773765564,-9.73800277709961,-0.3628460466861725
1776636212434.9324,0.19613298773765564,-9.747809410095215,-0.35303938388824463
1776636212444.8364,0.19613298773765564,-9.747809410095215,-0.35303938388824463
1776636212454.7397,0.18632633984088898,-9.73800277709961,-0.34323275089263916
1776636212464.6428,0.19613298773765564,-9.718389511108398,-0.35303938388824463
1776636212474.5469,0.19613298773765564,-9.718389511108398,-0.34323275089263916
1776636212484.45,0.2059396505355835,-9.718389511108398,-0.34323275089263916
1776636212494.353,0.19613298773765564,-9.728196144104004,-0.3628460466861725
1776636212504.256,0.18632633984088898,-9.75761604309082,-0.35303938388824463
1776636212514.1592,0.19613298773765564,-9.73800277709961,-0.35303938388824463
1776636212524.0632,0.19613298773765564,-9.73800277709961,-0.35303938388824463
1776636212533.9663,0.19613298773765564,-9.728196144104004,-0.3628460466861725
1776636212543.8672,0.19613298773765564,-9.73800277709961,-0.35303938388824463
1776636212553.77,0.2059396505355835,-9.728196144104004,-0.3628460466861725
1776636212563.6729,0.19613298773765564,-9.747809410095215,-0.3628460466861725
1776636212573.5767,0.18632633984088898,-9.73800277709961,-0.3628460466861725
1776636212583.4795,0.19613298773765564,-9.718389511108398,-0.3628460466861725
1776636212593.3835,0.19613298773765564,-9.747809410095215,-0.35303938388824463
1776636212603.2874,0.19613298773765564,-9.73800277709961,-0.3628460466861725
1776636212613.1912,0.19613298773765564,-9.747809410095215,-0.3628460466861725
1776636212623.0952,0.18632633984088898,-9.747809410095215,-0.35303938388824463
1776636212632.999,0.19613298773765564,-9.73800277709961,-0.35303938388824463
1776636212642.9019,0.18632633984088898,-9.73800277709961,-0.34323275089263916
1776636212652.8057,0.17651969194412231,-9.728196144104004,-0.3334260880947113
1776636212662.7085,0.18632633984088898,-9.728196144104004,-0.35303938388824463
1776636212672.6116,0.19613298773765564,-9.73800277709961,-0.34323275089263916
1776636212682.5154,0.17651969194412231,-9.747809410095215,-0.35303938388824463
1776636212692.4182,0.18632633984088898,-9.747809410095215,-0.3628460466861725
1776636212702.321,0.2059396505355835,-9.73800277709961,-0.34323275089263916
1776636212712.2239,0.18632633984088898,-9.728196144104004,-0.35303938388824463
1776636212722.1267,0.18632633984088898,-9.747809410095215,-0.3628460466861725
1776636212732.0298,0.2059396505355835,-9.747809410095215,-0.35303938388824463
1776636212741.9336,0.19613298773765564,-9.747809410095215,-0.34323275089263916
1776636212751.8374,0.2059396505355835,-9.747809410095215,-0.35303938388824463
1776636212761.7402,0.19613298773765564,-9.73800277709961,-0.34323275089263916
1776636212771.643,0.2059396505355835,-9.728196144104004,-0.35303938388824463
1776636212781.546,0.2059396505355835,-9.718389511108398,-0.3628460466861725
1776636212791.45,0.19613298773765564,-9.73800277709961,-0.37265267968177795
1776636212801.3518,0.2059396505355835,-9.73800277709961,-0.35303938388824463
1776636212811.2556,0.19613298773765564,-9.73800277709961,-0.3628460466861725
1776636212821.1584,0.19613298773765564,-9.728196144104004,-0.3628460466861725
1776636212831.0623,0.18632633984088898,-9.73800277709961,-0.3628460466861725
1776636212840.966,0.19613298773765564,-9.73800277709961,-0.35303938388824463
1776636212850.87,0.19613298773765564,-9.728196144104004,-0.3628460466861725
1776636212860.773,0.2059396505355835,-9.728196144104004,-0.3628460466861725
1776636212870.6768,0.19613298773765564,-9.747809410095215,-0.35303938388824463
1776636212880.5796,0.19613298773765564,-9.75761604309082,-0.35303938388824463
1776636212890.4834,0.18632633984088898,-9.73800277709961,-0.35303938388824463
1776636212900.3875,0.19613298773765564,-9.73800277709961,-0.3628460466861725
1776636212910.2913,0.19613298773765564,-9.73800277709961,-0.34323275089263916
1776636212920.195,0.19613298773765564,-9.73800277709961,-0.35303938388824463
1776636212930.0999,0.19613298773765564,-9.728196144104004,-0.3628460466861725
1776636212940.005,0.19613298773765564,-9.747809410095215,-0.35303938388824463
1776636212949.9087,0.19613298773765564,-9.73800277709961,-0.35303938388824463
1776636212959.8135,0.19613298773765564,-9.73800277709961,-0.3628460466861725
1776636212969.7163,0.19613298773765564,-9.73800277709961,-0.35303938388824463
1776636212979.62,0.19613298773765564,-9.728196144104004,-0.35303938388824463
1776636212989.524,0.18632633984088898,-9.747809410095215,-0.35303938388824463
1776636212999.427,0.19613298773765564,-9.73800277709961,-0.3628460466861725
1776636213009.3298,0.18632633984088898,-9.747809410095215,-0.35303938388824463
1776636213019.2336,0.18632633984088898,-9.73800277709961,-0.35303938388824463
1776636213029.1365,0.2059396505355835,-9.747809410095215,-0.35303938388824463
1776636213039.0403,0.19613298773765564,-9.747809410095215,-0.35303938388824463
1776636213048.944,0.17651969194412231,-9.728196144104004,-0.35303938388824463
1776636213058.848,0.19613298773765564,-9.728196144104004,-0.35303938388824463
1776636213068.752,0.19613298773765564,-9.747809410095215,-0.34323275089263916
1776636213078.6558,0.2059396505355835,-9.73800277709961,-0.34323275089263916
1776636213088.5596,0.19613298773765564,-9.73800277709961,-0.3628460466861725
1776636213098.4634,0.18632633984088898,-9.747809410095215,-0.35303938388824463
1776636213108.3672,0.18632633984088898,-9.728196144104004,-0.35303938388824463
1776636213118.271,0.2059396505355835,-9.718389511108398,-0.35303938388824463
1776636213128.177,0.18632633984088898,-9.73800277709961,-0.35303938388824463
1776636213138.0808,0.19613298773765564,-9.75761604309082,-0.3628460466861725
1776636213147.9856,0.18632633984088898,-9.728196144104004,-0.35303938388824463
1776636213157.8894,0.18632633984088898,-9.728196144104004,-0.35303938388824463
1776636213167.7942,0.19613298773765564,-9.728196144104004,-0.35303938388824463
1776636213177.6982,0.19613298773765564,-9.718389511108398,-0.35303938388824463
1776636213187.602,0.2059396505355835,-9.747809410095215,-0.3628460466861725
1776636213197.5059,0.19613298773765564,-9.73800277709961,-0.35303938388824463
1776636213207.4106,0.18632633984088898,-9.73800277709961,-0.35303938388824463
1776636213217.3145,0.21574629843235016,-9.73800277709961,-0.3334260880947113
1776636213227.2192,0.19613298773765564,-9.747809410095215,-0.34323275089263916
1776636213237.122,0.18632633984088898,-9.73800277709961,-0.35303938388824463
1776636213247.027,0.19613298773765564,-9.718389511108398,-0.3628460466861725
1776636213256.931,0.19613298773765564,-9.73800277709961,-0.35303938388824463
1776636213266.8347,0.18632633984088898,-9.747809410095215,-0.3628460466861725
1776636213276.7395,0.19613298773765564,-9.747809410095215,-0.35303938388824463
1776636213286.6433,0.19613298773765564,-9.73800277709961,-0.3628460466861725
1776636213296.547,0.18632633984088898,-9.728196144104004,-0.3628460466861725
1776636213306.451,0.19613298773765564,-9.728196144104004,-0.35303938388824463
1776636213316.3547,0.18632633984088898,-9.747809410095215,-0.34323275089263916
1776636213326.2576,0.19613298773765564,-9.747809410095215,-0.35303938388824463
1776636213336.1604,0.19613298773765564,-9.73800277709961,-0.35303938388824463
1776636213346.0645,0.19613298773765564,-9.718389511108398,-0.35303938388824463
1776636213355.9683,0.18632633984088898,-9.747809410095215,-0.35303938388824463
1776636213365.873,0.19613298773765564,-9.75761604309082,-0.3628460466861725
1776636213375.7769,0.2059396505355835,-9.73800277709961,-0.35303938388824463
1776636213385.6807,0.19613298773765564,-9.747809410095215,-0.34323275089263916
1776636213395.5854,0.19613298773765564,-9.718389511108398,-0.35303938388824463
1776636213405.4883,0.2059396505355835,-9.73800277709961,-0.3628460466861725
1776636213415.393,0.18632633984088898,-9.728196144104004,-0.35303938388824463
1776636213425.2969,0.19613298773765564,-9.73800277709961,-0.34323275089263916
1776636213435.201,0.19613298773765564,-9.75761604309082,-0.35303938388824463
1776636213445.1047,0.19613298773765564,-9.728196144104004,-0.35303938388824463
1776636213455.0095,0.19613298773765564,-9.73800277709961,-0.37265267968177795
1776636213464.9133,0.19613298773765564,-9.747809410095215,-0.3628460466861725
1776636213474.8171,0.18632633984088898,-9.728196144104004,-0.3628460466861725
1776636213484.721,0.19613298773765564,-9.728196144104004,-0.35303938388824463
1776636213494.625,0.19613298773765564,-9.728196144104004,-0.35303938388824463
1776636213504.529,0.19613298773765564,-9.73800277709961,-0.34323275089263916
1776636213514.434,0.19613298773765564,-9.728196144104004,-0.35303938388824463
1776636213524.3381,0.18632633984088898,-9.73800277709961,-0.35303938388824463
1776636213534.2432,0.19613298773765564,-9.75761604309082,-0.34323275089263916
1776636213544.1465,0.2059396505355835,-9.73800277709961,-0.35303938388824463
1776636213554.0515,0.18632633984088898,-9.728196144104004,-0.3628460466861725
1776636213563.9553,0.19613298773765564,-9.728196144104004,-0.35303938388824463
1776636213573.8604,0.19613298773765564,-9.718389511108398,-0.3628460466861725
1776636213583.7642,0.19613298773765564,-9.747809410095215,-0.3628460466861725
1776636213593.6692,0.2059396505355835,-9.73800277709961,-0.35303938388824463
1776636213603.5732,0.19613298773765564,-9.73800277709961,-0.3628460466861725
1776636213613.476,0.19613298773765564,-9.747809410095215,-0.3628460466861725
1776636213623.38,0.18632633984088898,-9.73800277709961,-0.35303938388824463
1776636213633.284,0.18632633984088898,-9.73800277709961,-0.35303938388824463
1776636213643.1868,0.2059396505355835,-9.728196144104004,-0.35303938388824463
1776636213653.0908,0.19613298773765564,-9.728196144104004,-0.35303938388824463
1776636213662.9946,0.19613298773765564,-9.73800277709961,-0.3628460466861725
1776636213672.8987,0.19613298773765564,-9.747809410095215,-0.35303938388824463
1776636213682.8025,0.19613298773765564,-9.75761604309082,-0.35303938388824463
1776636213692.7065,0.2059396505355835,-9.728196144104004,-0.3628460466861725
1776636213702.6104,0.19613298773765564,-9.728196144104004,-0.3628460466861725
1776636213712.5142,0.19613298773765564,-9.728196144104004,-0.35303938388824463
1776636213722.4182,0.2059396505355835,-9.728196144104004,-0.3628460466861725
1776636213732.322,0.2059396505355835,-9.73800277709961,-0.3628460466861725
1776636213742.226,0.18632633984088898,-9.747809410095215,-0.35303938388824463
1776636213752.1309,0.19613298773765564,-9.747809410095215,-0.3628460466861725
1776636213762.036,0.19613298773765564,-9.75761604309082,-0.35303938388824463
1776636213771.9397,0.18632633984088898,-9.728196144104004,-0.3628460466861725
1776636213781.8438,0.18632633984088898,-9.728196144104004,-0.35303938388824463
1776636213791.7485,0.18632633984088898,-9.73800277709961,-0.35303938388824463
1776636213801.6536,0.18632633984088898,-9.73800277709961,-0.3628460466861725
1776636213811.5574,0.19613298773765564,-9.747809410095215,-0.34323275089263916
1776636213821.4614,0.18632633984088898,-9.747809410095215,-0.34323275089263916
1776636213831.3643,0.18632633984088898,-9.73800277709961,-0.35303938388824463
1776636213841.268,0.19613298773765564,-9.73800277709961,-0.3628460466861725
1776636213851.172,0.2059396505355835,-9.747809410095215,-0.3628460466861725
1776636213861.076,0.19613298773765564,-9.73800277709961,-0.3628460466861725
1776636213870.979,0.19613298773765564,-9.747809410095215,-0.3628460466861725
1776636213880.8828,0.19613298773765564,-9.73800277709961,-0.35303938388824463
1776636213890.7866,0.19613298773765564,-9.747809410095215,-0.34323275089263916
1776636213900.6917,0.2059396505355835,-9.747809410095215,-0.35303938388824463
1776636213910.5955,0.19613298773765564,-9.73800277709961,-0.35303938388824463
1776636213920.4985,0.19613298773765564,-9.708582878112793,-0.3628460466861725
1776636213930.4033,0.19613298773765564,-9.728196144104004,-0.3628460466861725
1776636213940.3064,0.2059396505355835,-9.747809410095215,-0.35303938388824463
1776636213950.2102,0.21574629843235016,-9.747809410095215,-0.34323275089263916
1776636213960.114,0.19613298773765564,-9.747809410095215,-0.35303938388824463
1776636213970.018,0.18632633984088898,-9.73800277709961,-0.35303938388824463
1776636213979.9219,0.19613298773765564,-9.718389511108398,-0.34323275089263916
1776636213989.826,0.2059396505355835,-9.718389511108398,-0.35303938388824463
1776636213999.7297,0.19613298773765564,-9.73800277709961,-0.34323275089263916
1776636214009.6335,0.19613298773765564,-9.73800277709961,-0.35303938388824463
1776636214019.5376,0.18632633984088898,-9.728196144104004,-0.35303938388824463
1776636214029.4414,0.18632633984088898,-9.73800277709961,-0.35303938388824463
1776636214039.3445,0.2059396505355835,-9.73800277709961,-0.35303938388824463
1776636214049.2483,0.19613298773765564,-9.747809410095215,-0.35303938388824463
1776636214059.152,0.19613298773765564,-9.73800277709961,-0.3628460466861725
1776636214069.0562,0.19613298773765564,-9.718389511108398,-0.34323275089263916
1776636214078.96,0.19613298773765564,-9.728196144104004,-0.35303938388824463
1776636214088.8638,0.18632633984088898,-9.747809410095215,-0.3628460466861725
1776636214098.7688,0.2059396505355835,-9.747809410095215,-0.35303938388824463
1776636214108.6726,0.19613298773765564,-9.747809410095215,-0.35303938388824463
1776636214118.5757,0.18632633984088898,-9.747809410095215,-0.3628460466861725
1776636214128.4785,0.19613298773765564,-9.718389511108398,-0.3628460466861725
1776636214138.3804,0.18632633984088898,-9.728196144104004,-0.3628460466861725
1776636214148.2832,0.19613298773765564,-9.73800277709961,-0.3334260880947113
1776636214158.1873,0.19613298773765564,-9.73800277709961,-0.35303938388824463
1776636214168.09,0.2059396505355835,-9.73800277709961,-0.35303938388824463
1776636214177.994,0.19613298773765564,-9.73800277709961,-0.3628460466861725
1776636214187.897,0.18632633984088898,-9.73800277709961,-0.3628460466861725
1776636214197.7998,0.19613298773765564,-9.73800277709961,-0.35303938388824463
1776636214207.7036,0.19613298773765564,-9.73800277709961,-0.35303938388824463
1776636214217.6067,0.19613298773765564,-9.718389511108398,-0.34323275089263916
1776636214227.5095,0.19613298773765564,-9.728196144104004,-0.35303938388824463
1776636214237.4133,0.19613298773765564,-9.728196144104004,-0.35303938388824463
1776636214247.3164,0.19613298773765564,-9.747809410095215,-0.35303938388824463
1776636214257.2202,0.19613298773765564,-9.75761604309082,-0.35303938388824463
1776636214267.122,0.19613298773765564,-9.75761604309082,-0.35303938388824463
1776636214277.025,0.18632633984088898,-9.73800277709961,-0.35303938388824463
1776636214286.9268,0.19613298773765564,-9.73800277709961,-0.35303938388824463
1776636214296.8289,0.18632633984088898,-9.728196144104004,-0.3628460466861725
1776636214306.7307,0.19613298773765564,-9.747809410095215,-0.3628460466861725
1776636214316.6326,0.19613298773765564,-9.73800277709961,-0.35303938388824463
1776636214326.5354,0.2059396505355835,-9.73800277709961,-0.35303938388824463
1776636214336.4382,0.21574629843235016,-9.73800277709961,-0.35303938388824463
1776636214346.3403,0.19613298773765564,-9.73800277709961,-0.3628460466861725
1776636214356.2432,0.19613298773765564,-9.75761604309082,-0.34323275089263916
1776636214366.146,0.19613298773765564,-9.73800277709961,-0.35303938388824463
1776636214376.0488,0.19613298773765564,-9.73800277709961,-0.3628460466861725
1776636214385.953,0.19613298773765564,-9.73800277709961,-0.3628460466861725
1776636214395.8557,0.19613298773765564,-9.747809410095215,-0.34323275089263916
1776636214405.7595,0.19613298773765564,-9.747809410095215,-0.3334260880947113
1776636214415.6636,0.18632633984088898,-9.728196144104004,-0.3628460466861725
1776636214425.5654,0.19613298773765564,-9.73800277709961,-0.37265267968177795
1776636214435.4692,0.18632633984088898,-9.73800277709961,-0.35303938388824463
1776636214445.372,0.19613298773765564,-9.747809410095215,-0.35303938388824463
1776636214455.2761,0.2059396505355835,-9.73800277709961,-0.3628460466861725
1776636214465.178,0.19613298773765564,-9.728196144104004,-0.35303938388824463
1776636214475.0808,0.18632633984088898,-9.747809410095215,-0.35303938388824463
1776636214484.9836,0.2059396505355835,-9.73800277709961,-0.35303938388824463
1776636214494.8877,0.2059396505355835,-9.73800277709961,-0.35303938388824463
1776636214504.7908,0.19613298773765564,-9.73800277709961,-0.35303938388824463
1776636214514.6938,0.2059396505355835,-9.747809410095215,-0.35303938388824463
1776636214524.598,0.19613298773765564,-9.718389511108398,-0.35303938388824463
1776636214534.5007,0.2059396505355835,-9.718389511108398,-0.35303938388824463
1776636214544.4038,0.21574629843235016,-9.73800277709961,-0.34323275089263916
1776636214554.308,0.19613298773765564,-9.73800277709961,-0.35303938388824463
1776636214564.2112,0.18632633984088898,-9.73800277709961,-0.3628460466861725
1776636214574.1145,0.19613298773765564,-9.75761604309082,-0.3628460466861725
1776636214584.0186,0.19613298773765564,-9.73800277709961,-0.35303938388824463
1776636214593.9219,0.18632633984088898,-9.747809410095215,-0.35303938388824463
1776636214603.825,0.2059396505355835,-9.73800277709961,-0.35303938388824463
1776636214613.7292,0.19613298773765564,-9.728196144104004,-0.35303938388824463
1776636214623.6323,0.19613298773765564,-9.708582878112793,-0.35303938388824463
1776636214633.5356,0.2059396505355835,-9.728196144104004,-0.35303938388824463
1776636214643.4387,0.2059396505355835,-9.728196144104004,-0.35303938388824463
1776636214653.342,0.19613298773765564,-9.728196144104004,-0.35303938388824463
1776636214663.245,0.18632633984088898,-9.728196144104004,-0.3628460466861725
1776636214673.1494,0.18632633984088898,-9.73800277709961,-0.3628460466861725
1776636214683.0535,0.18632633984088898,-9.73800277709961,-0.34323275089263916
1776636214692.9578,0.19613298773765564,-9.718389511108398,-0.35303938388824463
1776636214702.862,0.2059396505355835,-9.73800277709961,-0.3628460466861725
1776636214712.7651,0.18632633984088898,-9.73800277709961,-0.3628460466861725
1776636214722.6704,0.19613298773765564,-9.728196144104004,-0.35303938388824463
1776636214732.5735,0.19613298773765564,-9.73800277709961,-0.35303938388824463
1776636214742.4768,0.19613298773765564,-9.747809410095215,-0.3628460466861725
1776636214752.38,0.19613298773765564,-9.747809410095215,-0.34323275089263916
1776636214762.2842,0.2059396505355835,-9.728196144104004,-0.3334260880947113
1776636214772.1875,0.19613298773765564,-9.728196144104004,-0.34323275089263916
1776636214782.0906,0.19613298773765564,-9.73800277709961,-0.34323275089263916
1776636214791.994,0.19613298773765564,-9.728196144104004,-0.35303938388824463
1776636214801.897,0.19613298773765564,-9.73800277709961,-0.34323275089263916
1776636214811.8003,0.19613298773765564,-9.747809410095215,-0.35303938388824463
1776636214821.7043,0.18632633984088898,-9.73800277709961,-0.35303938388824463
1776636214831.6086,0.19613298773765564,-9.728196144104004,-0.35303938388824463
1776636214841.5127,0.18632633984088898,-9.73800277709961,-0.35303938388824463
1776636214851.417,0.19613298773765564,-9.73800277709961,-0.35303938388824463
1776636214861.3223,0.19613298773765564,-9.73800277709961,-0.34323275089263916
1776636214871.2253,0.19613298773765564,-9.73800277709961,-0.37265267968177795
1776636214881.1296,0.19613298773765564,-9.73800277709961,-0.35303938388824463
1776636214891.034,0.19613298773765564,-9.73800277709961,-0.35303938388824463
1776636214900.937,0.19613298773765564,-9.75761604309082,-0.35303938388824463
1776636214910.8403,0.19613298773765564,-9.75761604309082,-0.35303938388824463
1776636214920.7434,0.2059396505355835,-9.747809410095215,-0.35303938388824463
1776636214930.6477,0.21574629843235016,-9.73800277709961,-0.37265267968177795
1776636214940.5508,0.18632633984088898,-9.728196144104004,-0.3628460466861725
1776636214950.454,0.19613298773765564,-9.728196144104004,-0.35303938388824463
1776636214960.3594,0.2059396505355835,-9.73800277709961,-0.35303938388824463
1776636214970.2634,0.18632633984088898,-9.75761604309082,-0.35303938388824463
1776636214980.1667,0.19613298773765564,-9.747809410095215,-0.35303938388824463
1776636214990.0708,0.19613298773765564,-9.73800277709961,-0.35303938388824463
1776636214999.974,0.19613298773765564,-9.718389511108398,-0.35303938388824463
1776636215009.8774,0.19613298773765564,-9.73800277709961,-0.37265267968177795
1776636215019.7805,0.18632633984088898,-9.73800277709961,-0.37265267968177795
1776636215029.6838,0.19613298773765564,-9.728196144104004,-0.34323275089263916
1776636215039.587,0.19613298773765564,-9.747809410095215,-0.34323275089263916
1776636215049.4902,0.19613298773765564,-9.75761604309082,-0.35303938388824463
1776636215059.3943,0.17651969194412231,-9.747809410095215,-0.35303938388824463
1776636215069.2976,0.19613298773765564,-9.73800277709961,-0.35303938388824463
1776636215079.202,0.2059396505355835,-9.73800277709961,-0.35303938388824463
1776636215089.106,0.19613298773765564,-9.728196144104004,-0.35303938388824463
1776636215099.0103,0.18632633984088898,-9.718389511108398,-0.3334260880947113
1776636215108.9146,0.19613298773765564,-9.728196144104004,-0.35303938388824463
1776636215118.8186,0.19613298773765564,-9.73800277709961,-0.3628460466861725
1776636215128.722,0.19613298773765564,-9.75761604309082,-0.3628460466861725
1776636215138.625,0.19613298773765564,-9.73800277709961,-0.34323275089263916
1776636215148.5293,0.19613298773765564,-9.747809410095215,-0.35303938388824463
1776636215158.4326,0.19613298773765564,-9.747809410095215,-0.3628460466861725
1776636215168.3347,0.19613298773765564,-9.73800277709961,-0.3628460466861725
1776636215178.238,0.18632633984088898,-9.718389511108398,-0.3628460466861725
1776636215188.141,0.19613298773765564,-9.728196144104004,-0.3628460466861725
1776636215198.0444,0.19613298773765564,-9.73800277709961,-0.35303938388824463
1776636215207.9465,0.2059396505355835,-9.728196144104004,-0.34323275089263916
1776636215217.8508,0.2059396505355835,-9.728196144104004,-0.34323275089263916
1776636215227.7542,0.19613298773765564,-9.73800277709961,-0.35303938388824463
1776636215237.6572,0.18632633984088898,-9.73800277709961,-0.3628460466861725
1776636215247.5615,0.18632633984088898,-9.73800277709961,-0.35303938388824463
1776636215257.4658,0.2059396505355835,-9.73800277709961,-0.3628460466861725
1776636215267.369,0.19613298773765564,-9.73800277709961,-0.34323275089263916
1776636215277.2732,0.18632633984088898,-9.73800277709961,-0.34323275089263916
1776636215287.1755,0.18632633984088898,-9.718389511108398,-0.35303938388824463
1776636215297.0767,0.21574629843235016,-9.747809410095215,-0.35303938388824463
1776636215306.98,0.19613298773765564,-9.747809410095215,-0.3628460466861725
1776636215316.883,0.2059396505355835,-9.728196144104004,-0.3628460466861725
1776636215326.7854,0.18632633984088898,-9.728196144104004,-0.35303938388824463
1776636215336.6875,0.19613298773765564,-9.747809410095215,-0.35303938388824463
1776636215346.5908,0.2059396505355835,-9.73800277709961,-0.34323275089263916
1776636215356.494,0.19613298773765564,-9.73800277709961,-0.35303938388824463
1776636215366.3972,0.19613298773765564,-9.73800277709961,-0.35303938388824463
1776636215376.3005,0.18632633984088898,-9.73800277709961,-0.34323275089263916
1776636215386.2036,0.18632633984088898,-9.73800277709961,-0.35303938388824463
1776636215396.107,0.19613298773765564,-9.73800277709961,-0.3628460466861725
1776636215406.01,0.19613298773765564,-9.728196144104004,-0.3628460466861725
1776636215415.9133,0.19613298773765564,-9.718389511108398,-0.35303938388824463
1776636215425.8167,0.17651969194412231,-9.728196144104004,-0.34323275089263916
1776636215435.7197,0.18632633984088898,-9.747809410095215,-0.3628460466861725
1776636215445.624,0.19613298773765564,-9.747809410095215,-0.3628460466861725
1776636215455.5293,0.19613298773765564,-9.73800277709961,-0.34323275089263916
1776636215465.4326,0.19613298773765564,-9.728196144104004,-0.35303938388824463
1776636215475.3367,0.19613298773765564,-9.728196144104004,-0.34323275089263916
1776636215485.241,0.18632633984088898,-9.73800277709961,-0.35303938388824463
1776636215495.1453,0.19613298773765564,-9.73800277709961,-0.37265267968177795
1776636215505.0483,0.18632633984088898,-9.73800277709961,-0.3628460466861725
1776636215514.9526,0.18632633984088898,-9.73800277709961,-0.35303938388824463
1776636215524.857,0.19613298773765564,-9.747809410095215,-0.37265267968177795
1776636215534.7603,0.19613298773765564,-9.73800277709961,-0.3628460466861725
1776636215544.6633,0.19613298773765564,-9.718389511108398,-0.34323275089263916
1776636215554.5657,0.2059396505355835,-9.728196144104004,-0.34323275089263916
1776636215564.4688,0.2059396505355835,-9.747809410095215,-0.35303938388824463
1776636215574.371,0.18632633984088898,-9.728196144104004,-0.35303938388824463
1776636215584.2734,0.18632633984088898,-9.73800277709961,-0.34323275089263916
1776636215594.1755,0.19613298773765564,-9.73800277709961,-0.35303938388824463
1776636215604.0789,0.19613298773765564,-9.73800277709961,-0.34323275089263916
1776636215613.982,0.19613298773765564,-9.73800277709961,-0.35303938388824463
1776636263020.6714,9.826263427734375,-0.156906396150589,-0.27458620071411133
1776636263030.579,9.83607006072998,-0.156906396150589,-0.27458620071411133
1776636263040.4878,9.855683326721191,-0.13729310035705566,-0.3040061295032501
1776636263050.3955,9.875296592712402,-0.08825984597206116,-0.35303938388824463
1776636263060.3042,9.875296592712402,-0.08825984597206116,-0.3334260880947113
1776636263070.212,9.855683326721191,-0.127486452460289,-0.34323275089263916
1776636263080.1196,9.845876693725586,-0.127486452460289,-0.29419949650764465
1776636263090.0273,9.826263427734375,-0.10787314921617508,-0.34323275089263916
1776636263099.936,9.855683326721191,-0.10787314921617508,-0.35303938388824463
1776636263109.845,9.885103225708008,-0.09806649386882782,-0.3334260880947113
1776636263119.7537,9.845876693725586,-0.13729310035705566,-0.27458620071411133
1776636263129.6614,9.826263427734375,-0.16671304404735565,-0.24516624212265015
1776636263139.569,9.83607006072998,-0.127486452460289,-0.27458620071411133
1776636263149.4766,9.83607006072998,-0.11767979711294174,-0.3334260880947113
1776636263159.3855,9.806650161743164,-0.156906396150589,-0.35303938388824463
1776636263169.293,9.875296592712402,-0.05883989855647087,-0.3824593424797058
1776636263179.2007,9.875296592712402,-0.08825984597206116,-0.37265267968177795
1776636263189.1074,9.875296592712402,-0.14709974825382233,-0.34323275089263916
1776636263199.0151,9.894909858703613,-0.0784531980752945,-0.23535959422588348
1776636263208.9229,9.81645679473877,-0.14709974825382233,-0.254972904920578
1776636263218.8306,9.826263427734375,-0.13729310035705566,-0.3040061295032501
1776636263228.7373,9.845876693725586,-0.06864655017852783,-0.3628460466861725
1776636263238.646,9.826263427734375,-0.10787314921617508,-0.3628460466861725
1776636263248.5527,9.826263427734375,-0.16671304404735565,-0.29419949650764465
1776636263258.4604,9.875296592712402,-0.13729310035705566,-0.313812792301178
1776636263268.3672,9.855683326721191,-0.13729310035705566,-0.35303938388824463
1776636263278.2737,9.845876693725586,-0.11767979711294174,-0.35303938388824463
1776636263288.1814,9.855683326721191,-0.08825984597206116,-0.34323275089263916
1776636263298.0881,9.83607006072998,-0.127486452460289,-0.32361945509910583
1776636263307.9949,9.845876693725586,-0.156906396150589,-0.3334260880947113
1776636263317.9026,9.845876693725586,-0.09806649386882782,-0.3040061295032501
1776636263327.8113,9.865489959716797,-0.10787314921617508,-0.2843928337097168
1776636263337.718,9.865489959716797,-0.13729310035705566,-0.3040061295032501
1776636263347.6248,9.826263427734375,-0.14709974825382233,-0.3334260880947113
1776636263357.5325,9.845876693725586,-0.08825984597206116,-0.3628460466861725
1776636263367.4402,9.865489959716797,-0.04903324693441391,-0.35303938388824463
1776636263377.3489,9.83607006072998,-0.11767979711294174,-0.32361945509910583
1776636263387.2554,9.845876693725586,-0.14709974825382233,-0.3040061295032501
1776636263397.162,9.826263427734375,-0.16671304404735565,-0.2843928337097168
1776636263407.0698,9.845876693725586,-0.13729310035705566,-0.32361945509910583
1776636263416.9785,9.845876693725586,-0.10787314921617508,-0.34323275089263916
1776636263426.8862,9.865489959716797,-0.08825984597206116,-0.34323275089263916
1776636263436.794,9.865489959716797,-0.10787314921617508,-0.34323275089263916
1776636263446.7017,9.875296592712402,-0.127486452460289,-0.34323275089263916
1776636263456.6084,9.904716491699219,-0.13729310035705566,-0.3922659754753113
1776636263466.5159,9.894909858703613,-0.17651969194412231,-0.3922659754753113
1776636263476.4226,9.894909858703613,-0.13729310035705566,-0.35303938388824463
1776636263486.3303,9.83607006072998,-0.11767979711294174,-0.3040061295032501
1776636263496.238,9.767423629760742,-0.13729310035705566,-0.26477953791618347
1776636263506.1458,9.796843528747559,-0.13729310035705566,-0.254972904920578
1776636263516.0535,9.83607006072998,-0.14709974825382233,-0.2843928337097168
1776636263525.9614,9.826263427734375,-0.13729310035705566,-0.3040061295032501
1776636263535.8694,9.83607006072998,-0.18632633984088898,-0.34323275089263916
1776636263545.7773,9.855683326721191,-0.18632633984088898,-0.3922659754753113
1776636263555.6855,9.904716491699219,-0.14709974825382233,-0.3628460466861725
1776636263565.5935,9.904716491699219,-0.156906396150589,-0.35303938388824463
1776636263575.5015,9.904716491699219,-0.21574629843235016,-0.3628460466861725
1776636263585.4106,9.92432975769043,-0.19613298773765564,-0.42168593406677246
1776636263595.3208,9.904716491699219,-0.17651969194412231,-0.411879301071167
1776636263605.229,9.83607006072998,-0.16671304404735565,-0.3628460466861725
1776636263615.1372,9.806650161743164,-0.156906396150589,-0.3040061295032501
1776636263625.0464,9.796843528747559,-0.17651969194412231,-0.29419949650764465
1776636263634.9543,9.796843528747559,-0.2059396505355835,-0.2843928337097168
1776636263644.8625,9.826263427734375,-0.23535959422588348,-0.34323275089263916
1776636263654.7708,9.885103225708008,-0.23535959422588348,-0.40207263827323914
1776636263664.678,9.894909858703613,-0.21574629843235016,-0.40207263827323914
1776636263674.5872,9.865489959716797,-0.21574629843235016,-0.3922659754753113
1776636263684.4954,9.826263427734375,-0.2059396505355835,-0.40207263827323914
1776636263694.4033,9.83607006072998,-0.19613298773765564,-0.3922659754753113
1776636263704.3125,9.826263427734375,-0.19613298773765564,-0.3628460466861725
1776636263714.2217,9.796843528747559,-0.19613298773765564,-0.32361945509910583
1776636263724.129,9.777230262756348,-0.254972904920578,-0.3040061295032501
1776636263734.037,9.806650161743164,-0.27458620071411133,-0.32361945509910583
1776636263743.9453,9.826263427734375,-0.27458620071411133,-0.34323275089263916
1776636263753.8535,9.83607006072998,-0.254972904920578,-0.3824593424797058
1776636263763.7627,9.875296592712402,-0.26477953791618347,-0.411879301071167
1776636263773.6719,9.865489959716797,-0.27458620071411133,-0.42168593406677246
1776636263783.5798,9.904716491699219,-0.254972904920578,-0.4314925968647003
1776636263793.489,9.904716491699219,-0.27458620071411133,-0.4412992298603058
1776636263803.3982,9.875296592712402,-0.26477953791618347,-0.40207263827323914
1776636263813.3064,9.777230262756348,-0.24516624212265015,-0.3334260880947113
1776636263823.2146,9.718389511108398,-0.27458620071411133,-0.34323275089263916
1776636263833.1228,9.747809410095215,-0.2843928337097168,-0.35303938388824463
1776636263843.031,9.81645679473877,-0.27458620071411133,-0.35303938388824463
1776636263852.9402,9.865489959716797,-0.27458620071411133,-0.40207263827323914
1776636263862.8494,9.865489959716797,-0.254972904920578,-0.40207263827323914
1776636263872.7576,9.865489959716797,-0.27458620071411133,-0.40207263827323914
1776636263882.6667,9.83607006072998,-0.27458620071411133,-0.40207263827323914
1776636263892.5747,9.826263427734375,-0.24516624212265015,-0.40207263827323914
1776636263902.483,9.83607006072998,-0.254972904920578,-0.3824593424797058
1776636263912.391,9.826263427734375,-0.2843928337097168,-0.3824593424797058
1776636263922.2993,9.845876693725586,-0.27458620071411133,-0.35303938388824463
1776636263932.2075,9.855683326721191,-0.29419949650764465,-0.40207263827323914
1776636263942.1157,9.885103225708008,-0.254972904920578,-0.3922659754753113
1776636263952.024,9.845876693725586,-0.254972904920578,-0.40207263827323914
1776636263961.933,9.806650161743164,-0.2843928337097168,-0.4314925968647003
1776636263971.8413,9.826263427734375,-0.2843928337097168,-0.40207263827323914
1776636263981.7495,9.83607006072998,-0.29419949650764465,-0.3922659754753113
1776636263991.6575,9.855683326721191,-0.23535959422588348,-0.3922659754753113
1776636264001.5667,9.855683326721191,-0.254972904920578,-0.3922659754753113
1776636264011.4758,9.83607006072998,-0.2843928337097168,-0.3824593424797058
1776636264021.385,9.845876693725586,-0.27458620071411133,-0.40207263827323914
1776636264031.2932,9.845876693725586,-0.27458620071411133,-0.411879301071167
1776636264041.2014,9.83607006072998,-0.29419949650764465,-0.40207263827323914
1776636264051.1086,9.845876693725586,-0.27458620071411133,-0.40207263827323914
1776636264061.0178,9.865489959716797,-0.26477953791618347,-0.3824593424797058
1776636264070.925,9.83607006072998,-0.27458620071411133,-0.3824593424797058
1776636264080.8323,9.826263427734375,-0.24516624212265015,-0.411879301071167
1776636264090.7402,9.855683326721191,-0.22555294632911682,-0.3824593424797058
1776636264100.6484,9.845876693725586,-0.23535959422588348,-0.40207263827323914
1776636264110.5576,9.845876693725586,-0.254972904920578,-0.411879301071167
1776636264120.4658,9.83607006072998,-0.2843928337097168,-0.3628460466861725
1776636264130.375,9.855683326721191,-0.2843928337097168,-0.3628460466861725
1776636264140.2832,9.865489959716797,-0.3040061295032501,-0.3628460466861725
1776636264150.1914,9.845876693725586,-0.3040061295032501,-0.3824593424797058
1776636264160.1006,9.826263427734375,-0.2843928337097168,-0.42168593406677246
1776636264170.0078,9.83607006072998,-0.254972904920578,-0.42168593406677246
1776636264179.916,9.845876693725586,-0.254972904920578,-0.411879301071167
1776636264189.8242,9.845876693725586,-0.27458620071411133,-0.40207263827323914
1776636264199.7312,9.865489959716797,-0.24516624212265015,-0.3824593424797058
1776636264209.6394,9.845876693725586,-0.24516624212265015,-0.3922659754753113
1776636264219.5476,9.865489959716797,-0.26477953791618347,-0.3922659754753113
1776636264229.4548,9.855683326721191,-0.23535959422588348,-0.37265267968177795
1776636264239.363,9.83607006072998,-0.254972904920578,-0.3922659754753113
1776636264249.2712,9.83607006072998,-0.26477953791618347,-0.3922659754753113
1776636264259.1794,9.865489959716797,-0.26477953791618347,-0.3824593424797058
1776636264269.0876,9.855683326721191,-0.2843928337097168,-0.3922659754753113
1776636264278.9968,9.826263427734375,-0.3040061295032501,-0.3922659754753113
1776636264288.906,9.826263427734375,-0.29419949650764465,-0.3824593424797058
1776636264298.8152,9.83607006072998,-0.254972904920578,-0.40207263827323914
1776636264308.7244,9.845876693725586,-0.254972904920578,-0.42168593406677246
1776636264318.6326,9.826263427734375,-0.254972904920578,-0.42168593406677246
1776636264328.5408,9.845876693725586,-0.24516624212265015,-0.3922659754753113
1776636264338.45,9.855683326721191,-0.24516624212265015,-0.3628460466861725
1776636264348.3582,9.855683326721191,-0.27458620071411133,-0.37265267968177795
1776636264358.2664,9.855683326721191,-0.26477953791618347,-0.3824593424797058
1776636264368.1743,9.855683326721191,-0.254972904920578,-0.37265267968177795
1776636264378.0835,9.845876693725586,-0.26477953791618347,-0.3628460466861725
1776636264387.9917,9.83607006072998,-0.254972904920578,-0.40207263827323914
1776636264397.9,9.83607006072998,-0.26477953791618347,-0.40207263827323914
1776636264407.809,9.845876693725586,-0.26477953791618347,-0.3922659754753113
1776636264417.7183,9.845876693725586,-0.254972904920578,-0.40207263827323914
1776636264427.6274,9.83607006072998,-0.27458620071411133,-0.42168593406677246
1776636264437.5356,9.83607006072998,-0.26477953791618347,-0.42168593406677246
1776636264447.4448,9.845876693725586,-0.254972904920578,-0.3922659754753113
1776636264457.354,9.845876693725586,-0.24516624212265015,-0.3922659754753113
1776636264467.2632,9.81645679473877,-0.2843928337097168,-0.3824593424797058
1776636264477.1746,9.845876693725586,-0.29419949650764465,-0.3824593424797058
1776636264487.0828,9.826263427734375,-0.29419949650764465,-0.34323275089263916
1776636264496.992,9.855683326721191,-0.254972904920578,-0.3824593424797058
1776636264506.9011,9.875296592712402,-0.21574629843235016,-0.40207263827323914
1776636264516.8103,9.855683326721191,-0.24516624212265015,-0.40207263827323914
1776636264526.7192,9.826263427734375,-0.2843928337097168,-0.42168593406677246
1776636264536.6282,9.855683326721191,-0.23535959422588348,-0.40207263827323914
1776636264546.5383,9.83607006072998,-0.26477953791618347,-0.411879301071167
1776636264556.4473,9.826263427734375,-0.26477953791618347,-0.40207263827323914
1776636264566.3562,9.845876693725586,-0.27458620071411133,-0.37265267968177795
1776636264576.2644,9.845876693725586,-0.26477953791618347,-0.3922659754753113
1776636264586.1716,9.83607006072998,-0.27458620071411133,-0.3922659754753113
1776636264596.0793,9.83607006072998,-0.2843928337097168,-0.3824593424797058
1776636264605.9873,9.855683326721191,-0.23535959422588348,-0.37265267968177795
1776636264615.8953,9.83607006072998,-0.23535959422588348,-0.3922659754753113
1776636264625.8032,9.845876693725586,-0.254972904920578,-0.3922659754753113
1776636264635.7112,9.83607006072998,-0.254972904920578,-0.40207263827323914
1776636264645.619,9.845876693725586,-0.26477953791618347,-0.40207263827323914
1776636264655.5269,9.855683326721191,-0.24516624212265015,-0.40207263827323914
1776636264665.4348,9.845876693725586,-0.24516624212265015,-0.411879301071167
1776636264675.3428,9.845876693725586,-0.26477953791618347,-0.40207263827323914
1776636264685.2495,9.845876693725586,-0.254972904920578,-0.3922659754753113
1776636264695.1575,9.826263427734375,-0.26477953791618347,-0.40207263827323914
1776636264705.0645,9.855683326721191,-0.24516624212265015,-0.37265267968177795
1776636264714.9724,9.845876693725586,-0.27458620071411133,-0.3824593424797058
1776636264724.8804,9.81645679473877,-0.2843928337097168,-0.37265267968177795
1776636264734.789,9.855683326721191,-0.26477953791618347,-0.3824593424797058
1776636264744.697,9.845876693725586,-0.27458620071411133,-0.37265267968177795
1776636264754.606,9.845876693725586,-0.26477953791618347,-0.34323275089263916
1776636264764.514,9.81645679473877,-0.254972904920578,-0.42168593406677246
1776636264774.4219,9.92432975769043,-0.14709974825382233,-0.40207263827323914
1776636264784.3308,9.796843528747559,-0.3040061295032501,-0.3824593424797058
1776636264794.2385,9.83607006072998,-0.2843928337097168,-0.42168593406677246
1776636264804.1465,9.885103225708008,-0.23535959422588348,-0.3922659754753113
1776636264814.0544,9.806650161743164,-0.2843928337097168,-0.40207263827323914
1776636264823.9614,9.83607006072998,-0.254972904920578,-0.40207263827323914
1776636264833.8682,9.826263427734375,-0.27458620071411133,-0.37265267968177795
1776636264843.7761,9.826263427734375,-0.2059396505355835,-0.37265267968177795
1776636264853.684,9.81645679473877,-0.2843928337097168,-0.3922659754753113
1776636264863.592,9.81645679473877,-0.2843928337097168,-0.3628460466861725
1776636264873.5007,9.92432975769043,-0.10787314921617508,-0.411879301071167
1776636264883.4087,9.855683326721191,-0.2843928337097168,-0.3824593424797058
1776636264893.3176,9.865489959716797,-0.254972904920578,-0.3824593424797058
1776636264903.2266,9.845876693725586,-0.23535959422588348,-0.411879301071167
1776636264913.1345,9.845876693725586,-0.22555294632911682,-0.411879301071167
1776636264923.0425,9.81645679473877,-0.2843928337097168,-0.3824593424797058
1776636264932.9492,9.855683326721191,-0.22555294632911682,-0.3922659754753113
1776636264942.8572,9.83607006072998,-0.26477953791618347,-0.3824593424797058
1776636264952.7651,9.865489959716797,-0.27458620071411133,-0.411879301071167
1776636264962.674,9.855683326721191,-0.254972904920578,-0.40207263827323914
1776636264972.5818,9.81645679473877,-0.3040061295032501,-0.37265267968177795
1776636264982.4897,9.81645679473877,-0.2843928337097168,-0.37265267968177795
1776636264992.3977,9.865489959716797,-0.254972904920578,-0.3824593424797058
1776636265002.3057,9.826263427734375,-0.313812792301178,-0.3628460466861725
1776636265012.2136,9.865489959716797,-0.23535959422588348,-0.411879301071167
1776636265022.1223,9.865489959716797,-0.24516624212265015,-0.3922659754753113
1776636265032.0312,9.845876693725586,-0.254972904920578,-0.37265267968177795
1776636265041.9392,9.865489959716797,-0.18632633984088898,-0.3824593424797058
1776636265051.8472,9.83607006072998,-0.254972904920578,-0.40207263827323914
1776636265061.756,9.855683326721191,-0.27458620071411133,-0.40207263827323914
1776636265071.665,9.855683326721191,-0.27458620071411133,-0.411879301071167
1776636265081.5728,9.865489959716797,-0.27458620071411133,-0.3824593424797058
1776636265091.4817,9.865489959716797,-0.27458620071411133,-0.3824593424797058
1776636265101.3887,9.83607006072998,-0.26477953791618347,-0.40207263827323914
1776636265111.2966,9.81645679473877,-0.2843928337097168,-0.3922659754753113
1776636265121.2043,9.826263427734375,-0.29419949650764465,-0.40207263827323914
1776636265131.1123,9.855683326721191,-0.254972904920578,-0.40207263827323914
1776636265141.0193,9.826263427734375,-0.3040061295032501,-0.3628460466861725
1776636265150.9272,9.894909858703613,-0.254972904920578,-0.40207263827323914
1776636265160.834,9.92432975769043,-0.21574629843235016,-0.3922659754753113
1776636265170.742,9.875296592712402,-0.26477953791618347,-0.37265267968177795
1776636265180.65,9.826263427734375,-0.254972904920578,-0.3824593424797058
1776636265190.557,9.83607006072998,-0.22555294632911682,-0.3922659754753113
1776636265200.4636,9.83607006072998,-0.26477953791618347,-0.37265267968177795
1776636265210.3716,9.875296592712402,-0.24516624212265015,-0.3922659754753113
1776636265220.2786,9.885103225708008,-0.24516624212265015,-0.3922659754753113
1776636265230.1863,9.855683326721191,-0.254972904920578,-0.40207263827323914
1776636265240.0933,9.777230262756348,-0.3040061295032501,-0.3628460466861725
1776636265250.0002,9.747809410095215,-0.27458620071411133,-0.3628460466861725
1776636265259.9082,9.796843528747559,-0.21574629843235016,-0.37265267968177795
1776636265269.816,9.767423629760742,-0.29419949650764465,-0.3628460466861725
1776636265279.7239,9.806650161743164,-0.27458620071411133,-0.35303938388824463
1776636265289.6318,9.865489959716797,-0.254972904920578,-0.3922659754753113
1776636265299.5398,9.885103225708008,-0.313812792301178,-0.3922659754753113
1776636265309.4475,9.904716491699219,-0.27458620071411133,-0.40207263827323914
1776636265319.3555,9.875296592712402,-0.23535959422588348,-0.3922659754753113
1776636265329.2625,9.83607006072998,-0.22555294632911682,-0.3922659754753113
1776636265339.1714,9.81645679473877,-0.23535959422588348,-0.3628460466861725
1776636265349.079,9.796843528747559,-0.26477953791618347,-0.3628460466861725
1776636265358.988,9.83607006072998,-0.22555294632911682,-0.40207263827323914
1776636265368.896,9.845876693725586,-0.26477953791618347,-0.40207263827323914
1776636265378.804,9.845876693725586,-0.29419949650764465,-0.40207263827323914
1776636265388.7107,9.865489959716797,-0.254972904920578,-0.40207263827323914
1776636265398.6177,9.855683326721191,-0.27458620071411133,-0.37265267968177795
1776636265408.5266,9.826263427734375,-0.29419949650764465,-0.3628460466861725
1776636265418.4346,9.83607006072998,-0.24516624212265015,-0.37265267968177795
1776636265428.3435,9.81645679473877,-0.29419949650764465,-0.35303938388824463
1776636265438.2512,9.826263427734375,-0.24516624212265015,-0.40207263827323914
1776636265448.1602,9.855683326721191,-0.22555294632911682,-0.37265267968177795
1776636265458.068,9.83607006072998,-0.27458620071411133,-0.37265267968177795
1776636265467.976,9.885103225708008,-0.254972904920578,-0.34323275089263916
1776636265477.885,9.885103225708008,-0.21574629843235016,-0.40207263827323914
1776636265487.7917,9.73800277709961,-0.40207263827323914,-0.3628460466861725
1776636265497.6997,9.865489959716797,-0.2059396505355835,-0.3922659754753113
1776636265507.6086,9.855683326721191,-0.23535959422588348,-0.3824593424797058
1776636265517.5166,9.806650161743164,-0.313812792301178,-0.37265267968177795
1776636265527.4255,9.875296592712402,-0.21574629843235016,-0.3824593424797058
1776636265537.3345,9.865489959716797,-0.22555294632911682,-0.3824593424797058
1776636265547.2427,9.865489959716797,-0.22555294632911682,-0.3628460466861725
1776636265557.1516,9.865489959716797,-0.22555294632911682,-0.3922659754753113
1776636265567.0586,9.826263427734375,-0.26477953791618347,-0.3922659754753113
1776636265576.9656,9.826263427734375,-0.24516624212265015,-0.40207263827323914
1776636265586.8745,9.845876693725586,-0.26477953791618347,-0.37265267968177795
1776636265596.7825,9.845876693725586,-0.254972904920578,-0.3824593424797058
1776636265606.6897,9.81645679473877,-0.29419949650764465,-0.3824593424797058
1776636265616.598,9.855683326721191,-0.26477953791618347,-0.3824593424797058
1776636265626.5059,9.845876693725586,-0.26477953791618347,-0.37265267968177795
1776636265636.413,9.83607006072998,-0.254972904920578,-0.411879301071167
1776636265646.3213,9.855683326721191,-0.254972904920578,-0.40207263827323914
1776636265656.2292,9.806650161743164,-0.34323275089263916,-0.3628460466861725
1776636265666.1384,9.83607006072998,-0.3040061295032501,-0.37265267968177795
1776636265676.0466,9.81645679473877,-0.29419949650764465,-0.3824593424797058
1776636265685.9546,9.83607006072998,-0.26477953791618347,-0.3824593424797058
1776636265695.8628,9.885103225708008,-0.2059396505355835,-0.40207263827323914
1776636265705.771,9.855683326721191,-0.24516624212265015,-0.37265267968177795
1776636265715.6792,9.83607006072998,-0.26477953791618347,-0.34323275089263916
1776636265725.5852,9.855683326721191,-0.22555294632911682,-0.37265267968177795
1776636265735.4934,9.845876693725586,-0.24516624212265015,-0.3922659754753113
1776636265745.3994,9.855683326721191,-0.22555294632911682,-0.3824593424797058
1776636265755.3066,9.855683326721191,-0.23535959422588348,-0.3824593424797058
1776636265765.2139,9.845876693725586,-0.27458620071411133,-0.3922659754753113
1776636265775.1208,9.81645679473877,-0.32361945509910583,-0.3628460466861725
1776636265785.028,9.826263427734375,-0.2843928337097168,-0.3824593424797058
1776636265794.934,9.83607006072998,-0.26477953791618347,-0.3922659754753113
1776636265804.8423,9.845876693725586,-0.254972904920578,-0.40207263827323914
1776636265814.7495,9.865489959716797,-0.23535959422588348,-0.3922659754753113
1776636265824.6575,9.845876693725586,-0.254972904920578,-0.3628460466861725
1776636265834.5657,9.855683326721191,-0.254972904920578,-0.37265267968177795
1776636265844.4739,9.83607006072998,-0.27458620071411133,-0.42168593406677246
1776636265854.382,9.845876693725586,-0.26477953791618347,-0.3824593424797058
1776636265864.289,9.826263427734375,-0.27458620071411133,-0.40207263827323914
1776636265874.1963,9.81645679473877,-0.27458620071411133,-0.3922659754753113
1776636265884.1045,9.845876693725586,-0.29419949650764465,-0.3628460466861725
1776636265894.0115,9.875296592712402,-0.254972904920578,-0.3628460466861725
1776636265903.9197,9.875296592712402,-0.21574629843235016,-0.37265267968177795
1776636265913.828,9.865489959716797,-0.23535959422588348,-0.3824593424797058
1776636265923.7349,9.885103225708008,-0.2059396505355835,-0.40207263827323914
1776636265933.643,9.855683326721191,-0.21574629843235016,-0.411879301071167
1776636265943.5493,9.81645679473877,-0.23535959422588348,-0.40207263827323914
1776636265953.4573,9.806650161743164,-0.26477953791618347,-0.3824593424797058
1776636265963.3655,9.796843528747559,-0.29419949650764465,-0.3824593424797058
1776636265973.2727,9.806650161743164,-0.32361945509910583,-0.3628460466861725
1776636265983.1797,9.83607006072998,-0.32361945509910583,-0.3824593424797058
1776636265993.088,9.875296592712402,-0.26477953791618347,-0.40207263827323914
1776636266002.996,9.875296592712402,-0.26477953791618347,-0.3922659754753113
1776636266012.9033,9.865489959716797,-0.22555294632911682,-0.3824593424797058
1776636266022.8103,9.855683326721191,-0.23535959422588348,-0.3628460466861725
1776636266032.7185,9.796843528747559,-0.27458620071411133,-0.411879301071167
1776636266042.6267,9.81645679473877,-0.26477953791618347,-0.3824593424797058
1776636266052.5337,9.777230262756348,-0.313812792301178,-0.3922659754753113
1776636266062.442,9.826263427734375,-0.29419949650764465,-0.35303938388824463
1776636266072.349,9.894909858703613,-0.22555294632911682,-0.35303938388824463
1776636266082.256,9.904716491699219,-0.254972904920578,-0.3922659754753113
1776636266092.1643,9.894909858703613,-0.23535959422588348,-0.3922659754753113
1776636266102.0715,9.806650161743164,-0.3040061295032501,-0.3824593424797058
1776636266111.9797,9.855683326721191,-0.2059396505355835,-0.411879301071167
1776636266121.8867,9.777230262756348,-0.29419949650764465,-0.35303938388824463
1776636266131.794,9.787036895751953,-0.313812792301178,-0.3628460466861725
1776636266141.7012,9.855683326721191,-0.24516624212265015,-0.37265267968177795
1776636266151.6091,9.855683326721191,-0.27458620071411133,-0.40207263827323914
1776636266161.5164,9.894909858703613,-0.22555294632911682,-0.42168593406677246
1776636266171.4236,9.865489959716797,-0.27458620071411133,-0.411879301071167
1776636266181.3318,9.845876693725586,-0.29419949650764465,-0.37265267968177795
1776636266191.2397,9.845876693725586,-0.23535959422588348,-0.37265267968177795
1776636266201.149,9.806650161743164,-0.254972904920578,-0.35303938388824463
1776636266211.058,9.806650161743164,-0.26477953791618347,-0.3922659754753113
1776636266220.9663,9.845876693725586,-0.22555294632911682,-0.3824593424797058
1776636266230.8745,9.83607006072998,-0.26477953791618347,-0.3824593424797058
1776636266240.7825,9.904716491699219,-0.22555294632911682,-0.3824593424797058
1776636266250.6917,9.894909858703613,-0.21574629843235016,-0.3922659754753113
1776636266260.6008,9.845876693725586,-0.254972904920578,-0.3922659754753113
1776636266270.509,9.855683326721191,-0.23535959422588348,-0.3824593424797058
1776636266280.4182,9.81645679473877,-0.29419949650764465,-0.3824593424797058
1776636266290.3264,9.796843528747559,-0.2843928337097168,-0.37265267968177795
1776636266300.2344,9.796843528747559,-0.3040061295032501,-0.35303938388824463
1776636266310.1426,9.83607006072998,-0.2843928337097168,-0.3922659754753113
1776636266320.0508,9.855683326721191,-0.26477953791618347,-0.40207263827323914
1776636266329.959,9.875296592712402,-0.23535959422588348,-0.3824593424797058
1776636266339.8672,9.875296592712402,-0.254972904920578,-0.3824593424797058
1776636266349.7751,9.81645679473877,-0.313812792301178,-0.40207263827323914
1776636266359.6833,9.826263427734375,-0.26477953791618347,-0.3922659754753113
1776636266369.5916,9.806650161743164,-0.29419949650764465,-0.3824593424797058
1776636266379.4988,9.826263427734375,-0.2843928337097168,-0.3628460466861725
1776636266389.4067,9.875296592712402,-0.22555294632911682,-0.3922659754753113
1776636266399.314,9.845876693725586,-0.24516624212265015,-0.37265267968177795
1776636266409.2222,9.865489959716797,-0.23535959422588348,-0.40207263827323914
1776636266419.1304,9.865489959716797,-0.22555294632911682,-0.3824593424797058
1776636266429.0374,9.826263427734375,-0.27458620071411133,-0.3628460466861725
1776636266438.9456,9.855683326721191,-0.21574629843235016,-0.3922659754753113
1776636266448.8538,9.845876693725586,-0.24516624212265015,-0.3824593424797058
1776636266458.762,9.83607006072998,-0.23535959422588348,-0.3922659754753113
1776636266468.6711,9.796843528747559,-0.29419949650764465,-0.3824593424797058
1776636266478.5803,9.826263427734375,-0.26477953791618347,-0.40207263827323914
1776636266488.4883,9.81645679473877,-0.3040061295032501,-0.35303938388824463
1776636266498.3965,9.865489959716797,-0.22555294632911682,-0.40207263827323914
1776636266508.3037,9.865489959716797,-0.254972904920578,-0.3824593424797058
1776636266518.213,9.855683326721191,-0.2843928337097168,-0.37265267968177795
1776636266528.1199,9.875296592712402,-0.254972904920578,-0.3824593424797058
1776636266538.0269,9.826263427734375,-0.27458620071411133,-0.3922659754753113
1776636266547.935,9.796843528747559,-0.313812792301178,-0.3628460466861725
1776636266557.844,9.826263427734375,-0.254972904920578,-0.3824593424797058
1776636266567.751,9.855683326721191,-0.24516624212265015,-0.40207263827323914
1776636266577.659,9.865489959716797,-0.24516624212265015,-0.3922659754753113
1776636266587.5679,9.865489959716797,-0.254972904920578,-0.3824593424797058
1776636266597.476,9.845876693725586,-0.254972904920578,-0.40207263827323914
1776636266607.3843,9.83607006072998,-0.27458620071411133,-0.42168593406677246
1776636266617.2935,9.806650161743164,-0.34323275089263916,-0.35303938388824463
1776636266627.2017,9.855683326721191,-0.24516624212265015,-0.40207263827323914
1776636266637.1108,9.845876693725586,-0.23535959422588348,-0.3922659754753113
1776636266647.019,9.83607006072998,-0.26477953791618347,-0.3628460466861725
1776636266656.9282,9.855683326721191,-0.24516624212265015,-0.3824593424797058
1776636266666.8372,9.855683326721191,-0.23535959422588348,-0.37265267968177795
1776636266676.7454,9.855683326721191,-0.24516624212265015,-0.3922659754753113
1776636266686.6536,9.81645679473877,-0.254972904920578,-0.411879301071167
1776636266696.5627,9.83607006072998,-0.26477953791618347,-0.37265267968177795
1776636266706.471,9.83607006072998,-0.27458620071411133,-0.37265267968177795
1776636266716.3792,9.855683326721191,-0.2843928337097168,-0.40207263827323914
1776636266726.2874,9.826263427734375,-0.29419949650764465,-0.40207263827323914
1776636266736.1965,9.855683326721191,-0.26477953791618347,-0.40207263827323914
1776636266746.1045,9.845876693725586,-0.254972904920578,-0.40207263827323914
1776636266756.0137,9.845876693725586,-0.24516624212265015,-0.37265267968177795
1776636266765.921,9.845876693725586,-0.23535959422588348,-0.37265267968177795
1776636266775.829,9.845876693725586,-0.22555294632911682,-0.3922659754753113
1776636266785.7373,9.855683326721191,-0.254972904920578,-0.40207263827323914
1776636266795.6455,9.83607006072998,-0.24516624212265015,-0.3824593424797058
1776636266805.5535,9.855683326721191,-0.254972904920578,-0.3824593424797058
1776636266815.4639,9.83607006072998,-0.3040061295032501,-0.3824593424797058
1776636266825.3718,9.83607006072998,-0.2843928337097168,-0.42168593406677246
1776636266835.281,9.855683326721191,-0.27458620071411133,-0.3922659754753113
1776636266845.1902,9.83607006072998,-0.29419949650764465,-0.3824593424797058
1776636266855.1003,9.855683326721191,-0.26477953791618347,-0.3824593424797058
1776636266865.0095,9.845876693725586,-0.24516624212265015,-0.37265267968177795
1776636266874.9187,9.855683326721191,-0.254972904920578,-0.40207263827323914
1776636266884.827,9.826263427734375,-0.27458620071411133,-0.3922659754753113
1776636266894.735,9.806650161743164,-0.29419949650764465,-0.3922659754753113
1776636266904.6433,9.865489959716797,-0.21574629843235016,-0.3628460466861725
1776636266914.5525,9.855683326721191,-0.22555294632911682,-0.3824593424797058
1776636266924.4597,9.845876693725586,-0.29419949650764465,-0.37265267968177795
1776636266934.369,9.865489959716797,-0.22555294632911682,-0.3824593424797058
1776636266944.278,9.875296592712402,-0.22555294632911682,-0.3824593424797058
1776636266954.186,9.83607006072998,-0.254972904920578,-0.3628460466861725
1776636266964.0952,9.83607006072998,-0.26477953791618347,-0.3824593424797058
1776636266974.0034,9.81645679473877,-0.26477953791618347,-0.3922659754753113
1776636266983.9126,9.81645679473877,-0.2843928337097168,-0.3824593424797058
1776636266993.8198,9.845876693725586,-0.27458620071411133,-0.37265267968177795
1776636267003.729,9.855683326721191,-0.27458620071411133,-0.3922659754753113
1776636267013.6372,9.875296592712402,-0.24516624212265015,-0.40207263827323914
1776636267023.5444,9.855683326721191,-0.26477953791618347,-0.3922659754753113
1776636267033.4536,9.83607006072998,-0.29419949650764465,-0.3922659754753113
1776636267043.3628,9.83607006072998,-0.23535959422588348,-0.37265267968177795
1776636267053.272,9.81645679473877,-0.23535959422588348,-0.37265267968177795
1776636267063.1802,9.845876693725586,-0.24516624212265015,-0.3922659754753113
1776636267073.0894,9.826263427734375,-0.24516624212265015,-0.3922659754753113
1776636267082.9985,9.865489959716797,-0.23535959422588348,-0.40207263827323914
1776636267092.9077,9.855683326721191,-0.2843928337097168,-0.37265267968177795
1776636267102.8157,9.83607006072998,-0.2843928337097168,-0.40207263827323914
1776636267112.7239,9.826263427734375,-0.26477953791618347,-0.40207263827323914
1776636267122.633,9.845876693725586,-0.26477953791618347,-0.37265267968177795
1776636267132.5422,9.83607006072998,-0.26477953791618347,-0.3628460466861725
1776636267142.4504,9.845876693725586,-0.26477953791618347,-0.3824593424797058
1776636267152.3596,9.855683326721191,-0.24516624212265015,-0.3824593424797058
1776636267162.2678,9.845876693725586,-0.254972904920578,-0.3922659754753113
1776636267172.176,9.81645679473877,-0.26477953791618347,-0.37265267968177795
1776636267182.0852,9.83607006072998,-0.27458620071411133,-0.37265267968177795
1776636267191.9944,9.855683326721191,-0.254972904920578,-0.40207263827323914
1776636267201.9036,9.845876693725586,-0.2843928337097168,-0.37265267968177795
1776636267211.8118,9.845876693725586,-0.254972904920578,-0.3922659754753113
1776636267221.721,9.855683326721191,-0.23535959422588348,-0.3922659754753113
1776636267231.6292,9.83607006072998,-0.2843928337097168,-0.3824593424797058
1776636267241.5364,9.81645679473877,-0.3040061295032501,-0.3824593424797058
1776636267251.4446,9.845876693725586,-0.26477953791618347,-0.37265267968177795
1776636267261.3528,9.855683326721191,-0.26477953791618347,-0.3922659754753113
1776636267271.261,9.845876693725586,-0.27458620071411133,-0.3922659754753113
1776636267281.1692,9.865489959716797,-0.24516624212265015,-0.37265267968177795
1776636267291.0771,9.83607006072998,-0.254972904920578,-0.3824593424797058
1776636267300.9863,9.845876693725586,-0.23535959422588348,-0.3922659754753113
1776636267310.8936,9.845876693725586,-0.24516624212265015,-0.40207263827323914
1776636267320.8018,9.826263427734375,-0.26477953791618347,-0.3824593424797058
1776636267330.711,9.826263427734375,-0.2843928337097168,-0.3922659754753113
1776636267340.62,9.83607006072998,-0.27458620071411133,-0.3824593424797058
1776636267350.5283,9.865489959716797,-0.2843928337097168,-0.3922659754753113
1776636267360.4375,9.875296592712402,-0.2843928337097168,-0.3824593424797058
1776636267370.3457,9.845876693725586,-0.27458620071411133,-0.40207263827323914
1776636267380.254,9.845876693725586,-0.26477953791618347,-0.37265267968177795
1776636267390.162,9.845876693725586,-0.254972904920578,-0.3922659754753113
1776636267400.0693,9.83607006072998,-0.27458620071411133,-0.3824593424797058
1776636267409.9785,9.845876693725586,-0.24516624212265015,-0.3824593424797058
1776636267419.8867,9.845876693725586,-0.254972904920578,-0.3922659754753113
1776636267429.795,9.845876693725586,-0.254972904920578,-0.3922659754753113
1776636267439.7031,9.865489959716797,-0.254972904920578,-0.3922659754753113
1776636267449.6113,9.83607006072998,-0.27458620071411133,-0.3922659754753113
1776636267459.5195,9.83607006072998,-0.26477953791618347,-0.37265267968177795
1776636267469.4277,9.83607006072998,-0.26477953791618347,-0.3824593424797058
1776636267479.336,9.81645679473877,-0.29419949650764465,-0.40207263827323914
1776636267489.2441,9.83607006072998,-0.2843928337097168,-0.37265267968177795
1776636267499.1523,9.845876693725586,-0.27458620071411133,-0.3922659754753113
1776636267509.0605,9.855683326721191,-0.254972904920578,-0.411879301071167
1776636267518.9685,9.845876693725586,-0.27458620071411133,-0.3824593424797058
1776636267528.8767,9.875296592712402,-0.24516624212265015,-0.411879301071167
1776636267538.7847,9.826263427734375,-0.2843928337097168,-0.3628460466861725
1776636267548.6926,9.826263427734375,-0.254972904920578,-0.3824593424797058
1776636267558.6008,9.826263427734375,-0.26477953791618347,-0.3824593424797058
1776636267568.5098,9.826263427734375,-0.2843928337097168,-0.3824593424797058
1776636267578.419,9.855683326721191,-0.22555294632911682,-0.3922659754753113
1776636267588.328,9.865489959716797,-0.254972904920578,-0.37265267968177795
1776636267598.236,9.855683326721191,-0.254972904920578,-0.40207263827323914
1776636267608.144,9.83607006072998,-0.26477953791618347,-0.40207263827323914
1776636267618.0513,9.83607006072998,-0.26477953791618347,-0.3824593424797058
1776636267627.9604,9.81645679473877,-0.2843928337097168,-0.3824593424797058
1776636267637.8687,9.845876693725586,-0.26477953791618347,-0.3824593424797058
1776636267647.7769,9.845876693725586,-0.27458620071411133,-0.3628460466861725
1776636267657.686,9.855683326721191,-0.27458620071411133,-0.40207263827323914
1776636267667.5942,9.845876693725586,-0.24516624212265015,-0.3824593424797058
1776636267677.5024,9.855683326721191,-0.254972904920578,-0.37265267968177795
1776636267687.4106,9.845876693725586,-0.27458620071411133,-0.37265267968177795
1776636267697.3188,9.855683326721191,-0.23535959422588348,-0.3922659754753113
1776636267707.2268,9.845876693725586,-0.24516624212265015,-0.40207263827323914
1776636267717.135,9.845876693725586,-0.26477953791618347,-0.37265267968177795
1776636267727.0432,9.845876693725586,-0.24516624212265015,-0.3922659754753113
1776636267736.9524,9.83607006072998,-0.26477953791618347,-0.3922659754753113
1776636267746.8596,9.845876693725586,-0.27458620071411133,-0.3824593424797058
1776636267756.7678,9.855683326721191,-0.2843928337097168,-0.3824593424797058
1776636267766.676,9.83607006072998,-0.26477953791618347,-0.3922659754753113
1776636267776.5842,9.826263427734375,-0.26477953791618347,-0.3824593424797058
1776636267786.4924,9.83607006072998,-0.254972904920578,-0.3824593424797058
1776636267796.4006,9.83607006072998,-0.24516624212265015,-0.3824593424797058
1776636267806.3086,9.826263427734375,-0.23535959422588348,-0.40207263827323914
1776636267816.2168,9.845876693725586,-0.24516624212265015,-0.3922659754753113
1776636267826.125,9.845876693725586,-0.29419949650764465,-0.3824593424797058
1776636267836.0332,9.845876693725586,-0.26477953791618347,-0.3922659754753113
1776636267845.9414,9.865489959716797,-0.26477953791618347,-0.3824593424797058
1776636267855.8496,9.845876693725586,-0.29419949650764465,-0.37265267968177795
1776636267865.7578,9.865489959716797,-0.26477953791618347,-0.37265267968177795
1776636267875.667,9.826263427734375,-0.27458620071411133,-0.37265267968177795
1776636267885.5752,9.845876693725586,-0.254972904920578,-0.3922659754753113
1776636267895.4834,9.83607006072998,-0.254972904920578,-0.3824593424797058
1776636267905.3926,9.826263427734375,-0.26477953791618347,-0.37265267968177795
1776636267915.3008,9.83607006072998,-0.27458620071411133,-0.3824593424797058
1776636267925.209,9.845876693725586,-0.29419949650764465,-0.3628460466861725
1776636267935.117,9.855683326721191,-0.254972904920578,-0.3922659754753113
1776636267945.0251,9.845876693725586,-0.26477953791618347,-0.40207263827323914
1776636267954.9324,9.855683326721191,-0.27458620071411133,-0.37265267968177795
1776636267964.8416,9.83607006072998,-0.26477953791618347,-0.37265267968177795
1776636267974.7498,9.826263427734375,-0.26477953791618347,-0.3824593424797058
1776636267984.659,9.826263427734375,-0.29419949650764465,-0.3922659754753113
1776636267994.5671,9.845876693725586,-0.26477953791618347,-0.37265267968177795
1776636268004.4753,9.855683326721191,-0.23535959422588348,-0.37265267968177795
1776636268014.3835,9.845876693725586,-0.2843928337097168,-0.37265267968177795
1776636268024.2908,9.865489959716797,-0.26477953791618347,-0.3922659754753113
1776636268034.198,9.855683326721191,-0.24516624212265015,-0.40207263827323914
1776636268044.104,9.83607006072998,-0.2843928337097168,-0.3628460466861725
1776636268054.0112,9.83607006072998,-0.27458620071411133,-0.3922659754753113
1776636268063.9185,9.826263427734375,-0.26477953791618347,-0.40207263827323914
1776636268073.8257,9.845876693725586,-0.27458620071411133,-0.40207263827323914
1776636268083.734,9.855683326721191,-0.254972904920578,-0.3922659754753113
1776636268093.642,9.845876693725586,-0.26477953791618347,-0.37265267968177795
1776636268103.5503,9.865489959716797,-0.27458620071411133,-0.3922659754753113
1776636268113.4575,9.845876693725586,-0.26477953791618347,-0.3922659754753113
1776636268123.3657,9.83607006072998,-0.2843928337097168,-0.3922659754753113
1776636268133.274,9.845876693725586,-0.27458620071411133,-0.40207263827323914
1776636268143.181,9.83607006072998,-0.26477953791618347,-0.3922659754753113
1776636268153.089,9.83607006072998,-0.26477953791618347,-0.3922659754753113
1776636268162.9983,9.855683326721191,-0.26477953791618347,-0.37265267968177795
1776636268172.9055,9.855683326721191,-0.26477953791618347,-0.37265267968177795
1776636268182.8137,9.865489959716797,-0.23535959422588348,-0.3824593424797058
1776636268192.722,9.855683326721191,-0.24516624212265015,-0.3922659754753113
1776636268202.6292,9.845876693725586,-0.254972904920578,-0.3922659754753113
1776636268212.5364,9.826263427734375,-0.27458620071411133,-0.3922659754753113
1776636268222.4436,9.83607006072998,-0.2843928337097168,-0.3824593424797058
1776636268232.3508,9.83607006072998,-0.2843928337097168,-0.3824593424797058
1776636268242.2578,9.83607006072998,-0.29419949650764465,-0.3824593424797058
1776636268252.1672,9.845876693725586,-0.27458620071411133,-0.3824593424797058
1776636268262.0764,9.855683326721191,-0.26477953791618347,-0.3824593424797058
1776636268271.9856,9.855683326721191,-0.26477953791618347,-0.3922659754753113
1776636268281.8938,9.845876693725586,-0.26477953791618347,-0.3922659754753113
1776636268291.802,9.845876693725586,-0.24516624212265015,-0.3824593424797058
1776636268301.7102,9.845876693725586,-0.24516624212265015,-0.37265267968177795
1776636268311.6194,9.83607006072998,-0.254972904920578,-0.3824593424797058
1776636268321.5286,9.845876693725586,-0.2843928337097168,-0.3922659754753113
1776636268331.4377,9.855683326721191,-0.254972904920578,-0.4314925968647003
1776636268341.347,9.81645679473877,-0.32361945509910583,-0.26477953791618347
1776636268351.256,9.894909858703613,-0.19613298773765564,-0.4609125256538391
1776636268361.1653,9.845876693725586,-0.26477953791618347,-0.3824593424797058
1776636268371.0725,9.81645679473877,-0.29419949650764465,-0.3628460466861725
1776636268380.9807,9.845876693725586,-0.23535959422588348,-0.40207263827323914
1776636268390.889,9.81645679473877,-0.2843928337097168,-0.3824593424797058
1776636268400.797,9.83607006072998,-0.26477953791618347,-0.3922659754753113
1776636268410.7053,9.855683326721191,-0.254972904920578,-0.3922659754753113
1776636268420.6135,9.845876693725586,-0.27458620071411133,-0.37265267968177795
1776636268430.5217,9.855683326721191,-0.254972904920578,-0.3824593424797058
1776636268440.43,9.855683326721191,-0.254972904920578,-0.37265267968177795
1776636268450.3372,9.855683326721191,-0.26477953791618347,-0.3922659754753113
1776636268460.2454,9.845876693725586,-0.27458620071411133,-0.3922659754753113
1776636268470.1545,9.826263427734375,-0.26477953791618347,-0.37265267968177795
1776636268480.0627,9.83607006072998,-0.254972904920578,-0.3824593424797058
1776636268489.971,9.83607006072998,-0.2843928337097168,-0.40207263827323914
1776636268499.8782,9.83607006072998,-0.27458620071411133,-0.40207263827323914
1776636268509.7854,9.83607006072998,-0.27458620071411133,-0.3824593424797058
1776636268519.6946,9.855683326721191,-0.27458620071411133,-0.37265267968177795
1776636268529.6025,9.83607006072998,-0.26477953791618347,-0.3824593424797058
1776636268539.5105,9.81645679473877,-0.27458620071411133,-0.3824593424797058
1776636268549.4187,9.845876693725586,-0.26477953791618347,-0.40207263827323914
1776636268559.3276,9.83607006072998,-0.254972904920578,-0.3922659754753113
1776636268569.2358,9.855683326721191,-0.2843928337097168,-0.3824593424797058
1776636268579.1438,9.855683326721191,-0.26477953791618347,-0.37265267968177795
1776636268589.0542,9.845876693725586,-0.26477953791618347,-0.3824593424797058
1776636268598.9624,9.865489959716797,-0.24516624212265015,-0.3824593424797058
1776636268608.8706,9.855683326721191,-0.24516624212265015,-0.3922659754753113
1776636268618.7788,9.83607006072998,-0.27458620071411133,-0.37265267968177795
1776636268628.687,9.845876693725586,-0.24516624212265015,-0.3824593424797058
1776636268638.5942,9.855683326721191,-0.254972904920578,-0.40207263827323914
1776636268648.5024,9.826263427734375,-0.2843928337097168,-0.40207263827323914
1776636268658.4106,9.845876693725586,-0.27458620071411133,-0.37265267968177795
1776636268668.3188,9.855683326721191,-0.26477953791618347,-0.3922659754753113
1776636268678.2273,9.83607006072998,-0.26477953791618347,-0.40207263827323914
1776636268688.1365,9.83607006072998,-0.26477953791618347,-0.3824593424797058
1776636268698.0437,9.845876693725586,-0.254972904920578,-0.40207263827323914
1776636268707.952,9.826263427734375,-0.3040061295032501,-0.37265267968177795
1776636268717.86,9.845876693725586,-0.2843928337097168,-0.3824593424797058
1776636268727.7673,9.83607006072998,-0.2843928337097168,-0.3824593424797058
1776636268737.6755,9.83607006072998,-0.27458620071411133,-0.37265267968177795
1776636268747.5837,9.845876693725586,-0.24516624212265015,-0.3628460466861725
1776636268757.4912,9.845876693725586,-0.254972904920578,-0.3922659754753113
1776636268767.3984,9.845876693725586,-0.254972904920578,-0.3922659754753113
1776636268777.3066,9.845876693725586,-0.26477953791618347,-0.3824593424797058
1776636268787.2148,9.83607006072998,-0.26477953791618347,-0.3824593424797058
1776636268797.123,9.845876693725586,-0.254972904920578,-0.3824593424797058
1776636268807.0312,9.845876693725586,-0.254972904920578,-0.3922659754753113
1776636268816.9395,9.855683326721191,-0.254972904920578,-0.3922659754753113
1776636268826.8477,9.845876693725586,-0.26477953791618347,-0.37265267968177795
1776636268836.757,9.855683326721191,-0.254972904920578,-0.37265267968177795
1776636268846.6653,9.845876693725586,-0.26477953791618347,-0.37265267968177795
1776636268856.5725,9.855683326721191,-0.27458620071411133,-0.37265267968177795
1776636268866.4807,9.845876693725586,-0.26477953791618347,-0.3824593424797058
1776636268876.389,9.826263427734375,-0.26477953791618347,-0.3824593424797058
1776636268886.2961,9.83607006072998,-0.254972904920578,-0.3922659754753113
1776636268896.2056,9.826263427734375,-0.27458620071411133,-0.37265267968177795
1776636268906.1128,9.826263427734375,-0.26477953791618347,-0.3824593424797058
1776636268916.022,9.845876693725586,-0.26477953791618347,-0.3824593424797058
1776636268925.9302,9.845876693725586,-0.27458620071411133,-0.3824593424797058
1776636268935.8384,9.855683326721191,-0.254972904920578,-0.3824593424797058
1776636268945.7468,9.845876693725586,-0.26477953791618347,-0.3922659754753113
1776636268955.655,9.855683326721191,-0.254972904920578,-0.3824593424797058
1776636268965.5632,9.845876693725586,-0.27458620071411133,-0.3922659754753113
1776636268975.4714,9.83607006072998,-0.26477953791618347,-0.40207263827323914
1776636268985.3796,9.83607006072998,-0.27458620071411133,-0.3922659754753113
1776636268995.289,9.83607006072998,-0.27458620071411133,-0.3824593424797058
1776636269005.1982,9.83607006072998,-0.2843928337097168,-0.3824593424797058
1776636269015.1064,9.855683326721191,-0.27458620071411133,-0.3824593424797058
1776636269025.0156,9.845876693725586,-0.27458620071411133,-0.3824593424797058
1776636269034.924,9.83607006072998,-0.27458620071411133,-0.3922659754753113
1776636269044.8333,9.83607006072998,-0.27458620071411133,-0.3824593424797058
1776636269054.7415,9.845876693725586,-0.26477953791618347,-0.3922659754753113
1776636269064.6497,9.855683326721191,-0.254972904920578,-0.3922659754753113
1776636269074.559,9.845876693725586,-0.254972904920578,-0.3824593424797058
1776636269084.4673,9.855683326721191,-0.24516624212265015,-0.3824593424797058
1776636269094.3755,9.845876693725586,-0.26477953791618347,-0.3824593424797058
1776636269104.2837,9.845876693725586,-0.26477953791618347,-0.40207263827323914
1776636269114.1921,9.855683326721191,-0.24516624212265015,-0.3922659754753113
1776636269124.1003,9.845876693725586,-0.27458620071411133,-0.37265267968177795
1776636269134.0076,9.845876693725586,-0.27458620071411133,-0.37265267968177795
1776636269143.9148,9.845876693725586,-0.254972904920578,-0.3922659754753113
1776636269153.822,9.826263427734375,-0.2843928337097168,-0.3824593424797058
1776636269163.7302,9.826263427734375,-0.27458620071411133,-0.3824593424797058
1776636269173.6387,9.855683326721191,-0.29419949650764465,-0.3922659754753113
1776636269183.5469,9.845876693725586,-0.2843928337097168,-0.37265267968177795
1776636269193.456,9.845876693725586,-0.26477953791618347,-0.3824593424797058
1776636269203.3643,9.865489959716797,-0.254972904920578,-0.3922659754753113
1776636269213.2727,9.845876693725586,-0.26477953791618347,-0.37265267968177795
1776636269223.181,9.83607006072998,-0.254972904920578,-0.3922659754753113
1776636269233.089,9.845876693725586,-0.254972904920578,-0.3824593424797058
1776636269242.9963,9.845876693725586,-0.27458620071411133,-0.3824593424797058
1776636269252.9048,9.845876693725586,-0.254972904920578,-0.37265267968177795
1776636269262.812,9.845876693725586,-0.26477953791618347,-0.37265267968177795
1776636269272.7192,9.83607006072998,-0.27458620071411133,-0.3922659754753113
1776636269282.6265,9.855683326721191,-0.26477953791618347,-0.3922659754753113
1776636269292.5347,9.855683326721191,-0.26477953791618347,-0.37265267968177795
1776636269302.442,9.826263427734375,-0.2843928337097168,-0.3824593424797058
1776636269312.3494,9.83607006072998,-0.26477953791618347,-0.3824593424797058
1776636269322.2566,9.845876693725586,-0.27458620071411133,-0.3824593424797058
1776636269332.1648,9.83607006072998,-0.26477953791618347,-0.3824593424797058
1776636269342.072,9.845876693725586,-0.26477953791618347,-0.37265267968177795
1776636269351.9814,9.83607006072998,-0.26477953791618347,-0.40207263827323914
1776636269361.8887,9.845876693725586,-0.27458620071411133,-0.3824593424797058
1776636269371.796,9.855683326721191,-0.254972904920578,-0.3922659754753113
1776636269381.704,9.865489959716797,-0.254972904920578,-0.3922659754753113
1776636269391.6123,9.83607006072998,-0.27458620071411133,-0.37265267968177795
1776636269401.5217,9.845876693725586,-0.26477953791618347,-0.3824593424797058
1776636269411.43,9.83607006072998,-0.27458620071411133,-0.40207263827323914
1776636269421.339,9.826263427734375,-0.29419949650764465,-0.3922659754753113
1776636269431.2476,9.855683326721191,-0.26477953791618347,-0.3922659754753113
1776636269441.1567,9.845876693725586,-0.254972904920578,-0.3824593424797058
1776636269451.0662,9.83607006072998,-0.27458620071411133,-0.3628460466861725
1776636269460.9753,9.845876693725586,-0.254972904920578,-0.3922659754753113
1776636269470.8845,9.845876693725586,-0.254972904920578,-0.40207263827323914
1776636269480.793,9.83607006072998,-0.24516624212265015,-0.3922659754753113
1776636269490.7031,9.81645679473877,-0.26477953791618347,-0.37265267968177795
1776636269500.6104,9.826263427734375,-0.26477953791618347,-0.37265267968177795
1776636269510.5188,9.845876693725586,-0.24516624212265015,-0.3824593424797058
1776636269520.427,9.845876693725586,-0.254972904920578,-0.3824593424797058
1776636269530.334,9.83607006072998,-0.254972904920578,-0.3922659754753113
1776636269540.2422,9.855683326721191,-0.26477953791618347,-0.3922659754753113
1776636269550.1501,9.845876693725586,-0.27458620071411133,-0.3922659754753113
1776636269560.0583,9.845876693725586,-0.254972904920578,-0.40207263827323914
1776636269569.9663,9.826263427734375,-0.2843928337097168,-0.3824593424797058
1776636269579.8745,9.83607006072998,-0.29419949650764465,-0.37265267968177795
1776636269589.7825,9.845876693725586,-0.2843928337097168,-0.3824593424797058
1776636269599.6904,9.845876693725586,-0.2843928337097168,-0.37265267968177795
1776636269609.5996,9.855683326721191,-0.26477953791618347,-0.3824593424797058
1776636269619.5066,9.865489959716797,-0.254972904920578,-0.3922659754753113
1776636269629.4136,9.83607006072998,-0.27458620071411133,-0.3922659754753113
1776636269639.3215,9.83607006072998,-0.254972904920578,-0.3824593424797058
1776636269649.2295,9.845876693725586,-0.23535959422588348,-0.40207263827323914
1776636269659.1375,9.83607006072998,-0.254972904920578,-0.3922659754753113
1776636269669.0454,9.83607006072998,-0.27458620071411133,-0.3922659754753113
1776636269678.9546,9.855683326721191,-0.27458620071411133,-0.3922659754753113
1776636269688.8625,9.845876693725586,-0.26477953791618347,-0.3824593424797058
1776636269698.7705,9.845876693725586,-0.27458620071411133,-0.3824593424797058
1776636269708.6785,9.845876693725586,-0.27458620071411133,-0.3824593424797058
1776636269718.5854,9.845876693725586,-0.254972904920578,-0.3824593424797058
1776636269728.4934,9.81645679473877,-0.27458620071411133,-0.3824593424797058
1776636269738.4016,9.83607006072998,-0.26477953791618347,-0.3824593424797058
1776636269748.3096,9.83607006072998,-0.254972904920578,-0.3922659754753113
1776636269758.2175,9.845876693725586,-0.26477953791618347,-0.3824593424797058
1776636269768.1245,9.865489959716797,-0.26477953791618347,-0.3824593424797058
1776636269778.0334,9.845876693725586,-0.27458620071411133,-0.3824593424797058
1776636269787.9414,9.855683326721191,-0.24516624212265015,-0.3922659754753113
1776636269797.8506,9.855683326721191,-0.27458620071411133,-0.3922659754753113
1776636269807.7585,9.83607006072998,-0.27458620071411133,-0.3922659754753113
1776636269817.6675,9.826263427734375,-0.2843928337097168,-0.3922659754753113
1776636269827.5764,9.826263427734375,-0.2843928337097168,-0.40207263827323914
1776636269837.4844,9.826263427734375,-0.2843928337097168,-0.3824593424797058
1776636269847.3936,9.83607006072998,-0.26477953791618347,-0.3824593424797058
1776636269857.3025,9.865489959716797,-0.23535959422588348,-0.3824593424797058
1776636269867.2114,9.855683326721191,-0.26477953791618347,-0.37265267968177795
1776636269877.1204,9.855683326721191,-0.23535959422588348,-0.3824593424797058
1776636269887.0283,9.855683326721191,-0.24516624212265015,-0.3824593424797058
1776636269896.9365,9.83607006072998,-0.24516624212265015,-0.3922659754753113
1776636269906.8445,9.826263427734375,-0.26477953791618347,-0.37265267968177795
1776636269916.7524,9.83607006072998,-0.2843928337097168,-0.37265267968177795
1776636269926.6614,9.845876693725586,-0.254972904920578,-0.3922659754753113
1776636269936.5693,9.845876693725586,-0.2843928337097168,-0.3922659754753113
1776636269946.4783,9.865489959716797,-0.254972904920578,-0.37265267968177795
1776636269956.3853,9.855683326721191,-0.254972904920578,-0.37265267968177795
1776636269966.2922,9.83607006072998,-0.2843928337097168,-0.3824593424797058
1776636269976.2004,9.845876693725586,-0.27458620071411133,-0.40207263827323914
1776636269986.1084,9.845876693725586,-0.26477953791618347,-0.40207263827323914
1776636269996.0164,9.83607006072998,-0.2843928337097168,-0.37265267968177795
1776636270005.9243,9.845876693725586,-0.254972904920578,-0.3628460466861725
1776636270015.8313,9.845876693725586,-0.27458620071411133,-0.37265267968177795
1776636270025.7393,9.855683326721191,-0.254972904920578,-0.3824593424797058
1776636270035.6472,9.855683326721191,-0.254972904920578,-0.3824593424797058
1776636270045.5552,9.855683326721191,-0.254972904920578,-0.3824593424797058
1776636270055.4644,9.845876693725586,-0.26477953791618347,-0.40207263827323914
1776636270065.3723,9.845876693725586,-0.26477953791618347,-0.3824593424797058
1776636270075.2812,9.845876693725586,-0.254972904920578,-0.37265267968177795
1776636270085.1892,9.83607006072998,-0.26477953791618347,-0.3922659754753113
1776636270095.0972,9.83607006072998,-0.2843928337097168,-0.37265267968177795
1776636270105.0051,9.855683326721191,-0.26477953791618347,-0.37265267968177795
1776636270114.913,9.855683326721191,-0.26477953791618347,-0.37265267968177795
1776636270124.821,9.855683326721191,-0.26477953791618347,-0.3824593424797058
1776636270134.7292,9.855683326721191,-0.254972904920578,-0.3922659754753113
1776636270144.6362,9.845876693725586,-0.27458620071411133,-0.37265267968177795
1776636270154.5442,9.855683326721191,-0.24516624212265015,-0.3824593424797058
1776636270164.4521,9.826263427734375,-0.26477953791618347,-0.3824593424797058
1776636270174.3591,9.83607006072998,-0.24516624212265015,-0.3824593424797058
1776636270184.267,9.855683326721191,-0.23535959422588348,-0.37265267968177795
1776636270194.174,9.83607006072998,-0.26477953791618347,-0.3922659754753113
1776636270204.082,9.83607006072998,-0.27458620071411133,-0.3922659754753113
1776636270213.989,9.845876693725586,-0.26477953791618347,-0.3922659754753113
1776636270223.898,9.845876693725586,-0.26477953791618347,-0.3922659754753113
1776636270233.806,9.845876693725586,-0.2843928337097168,-0.37265267968177795
1776636270243.7139,9.83607006072998,-0.26477953791618347,-0.3922659754753113
1776636270253.6218,9.83607006072998,-0.26477953791618347,-0.3922659754753113
1776636270263.5288,9.83607006072998,-0.2843928337097168,-0.3922659754753113
1776636270273.4358,9.845876693725586,-0.254972904920578,-0.3824593424797058
1776636270283.3428,9.845876693725586,-0.24516624212265015,-0.3824593424797058
1776636270293.2498,9.845876693725586,-0.26477953791618347,-0.37265267968177795
1776636270303.1567,9.855683326721191,-0.254972904920578,-0.40207263827323914
1776636270313.0637,9.855683326721191,-0.26477953791618347,-0.3824593424797058
1776636270322.9707,9.855683326721191,-0.254972904920578,-0.3824593424797058
1776636270332.8777,9.845876693725586,-0.26477953791618347,-0.37265267968177795
1776636270342.7847,9.83607006072998,-0.26477953791618347,-0.3824593424797058
1776636270352.6917,9.826263427734375,-0.26477953791618347,-0.3922659754753113
1776636270362.5986,9.83607006072998,-0.26477953791618347,-0.40207263827323914
1776636270372.5056,9.845876693725586,-0.26477953791618347,-0.37265267968177795
1776636270382.4136,9.83607006072998,-0.27458620071411133,-0.3922659754753113
1776636270392.3218,9.855683326721191,-0.27458620071411133,-0.3824593424797058
1776636270402.2297,9.845876693725586,-0.27458620071411133,-0.3922659754753113
1776636270412.1367,9.845876693725586,-0.27458620071411133,-0.37265267968177795
1776636270422.0447,9.845876693725586,-0.254972904920578,-0.3628460466861725
1776636270431.9526,9.845876693725586,-0.254972904920578,-0.3824593424797058
1776636270441.8606,9.83607006072998,-0.27458620071411133,-0.37265267968177795
1776636270451.7686,9.845876693725586,-0.26477953791618347,-0.3824593424797058
1776636270461.6765,9.855683326721191,-0.24516624212265015,-0.3922659754753113
1776636270471.5854,9.83607006072998,-0.27458620071411133,-0.37265267968177795
1776636270481.4934,9.845876693725586,-0.24516624212265015,-0.37265267968177795
1776636270491.4023,9.865489959716797,-0.24516624212265015,-0.3922659754753113
1776636270501.3113,9.845876693725586,-0.26477953791618347,-0.3824593424797058
1776636270511.2195,9.845876693725586,-0.27458620071411133,-0.3824593424797058
1776636270521.1274,9.83607006072998,-0.27458620071411133,-0.3922659754753113
1776636270531.0364,9.826263427734375,-0.27458620071411133,-0.3824593424797058
1776636270540.9443,9.83607006072998,-0.27458620071411133,-0.3922659754753113
1776636270550.8523,9.826263427734375,-0.29419949650764465,-0.3824593424797058
1776636270560.7603,9.855683326721191,-0.27458620071411133,-0.3922659754753113
1776636270570.6702,9.865489959716797,-0.2843928337097168,-0.3824593424797058
1776636270580.579,9.845876693725586,-0.27458620071411133,-0.3824593424797058
1776636270590.488,9.83607006072998,-0.24516624212265015,-0.3824593424797058
1776636270600.396,9.83607006072998,-0.254972904920578,-0.3824593424797058
1776636270610.3027,9.826263427734375,-0.26477953791618347,-0.3922659754753113
1776636270620.2107,9.826263427734375,-0.254972904920578,-0.37265267968177795
1776636270630.1174,9.826263427734375,-0.27458620071411133,-0.40207263827323914
1776636270640.0244,9.845876693725586,-0.254972904920578,-0.3824593424797058
1776636270649.9321,9.845876693725586,-0.24516624212265015,-0.3824593424797058
1776636270659.839,9.845876693725586,-0.26477953791618347,-0.3922659754753113
1776636270669.7458,9.845876693725586,-0.27458620071411133,-0.3824593424797058
1776636270679.6526,9.845876693725586,-0.27458620071411133,-0.3922659754753113
1776636270689.5605,9.845876693725586,-0.26477953791618347,-0.3824593424797058
1776636270699.4683,9.845876693725586,-0.26477953791618347,-0.37265267968177795
1776636270709.3762,9.83607006072998,-0.254972904920578,-0.3922659754753113
1776636270719.283,9.826263427734375,-0.254972904920578,-0.37265267968177795
1776636270729.19,9.845876693725586,-0.254972904920578,-0.3824593424797058
1776636270739.0967,9.83607006072998,-0.254972904920578,-0.3824593424797058
1776636270749.0046,9.845876693725586,-0.254972904920578,-0.3824593424797058
1776636270758.9124,9.845876693725586,-0.254972904920578,-0.3922659754753113
1776636270768.8193,9.83607006072998,-0.26477953791618347,-0.3824593424797058
1776636270778.726,9.83607006072998,-0.26477953791618347,-0.3922659754753113
1776636270788.6338,9.855683326721191,-0.24516624212265015,-0.3922659754753113
1776636270798.5417,9.845876693725586,-0.27458620071411133,-0.3922659754753113
1776636270808.4504,9.845876693725586,-0.27458620071411133,-0.37265267968177795
1776636270818.3584,9.855683326721191,-0.254972904920578,-0.3824593424797058
1776636270828.266,9.845876693725586,-0.26477953791618347,-0.3922659754753113
1776636270838.175,9.845876693725586,-0.27458620071411133,-0.3824593424797058
1776636270848.0828,9.83607006072998,-0.254972904920578,-0.3824593424797058
1776636270857.9927,9.83607006072998,-0.254972904920578,-0.3922659754753113
1776636270867.9014,9.845876693725586,-0.2843928337097168,-0.3824593424797058
1776636270877.8093,9.845876693725586,-0.26477953791618347,-0.3922659754753113
1776636270887.717,9.845876693725586,-0.254972904920578,-0.3824593424797058
1776636270897.625,9.826263427734375,-0.27458620071411133,-0.37265267968177795
1776636270907.5337,9.845876693725586,-0.26477953791618347,-0.3824593424797058
1776636270917.4426,9.83607006072998,-0.27458620071411133,-0.3922659754753113
1776636270927.3503,9.83607006072998,-0.2843928337097168,-0.3824593424797058
1776636270937.2583,9.83607006072998,-0.27458620071411133,-0.3824593424797058
1776636270947.166,9.855683326721191,-0.254972904920578,-0.3922659754753113
1776636270957.075,9.845876693725586,-0.254972904920578,-0.3824593424797058
1776636270966.9827,9.83607006072998,-0.26477953791618347,-0.3922659754753113
1776636270976.8904,9.845876693725586,-0.254972904920578,-0.37265267968177795
1776636270986.7983,9.865489959716797,-0.24516624212265015,-0.3824593424797058
1776636270996.706,9.845876693725586,-0.254972904920578,-0.3824593424797058
1776636271006.614,9.826263427734375,-0.26477953791618347,-0.3922659754753113
1776636271016.5217,9.855683326721191,-0.26477953791618347,-0.3922659754753113
1776636271026.4294,9.845876693725586,-0.27458620071411133,-0.35303938388824463
1776636271036.3384,9.855683326721191,-0.27458620071411133,-0.3628460466861725
1776636271046.245,9.855683326721191,-0.29419949650764465,-0.3824593424797058
1776636271056.1528,9.83607006072998,-0.26477953791618347,-0.3922659754753113
1776636271066.0598,9.83607006072998,-0.27458620071411133,-0.3922659754753113
1776636271075.9675,9.826263427734375,-0.27458620071411133,-0.3922659754753113
1776636271085.8752,9.845876693725586,-0.254972904920578,-0.3824593424797058
1776636271095.7822,9.83607006072998,-0.26477953791618347,-0.3922659754753113
1776636271105.689,9.855683326721191,-0.254972904920578,-0.40207263827323914
1776636271115.5957,9.83607006072998,-0.27458620071411133,-0.3628460466861725
1776636271125.5037,9.855683326721191,-0.24516624212265015,-0.37265267968177795
1776636271135.4104,9.875296592712402,-0.26477953791618347,-0.3922659754753113
1776636271145.3171,9.845876693725586,-0.2843928337097168,-0.40207263827323914
1776636271155.2249,9.826263427734375,-0.26477953791618347,-0.3824593424797058
1776636271165.1328,9.826263427734375,-0.254972904920578,-0.3824593424797058
1776636271175.0405,9.83607006072998,-0.27458620071411133,-0.3824593424797058
1776636271184.9482,9.845876693725586,-0.27458620071411133,-0.37265267968177795
1776636271194.8552,9.845876693725586,-0.2843928337097168,-0.3824593424797058
1776636271204.763,9.845876693725586,-0.26477953791618347,-0.40207263827323914
1776636271214.6707,9.855683326721191,-0.26477953791618347,-0.3922659754753113
1776636271224.5796,9.845876693725586,-0.27458620071411133,-0.37265267968177795
1776636271234.4873,9.845876693725586,-0.254972904920578,-0.3824593424797058
1776636271244.395,9.826263427734375,-0.26477953791618347,-0.3922659754753113
1776636271254.303,9.826263427734375,-0.26477953791618347,-0.3922659754753113
1776636271264.2097,9.845876693725586,-0.254972904920578,-0.3922659754753113
1776636271274.1165,9.845876693725586,-0.26477953791618347,-0.3922659754753113
1776636271284.0232,9.855683326721191,-0.254972904920578,-0.37265267968177795
1776636271293.93,9.845876693725586,-0.254972904920578,-0.3922659754753113
1776636271303.837,9.83607006072998,-0.254972904920578,-0.3922659754753113
1776636271313.7437,9.845876693725586,-0.254972904920578,-0.3922659754753113
1776636271323.6514,9.83607006072998,-0.27458620071411133,-0.37265267968177795
1776636271333.559,9.845876693725586,-0.254972904920578,-0.37265267968177795
1776636271343.467,9.81645679473877,-0.26477953791618347,-0.3922659754753113
1776636271353.3748,9.83607006072998,-0.26477953791618347,-0.3824593424797058
1776636271363.2815,9.855683326721191,-0.26477953791618347,-0.3824593424797058
1776636271373.1902,9.845876693725586,-0.2843928337097168,-0.3824593424797058
1776636271383.0981,9.855683326721191,-0.254972904920578,-0.3824593424797058
1776636271393.005,9.83607006072998,-0.27458620071411133,-0.3922659754753113
1776636271402.9126,9.83607006072998,-0.26477953791618347,-0.3824593424797058
1776636271412.8203,9.83607006072998,-0.24516624212265015,-0.40207263827323914
1776636271422.728,9.845876693725586,-0.26477953791618347,-0.3824593424797058
1776636271432.635,9.855683326721191,-0.254972904920578,-0.3824593424797058
1776636271442.5417,9.845876693725586,-0.26477953791618347,-0.3824593424797058
1776636271452.4495,9.855683326721191,-0.26477953791618347,-0.3922659754753113
1776636271462.3562,9.845876693725586,-0.254972904920578,-0.37265267968177795
1776636271472.263,9.83607006072998,-0.27458620071411133,-0.37265267968177795
1776636271482.1697,9.845876693725586,-0.254972904920578,-0.40207263827323914
1776636271492.0754,9.826263427734375,-0.254972904920578,-0.3824593424797058
1776636271501.9822,9.826263427734375,-0.27458620071411133,-0.37265267968177795
1776636271511.888,9.83607006072998,-0.26477953791618347,-0.37265267968177795
1776636271521.7937,9.83607006072998,-0.2843928337097168,-0.3922659754753113
1776636271531.7017,9.855683326721191,-0.26477953791618347,-0.3824593424797058
1776636271541.6084,9.83607006072998,-0.26477953791618347,-0.3824593424797058
1776636271551.5151,9.83607006072998,-0.26477953791618347,-0.3824593424797058
1776636271561.4219,9.855683326721191,-0.254972904920578,-0.3824593424797058
1776636271571.3286,9.845876693725586,-0.26477953791618347,-0.37265267968177795
1776636271581.2354,9.845876693725586,-0.254972904920578,-0.40207263827323914
1776636271591.1433,9.845876693725586,-0.27458620071411133,-0.3824593424797058
1776636271601.0515,9.845876693725586,-0.254972904920578,-0.35303938388824463
1776636271610.9585,9.855683326721191,-0.254972904920578,-0.37265267968177795
1776636271620.8667,9.845876693725586,-0.24516624212265015,-0.40207263827323914
1776636271630.7737,9.865489959716797,-0.26477953791618347,-0.37265267968177795
1776636271640.681,9.855683326721191,-0.254972904920578,-0.37265267968177795
1776636271650.5889,9.845876693725586,-0.254972904920578,-0.3824593424797058
1776636271660.496,9.845876693725586,-0.26477953791618347,-0.3922659754753113
1776636271670.4043,9.845876693725586,-0.26477953791618347,-0.3922659754753113
1776636271680.3123,9.845876693725586,-0.254972904920578,-0.3922659754753113
1776636271690.2214,9.83607006072998,-0.27458620071411133,-0.3922659754753113
1776636271700.1306,9.845876693725586,-0.26477953791618347,-0.37265267968177795
1776636271710.0388,9.845876693725586,-0.254972904920578,-0.3922659754753113
1776636271719.9458,9.83607006072998,-0.26477953791618347,-0.3922659754753113
1776636271729.855,9.83607006072998,-0.254972904920578,-0.3922659754753113
1776636271739.7642,9.845876693725586,-0.254972904920578,-0.3922659754753113
1776636271749.672,9.855683326721191,-0.254972904920578,-0.3824593424797058
1776636271759.5803,9.865489959716797,-0.254972904920578,-0.3824593424797058
1776636271769.4885,9.845876693725586,-0.27458620071411133,-0.3922659754753113
1776636271779.3965,9.826263427734375,-0.29419949650764465,-0.3824593424797058
1776636271789.3037,9.855683326721191,-0.27458620071411133,-0.3824593424797058
1776636271799.2117,9.855683326721191,-0.26477953791618347,-0.37265267968177795
1776636271809.1199,9.855683326721191,-0.26477953791618347,-0.3824593424797058
1776636271819.028,9.83607006072998,-0.254972904920578,-0.3922659754753113
1776636271828.936,9.83607006072998,-0.26477953791618347,-0.3922659754753113
1776636271838.8442,9.83607006072998,-0.26477953791618347,-0.3824593424797058
1776636271848.7524,9.845876693725586,-0.254972904920578,-0.3824593424797058
1776636271858.6606,9.865489959716797,-0.27458620071411133,-0.3824593424797058
1776636271868.5676,9.83607006072998,-0.26477953791618347,-0.3824593424797058
1776636271878.4758,9.845876693725586,-0.26477953791618347,-0.3824593424797058
1776636271888.385,9.855683326721191,-0.254972904920578,-0.3922659754753113
1776636271898.294,9.855683326721191,-0.26477953791618347,-0.3922659754753113
1776636271908.2031,9.845876693725586,-0.254972904920578,-0.3824593424797058
1776636271918.1133,9.83607006072998,-0.24516624212265015,-0.3824593424797058
1776636271928.0225,9.855683326721191,-0.23535959422588348,-0.3922659754753113
1776636271937.9304,9.83607006072998,-0.254972904920578,-0.40207263827323914
1776636271947.8396,9.83607006072998,-0.26477953791618347,-0.3824593424797058
1776636271957.7488,9.855683326721191,-0.254972904920578,-0.3628460466861725
1776636271967.658,9.845876693725586,-0.254972904920578,-0.3922659754753113
1776636271977.5671,9.855683326721191,-0.26477953791618347,-0.37265267968177795
1776636271987.476,9.865489959716797,-0.254972904920578,-0.3824593424797058
1776636271997.3853,9.855683326721191,-0.26477953791618347,-0.3922659754753113
1776636272007.2954,9.826263427734375,-0.27458620071411133,-0.37265267968177795
1776636272017.2036,9.83607006072998,-0.254972904920578,-0.3824593424797058
1776636272027.1125,9.855683326721191,-0.27458620071411133,-0.3824593424797058
1776636272037.0208,9.845876693725586,-0.26477953791618347,-0.3922659754753113
1776636272046.93,9.845876693725586,-0.24516624212265015,-0.40207263827323914
1776636272056.839,9.826263427734375,-0.2843928337097168,-0.37265267968177795
1776636272066.747,9.83607006072998,-0.26477953791618347,-0.3824593424797058
1776636272076.6553,9.83607006072998,-0.254972904920578,-0.37265267968177795
1776636272086.5645,9.83607006072998,-0.254972904920578,-0.3824593424797058
1776636272096.4727,9.845876693725586,-0.254972904920578,-0.3922659754753113
1776636272106.3816,9.83607006072998,-0.254972904920578,-0.3824593424797058
1776636272116.2908,9.83607006072998,-0.2843928337097168,-0.3922659754753113
1776636272126.199,9.845876693725586,-0.23535959422588348,-0.37265267968177795
1776636272136.1072,9.826263427734375,-0.2843928337097168,-0.3628460466861725
1776636272146.016,9.83607006072998,-0.2843928337097168,-0.3824593424797058
1776636272155.9233,9.845876693725586,-0.27458620071411133,-0.3922659754753113
1776636272165.8325,9.83607006072998,-0.29419949650764465,-0.3922659754753113
1776636272175.7407,9.845876693725586,-0.254972904920578,-0.3824593424797058
1776636272185.6497,9.845876693725586,-0.27458620071411133,-0.3824593424797058
1776636272195.5579,9.845876693725586,-0.254972904920578,-0.3824593424797058
1776636272205.467,9.83607006072998,-0.26477953791618347,-0.3824593424797058
1776636272215.3762,9.845876693725586,-0.27458620071411133,-0.3922659754753113
1776636272225.2852,9.855683326721191,-0.26477953791618347,-0.37265267968177795
1776636272235.1943,9.845876693725586,-0.26477953791618347,-0.37265267968177795
1776636272245.1025,9.855683326721191,-0.24516624212265015,-0.40207263827323914
1776636272255.0107,9.83607006072998,-0.24516624212265015,-0.37265267968177795
1776636272264.9187,9.83607006072998,-0.254972904920578,-0.3922659754753113
1776636272274.828,9.845876693725586,-0.27458620071411133,-0.3922659754753113
1776636272284.736,9.83607006072998,-0.2843928337097168,-0.37265267968177795
1776636272294.6453,9.845876693725586,-0.27458620071411133,-0.3824593424797058
1776636272304.5535,9.855683326721191,-0.27458620071411133,-0.3824593424797058
1776636272314.4614,9.865489959716797,-0.26477953791618347,-0.3922659754753113
1776636272324.3696,9.855683326721191,-0.26477953791618347,-0.3922659754753113
1776636272334.2778,9.855683326721191,-0.27458620071411133,-0.3824593424797058
1776636272344.187,9.83607006072998,-0.26477953791618347,-0.3824593424797058
1776636272354.095,9.855683326721191,-0.26477953791618347,-0.37265267968177795
1776636272364.0042,9.855683326721191,-0.24516624212265015,-0.3824593424797058
1776636272373.9133,9.845876693725586,-0.24516624212265015,-0.40207263827323914
1776636272383.8215,9.83607006072998,-0.26477953791618347,-0.3824593424797058
1776636272393.7295,9.865489959716797,-0.254972904920578,-0.3824593424797058
1776636272403.6377,9.845876693725586,-0.26477953791618347,-0.3824593424797058
1776636272413.546,9.845876693725586,-0.254972904920578,-0.3922659754753113
1776636272423.455,9.826263427734375,-0.2843928337097168,-0.37265267968177795
1776636272433.363,9.83607006072998,-0.2843928337097168,-0.3824593424797058
1776636272443.2712,9.855683326721191,-0.27458620071411133,-0.37265267968177795
1776636272453.1804,9.845876693725586,-0.254972904920578,-0.3922659754753113
1776636272463.0886,9.855683326721191,-0.24516624212265015,-0.3922659754753113
1776636272472.9966,9.845876693725586,-0.254972904920578,-0.3922659754753113
1776636272482.9048,9.845876693725586,-0.254972904920578,-0.37265267968177795
1776636272492.814,9.865489959716797,-0.254972904920578,-0.3824593424797058
1776636272502.7231,9.845876693725586,-0.254972904920578,-0.40207263827323914
1776636272512.6313,9.865489959716797,-0.23535959422588348,-0.3824593424797058
1776636272522.5403,9.855683326721191,-0.254972904920578,-0.37265267968177795
1776636272532.4485,9.845876693725586,-0.24516624212265015,-0.37265267968177795
1776636272542.3577,9.855683326721191,-0.24516624212265015,-0.3824593424797058
1776636272552.2668,9.83607006072998,-0.2843928337097168,-0.3628460466861725
1776636272562.175,9.826263427734375,-0.2843928337097168,-0.37265267968177795
1776636272572.084,9.855683326721191,-0.26477953791618347,-0.37265267968177795
1776636272581.9922,9.826263427734375,-0.23535959422588348,-0.411879301071167
1776636272591.9004,9.875296592712402,-0.21574629843235016,-0.3824593424797058
1776636272601.8083,9.845876693725586,-0.27458620071411133,-0.35303938388824463
1776636272611.7163,9.83607006072998,-0.2843928337097168,-0.3824593424797058
1776636272621.6245,9.83607006072998,-0.27458620071411133,-0.40207263827323914
1776636272631.5325,9.826263427734375,-0.3334260880947113,-0.3824593424797058
1776636272641.4404,9.81645679473877,-0.3334260880947113,-0.40207263827323914
1776636272651.3484,9.81645679473877,-0.32361945509910583,-0.40207263827323914
1776636272661.2566,9.845876693725586,-0.3040061295032501,-0.411879301071167
1776636272671.1655,9.83607006072998,-0.3040061295032501,-0.40207263827323914
1776636272681.0745,9.865489959716797,-0.254972904920578,-0.3922659754753113
1776636272690.9827,9.885103225708008,-0.22555294632911682,-0.3922659754753113
1776636272700.8916,9.855683326721191,-0.21574629843235016,-0.3824593424797058
1776636272710.7996,9.845876693725586,-0.22555294632911682,-0.3628460466861725
1776636272720.7087,9.855683326721191,-0.24516624212265015,-0.3824593424797058
1776636272730.6167,9.855683326721191,-0.26477953791618347,-0.411879301071167
1776636272740.5247,9.855683326721191,-0.27458620071411133,-0.3628460466861725
1776636272750.4338,9.83607006072998,-0.29419949650764465,-0.3824593424797058
1776636272760.3418,9.83607006072998,-0.27458620071411133,-0.40207263827323914
1776636272770.2507,9.845876693725586,-0.2843928337097168,-0.3824593424797058
1776636272780.161,9.83607006072998,-0.29419949650764465,-0.3922659754753113
1776636272790.0698,9.845876693725586,-0.2843928337097168,-0.40207263827323914
1776636272799.979,9.81645679473877,-0.2843928337097168,-0.3824593424797058
1776636272809.887,9.806650161743164,-0.29419949650764465,-0.40207263827323914
1776636272819.796,9.83607006072998,-0.2843928337097168,-0.40207263827323914
1776636272829.705,9.83607006072998,-0.313812792301178,-0.3628460466861725
1776636272839.613,9.845876693725586,-0.29419949650764465,-0.3628460466861725
1776636272849.522,9.875296592712402,-0.254972904920578,-0.3628460466861725
1776636272859.4302,9.865489959716797,-0.23535959422588348,-0.34323275089263916
1776636272869.339,9.855683326721191,-0.23535959422588348,-0.3922659754753113
1776636272879.247,9.894909858703613,-0.156906396150589,-0.40207263827323914
1776636272889.1553,9.904716491699219,-0.10787314921617508,-0.3824593424797058
1776636272899.0623,9.826263427734375,-0.22555294632911682,-0.3334260880947113
1776636272908.9692,9.826263427734375,-0.24516624212265015,-0.37265267968177795
1776636272918.8762,9.855683326721191,-0.2059396505355835,-0.34323275089263916
1776636363224.0164,0.0784531980752945,9.73800277709961,-0.32361945509910583
1776636363233.9285,0.08825984597206116,9.728196144104004,-0.32361945509910583
1776636363243.8394,0.08825984597206116,9.728196144104004,-0.313812792301178
1776636363253.7512,0.10787314921617508,9.728196144104004,-0.3334260880947113
1776636363263.6624,0.08825984597206116,9.728196144104004,-0.32361945509910583
1776636363273.5732,0.09806649386882782,9.73800277709961,-0.3334260880947113
1776636363283.4863,0.09806649386882782,9.73800277709961,-0.3334260880947113
1776636363293.3972,0.09806649386882782,9.73800277709961,-0.32361945509910583
1776636363303.3103,0.09806649386882782,9.73800277709961,-0.3334260880947113
1776636363313.2222,0.09806649386882782,9.728196144104004,-0.3334260880947113
1776636363323.1343,0.10787314921617508,9.728196144104004,-0.3334260880947113
1776636363333.0461,0.08825984597206116,9.73800277709961,-0.34323275089263916
1776636363342.958,0.08825984597206116,9.747809410095215,-0.3334260880947113
1776636363352.87,0.09806649386882782,9.75761604309082,-0.3334260880947113
1776636363362.781,0.09806649386882782,9.728196144104004,-0.34323275089263916
1776636363372.693,0.09806649386882782,9.728196144104004,-0.35303938388824463
1776636363382.604,0.08825984597206116,9.75761604309082,-0.34323275089263916
1776636363392.5159,0.0784531980752945,9.747809410095215,-0.34323275089263916
1776636363402.427,0.09806649386882782,9.747809410095215,-0.3334260880947113
1776636363412.3389,0.09806649386882782,9.728196144104004,-0.3334260880947113
1776636363422.251,0.08825984597206116,9.728196144104004,-0.34323275089263916
1776636363432.1619,0.08825984597206116,9.728196144104004,-0.34323275089263916
1776636363442.0718,0.08825984597206116,9.747809410095215,-0.35303938388824463
1776636363451.983,0.08825984597206116,9.747809410095215,-0.3334260880947113
1776636363461.8938,0.0784531980752945,9.73800277709961,-0.32361945509910583
1776636363471.8047,0.08825984597206116,9.747809410095215,-0.35303938388824463
1776636363481.7158,0.08825984597206116,9.73800277709961,-0.34323275089263916
1776636363491.6267,0.0784531980752945,9.728196144104004,-0.3334260880947113
1776636363501.5376,0.09806649386882782,9.718389511108398,-0.3334260880947113
1776636363511.4487,0.08825984597206116,9.728196144104004,-0.3334260880947113
1776636363521.3596,0.08825984597206116,9.747809410095215,-0.32361945509910583
1776636363531.2715,0.09806649386882782,9.73800277709961,-0.3040061295032501
1776636363541.1826,0.09806649386882782,9.747809410095215,-0.32361945509910583
1776636363551.0945,0.10787314921617508,9.73800277709961,-0.32361945509910583
1776636363561.0056,0.10787314921617508,9.728196144104004,-0.3334260880947113
1776636363570.9165,0.09806649386882782,9.73800277709961,-0.3334260880947113
1776636363580.8274,0.10787314921617508,9.728196144104004,-0.3334260880947113
1776636363590.7395,0.0784531980752945,9.73800277709961,-0.3334260880947113
1776636363600.6504,0.09806649386882782,9.747809410095215,-0.34323275089263916
1776636363610.5603,0.09806649386882782,9.767423629760742,-0.3334260880947113
1776636363620.4702,0.09806649386882782,9.73800277709961,-0.3334260880947113
1776636363630.3823,0.08825984597206116,9.73800277709961,-0.34323275089263916
1776636363640.2922,0.08825984597206116,9.728196144104004,-0.3334260880947113
1776636363650.2031,0.09806649386882782,9.73800277709961,-0.3334260880947113
1776636363660.1143,0.09806649386882782,9.728196144104004,-0.3334260880947113
1776636363670.0251,0.08825984597206116,9.728196144104004,-0.35303938388824463
1776636363679.936,0.08825984597206116,9.73800277709961,-0.35303938388824463
1776636363689.846,0.09806649386882782,9.73800277709961,-0.3334260880947113
1776636363699.7568,0.10787314921617508,9.73800277709961,-0.34323275089263916
1776636363709.6667,0.08825984597206116,9.75761604309082,-0.3334260880947113
1776636363719.5767,0.09806649386882782,9.747809410095215,-0.32361945509910583
1776636363729.4875,0.09806649386882782,9.728196144104004,-0.34323275089263916
1776636363739.3984,0.09806649386882782,9.73800277709961,-0.35303938388824463
1776636363749.3083,0.09806649386882782,9.747809410095215,-0.3334260880947113
1776636363759.2192,0.08825984597206116,9.728196144104004,-0.3334260880947113
1776636363769.131,0.0784531980752945,9.73800277709961,-0.3334260880947113
1776636363779.042,0.08825984597206116,9.73800277709961,-0.32361945509910583
1776636363788.954,0.09806649386882782,9.73800277709961,-0.34323275089263916
1776636363798.8638,0.08825984597206116,9.73800277709961,-0.32361945509910583
1776636363808.775,0.08825984597206116,9.73800277709961,-0.32361945509910583
1776636363818.6848,0.08825984597206116,9.728196144104004,-0.3334260880947113
1776636363828.5957,0.0784531980752945,9.747809410095215,-0.34323275089263916
1776636363838.5056,0.0784531980752945,9.747809410095215,-0.313812792301178
1776636363848.4165,0.09806649386882782,9.73800277709961,-0.32361945509910583
1776636363858.3274,0.09806649386882782,9.73800277709961,-0.3040061295032501
1776636363868.2393,0.08825984597206116,9.747809410095215,-0.32361945509910583
1776636363878.1511,0.08825984597206116,9.728196144104004,-0.3334260880947113
1776636363888.063,0.0784531980752945,9.73800277709961,-0.3334260880947113
1776636363897.9739,0.09806649386882782,9.747809410095215,-0.32361945509910583
1776636363907.8857,0.09806649386882782,9.75761604309082,-0.3334260880947113
1776636363917.7966,0.09806649386882782,9.75761604309082,-0.34323275089263916
1776636363927.7087,0.09806649386882782,9.73800277709961,-0.32361945509910583
1776636363937.6196,0.09806649386882782,9.747809410095215,-0.3334260880947113
1776636363947.5305,0.0784531980752945,9.718389511108398,-0.3334260880947113
1776636363957.4414,0.09806649386882782,9.728196144104004,-0.34323275089263916
1776636363967.3523,0.08825984597206116,9.728196144104004,-0.34323275089263916
1776636363977.2632,0.09806649386882782,9.718389511108398,-0.34323275089263916
1776636363987.174,0.08825984597206116,9.73800277709961,-0.34323275089263916
1776636363997.085,0.09806649386882782,9.747809410095215,-0.3334260880947113
1776636364006.9968,0.10787314921617508,9.73800277709961,-0.34323275089263916
1776636364016.9077,0.09806649386882782,9.747809410095215,-0.35303938388824463
1776636364026.8176,0.09806649386882782,9.728196144104004,-0.34323275089263916
1776636364036.7295,0.08825984597206116,9.73800277709961,-0.3334260880947113
1776636364046.6394,0.08825984597206116,9.728196144104004,-0.35303938388824463
1776636364056.5503,0.09806649386882782,9.728196144104004,-0.34323275089263916
1776636364066.4612,0.08825984597206116,9.747809410095215,-0.34323275089263916
1776636364076.373,0.08825984597206116,9.75761604309082,-0.34323275089263916
1776636364086.283,0.09806649386882782,9.73800277709961,-0.3334260880947113
1776636364096.1938,0.09806649386882782,9.728196144104004,-0.3334260880947113
1776636364106.1047,0.09806649386882782,9.75761604309082,-0.3334260880947113
1776636364116.0156,0.09806649386882782,9.73800277709961,-0.3334260880947113
1776636364125.9265,0.09806649386882782,9.73800277709961,-0.34323275089263916
1776636364135.8374,0.08825984597206116,9.73800277709961,-0.34323275089263916
1776636364145.7493,0.0784531980752945,9.728196144104004,-0.3334260880947113
1776636364155.6602,0.10787314921617508,9.728196144104004,-0.3334260880947113
1776636364165.571,0.10787314921617508,9.73800277709961,-0.34323275089263916
1776636364175.482,0.09806649386882782,9.73800277709961,-0.34323275089263916
1776636364185.393,0.0784531980752945,9.747809410095215,-0.35303938388824463
1776636364195.3027,0.08825984597206116,9.747809410095215,-0.34323275089263916
1776636364205.2148,0.08825984597206116,9.728196144104004,-0.34323275089263916
1776636364215.1245,0.08825984597206116,9.73800277709961,-0.3334260880947113
1776636364225.0344,0.09806649386882782,9.728196144104004,-0.3334260880947113
1776636364234.9443,0.08825984597206116,9.747809410095215,-0.35303938388824463
1776636364244.8542,0.10787314921617508,9.728196144104004,-0.35303938388824463
1776636364254.7642,0.09806649386882782,9.73800277709961,-0.35303938388824463
1776636364264.674,0.10787314921617508,9.73800277709961,-0.3334260880947113
1776636364274.584,0.08825984597206116,9.747809410095215,-0.32361945509910583
1776636364284.4949,0.09806649386882782,9.73800277709961,-0.3334260880947113
1776636364294.4048,0.09806649386882782,9.73800277709961,-0.32361945509910583
1776636364304.3147,0.09806649386882782,9.728196144104004,-0.35303938388824463
1776636364314.2246,0.08825984597206116,9.728196144104004,-0.34323275089263916
1776636364324.1335,0.09806649386882782,9.73800277709961,-0.34323275089263916
1776636364334.0432,0.09806649386882782,9.728196144104004,-0.3334260880947113
1776636364343.954,0.09806649386882782,9.718389511108398,-0.3334260880947113
1776636364353.864,0.09806649386882782,9.718389511108398,-0.35303938388824463
1776636364363.775,0.09806649386882782,9.73800277709961,-0.34323275089263916
1776636364373.6858,0.08825984597206116,9.73800277709961,-0.32361945509910583
1776636364383.5967,0.08825984597206116,9.747809410095215,-0.34323275089263916
1776636364393.5066,0.08825984597206116,9.73800277709961,-0.3334260880947113
1776636364403.4175,0.09806649386882782,9.73800277709961,-0.3334260880947113
1776636364413.3284,0.08825984597206116,9.728196144104004,-0.34323275089263916
1776636364423.2383,0.08825984597206116,9.747809410095215,-0.3334260880947113
1776636364433.1492,0.0784531980752945,9.728196144104004,-0.32361945509910583
1776636364443.06,0.08825984597206116,9.728196144104004,-0.32361945509910583
1776636364452.971,0.08825984597206116,9.73800277709961,-0.32361945509910583
1776636364462.8818,0.09806649386882782,9.747809410095215,-0.313812792301178
1776636364472.7917,0.06864655017852783,9.747809410095215,-0.313812792301178
1776636364482.7026,0.09806649386882782,9.747809410095215,-0.3040061295032501
1776636364492.6135,0.09806649386882782,9.747809410095215,-0.313812792301178
1776636364502.5234,0.0784531980752945,9.73800277709961,-0.34323275089263916
1776636364512.4353,0.08825984597206116,9.728196144104004,-0.3334260880947113
1776636364522.3462,0.09806649386882782,9.728196144104004,-0.32361945509910583
1776636364532.259,0.09806649386882782,9.747809410095215,-0.35303938388824463
1776636364542.171,0.10787314921617508,9.747809410095215,-0.3628460466861725
1776636364552.0837,0.10787314921617508,9.73800277709961,-0.3334260880947113
1776636364561.9946,0.09806649386882782,9.747809410095215,-0.3334260880947113
1776636364571.9055,0.08825984597206116,9.75761604309082,-0.32361945509910583
1776636364581.8164,0.10787314921617508,9.73800277709961,-0.32361945509910583
1776636364591.7273,0.10787314921617508,9.73800277709961,-0.313812792301178
1776636364601.6392,0.09806649386882782,9.728196144104004,-0.313812792301178
1776636364611.549,0.08825984597206116,9.747809410095215,-0.32361945509910583
1776636364621.46,0.08825984597206116,9.747809410095215,-0.32361945509910583
1776636364631.3699,0.10787314921617508,9.728196144104004,-0.313812792301178
1776636364641.2808,0.09806649386882782,9.728196144104004,-0.32361945509910583
1776636364651.1897,0.09806649386882782,9.728196144104004,-0.3334260880947113
1776636364661.0996,0.09806649386882782,9.73800277709961,-0.3334260880947113
1776636364671.0095,0.09806649386882782,9.747809410095215,-0.34323275089263916
1776636364680.9194,0.08825984597206116,9.73800277709961,-0.32361945509910583
1776636364690.8284,0.08825984597206116,9.73800277709961,-0.32361945509910583
1776636364700.738,0.09806649386882782,9.75761604309082,-0.3334260880947113
1776636364710.648,0.08825984597206116,9.728196144104004,-0.313812792301178
1776636364720.5588,0.09806649386882782,9.73800277709961,-0.32361945509910583
1776636364730.4697,0.09806649386882782,9.73800277709961,-0.3334260880947113
1776636364740.3796,0.08825984597206116,9.747809410095215,-0.3334260880947113
1776636364750.2896,0.08825984597206116,9.73800277709961,-0.32361945509910583
1776636364760.1985,0.0784531980752945,9.728196144104004,-0.3334260880947113
1776636364770.1074,0.09806649386882782,9.728196144104004,-0.3334260880947113
1776636364780.0164,0.09806649386882782,9.73800277709961,-0.32361945509910583
1776636364789.9263,0.09806649386882782,9.73800277709961,-0.32361945509910583
1776636364799.8362,0.08825984597206116,9.73800277709961,-0.32361945509910583
1776636364809.7449,0.08825984597206116,9.73800277709961,-0.313812792301178
1776636364819.6558,0.09806649386882782,9.73800277709961,-0.32361945509910583
1776636364829.5667,0.0784531980752945,9.73800277709961,-0.32361945509910583
1776636364839.4766,0.08825984597206116,9.73800277709961,-0.32361945509910583
1776636364849.3865,0.09806649386882782,9.728196144104004,-0.32361945509910583
1776636364859.2974,0.08825984597206116,9.747809410095215,-0.32361945509910583
1776636364869.2083,0.08825984597206116,9.747809410095215,-0.313812792301178
1776636364879.1182,0.08825984597206116,9.73800277709961,-0.3334260880947113
1776636364889.028,0.08825984597206116,9.718389511108398,-0.3334260880947113
1776636364898.938,0.08825984597206116,9.73800277709961,-0.3040061295032501
1776636364908.8489,0.08825984597206116,9.747809410095215,-0.3040061295032501
1776636364918.7598,0.08825984597206116,9.73800277709961,-0.313812792301178
1776636364928.6707,0.0784531980752945,9.747809410095215,-0.3040061295032501
1776636364938.5815,0.0784531980752945,9.728196144104004,-0.32361945509910583
1776636364948.4915,0.0784531980752945,9.73800277709961,-0.313812792301178
1776636364958.4023,0.09806649386882782,9.718389511108398,-0.3040061295032501
1776636364968.3123,0.10787314921617508,9.73800277709961,-0.29419949650764465
1776636364978.2231,0.08825984597206116,9.73800277709961,-0.3040061295032501
1776636364988.133,0.08825984597206116,9.73800277709961,-0.3040061295032501
1776636364998.044,0.09806649386882782,9.747809410095215,-0.29419949650764465
1776636365007.9539,0.08825984597206116,9.73800277709961,-0.3040061295032501
1776636365017.8645,0.08825984597206116,9.728196144104004,-0.29419949650764465
1776636365027.7754,0.08825984597206116,9.728196144104004,-0.3040061295032501
1776636365037.6853,0.0784531980752945,9.728196144104004,-0.29419949650764465
1776636365047.5972,0.09806649386882782,9.747809410095215,-0.3040061295032501
1776636365057.507,0.08825984597206116,9.747809410095215,-0.3040061295032501
1776636365067.418,0.08825984597206116,9.75761604309082,-0.29419949650764465
1776636365077.3289,0.08825984597206116,9.747809410095215,-0.3040061295032501
1776636365087.2397,0.0784531980752945,9.747809410095215,-0.3040061295032501
1776636365097.1516,0.0784531980752945,9.73800277709961,-0.29419949650764465
1776636365107.0625,0.09806649386882782,9.728196144104004,-0.29419949650764465
1776636365116.9734,0.09806649386882782,9.728196144104004,-0.313812792301178
1776636365126.8833,0.08825984597206116,9.728196144104004,-0.313812792301178
1776636365136.7942,0.08825984597206116,9.728196144104004,-0.313812792301178
1776636365146.705,0.0784531980752945,9.73800277709961,-0.313812792301178
1776636365156.616,0.08825984597206116,9.75761604309082,-0.29419949650764465
1776636365166.5269,0.09806649386882782,9.747809410095215,-0.3040061295032501
1776636365176.4377,0.0784531980752945,9.767423629760742,-0.313812792301178
1776636365186.3486,0.08825984597206116,9.747809410095215,-0.3040061295032501
1776636365196.2595,0.10787314921617508,9.718389511108398,-0.29419949650764465
1776636365206.1694,0.09806649386882782,9.718389511108398,-0.3040061295032501
1776636365216.0793,0.09806649386882782,9.728196144104004,-0.313812792301178
1776636365225.9902,0.09806649386882782,9.73800277709961,-0.3040061295032501
1776636365235.9011,0.08825984597206116,9.747809410095215,-0.3040061295032501
1776636365245.8118,0.0784531980752945,9.747809410095215,-0.313812792301178
1776636365255.7227,0.09806649386882782,9.73800277709961,-0.313812792301178
1776636365265.6326,0.10787314921617508,9.73800277709961,-0.32361945509910583
1776636365275.5435,0.10787314921617508,9.73800277709961,-0.3040061295032501
1776636365285.4534,0.09806649386882782,9.728196144104004,-0.313812792301178
1776636365295.3633,0.08825984597206116,9.728196144104004,-0.313812792301178
1776636365305.2732,0.08825984597206116,9.747809410095215,-0.32361945509910583
1776636365315.183,0.09806649386882782,9.728196144104004,-0.32361945509910583
1776636365325.0928,0.09806649386882782,9.73800277709961,-0.29419949650764465
1776636365335.0037,0.08825984597206116,9.747809410095215,-0.29419949650764465
1776636365344.9146,0.09806649386882782,9.73800277709961,-0.3040061295032501
1776636365354.8245,0.09806649386882782,9.73800277709961,-0.3040061295032501
1776636365364.7354,0.09806649386882782,9.73800277709961,-0.313812792301178
1776636365374.6462,0.08825984597206116,9.73800277709961,-0.32361945509910583
1776636365384.5571,0.0784531980752945,9.73800277709961,-0.313812792301178
1776636365394.468,0.09806649386882782,9.73800277709961,-0.313812792301178
1776636365404.378,0.09806649386882782,9.73800277709961,-0.3040061295032501
1776636365414.2878,0.09806649386882782,9.73800277709961,-0.3040061295032501
1776636365424.1987,0.09806649386882782,9.747809410095215,-0.3040061295032501
1776636365434.1084,0.0784531980752945,9.747809410095215,-0.313812792301178
1776636365444.0193,0.09806649386882782,9.747809410095215,-0.3040061295032501
1776636365453.9302,0.08825984597206116,9.728196144104004,-0.313812792301178
1776636365463.84,0.09806649386882782,9.73800277709961,-0.313812792301178
1776636365473.75,0.09806649386882782,9.728196144104004,-0.32361945509910583
1776636365483.66,0.09806649386882782,9.747809410095215,-0.29419949650764465
1776636365493.5698,0.09806649386882782,9.747809410095215,-0.2843928337097168
1776636365503.4795,0.09806649386882782,9.73800277709961,-0.29419949650764465
1776636365513.3884,0.09806649386882782,9.73800277709961,-0.32361945509910583
1776636365523.2983,0.10787314921617508,9.747809410095215,-0.313812792301178
1776636365533.2083,0.0784531980752945,9.75761604309082,-0.32361945509910583
1776636365543.1172,0.09806649386882782,9.747809410095215,-0.34323275089263916
1776636365553.026,0.10787314921617508,9.728196144104004,-0.3334260880947113
1776636365562.9358,0.09806649386882782,9.73800277709961,-0.32361945509910583
1776636365572.8457,0.06864655017852783,9.73800277709961,-0.32361945509910583
1776636365582.7556,0.09806649386882782,9.728196144104004,-0.313812792301178
1776636365592.6655,0.08825984597206116,9.728196144104004,-0.313812792301178
1776636365602.5752,0.09806649386882782,9.747809410095215,-0.3040061295032501
1776636365612.486,0.09806649386882782,9.75761604309082,-0.29419949650764465
1776636365622.396,0.09806649386882782,9.728196144104004,-0.29419949650764465
1776636365632.306,0.09806649386882782,9.747809410095215,-0.29419949650764465
1776636365642.2148,0.08825984597206116,9.747809410095215,-0.3040061295032501
1776636365652.1245,0.09806649386882782,9.73800277709961,-0.3040061295032501
1776636365662.0344,0.08825984597206116,9.747809410095215,-0.2843928337097168
1776636365671.9443,0.09806649386882782,9.73800277709961,-0.313812792301178
1776636365681.854,0.09806649386882782,9.747809410095215,-0.313812792301178
1776636365691.764,0.0784531980752945,9.747809410095215,-0.3040061295032501
1776636365701.6748,0.08825984597206116,9.73800277709961,-0.3040061295032501
1776636365711.5847,0.08825984597206116,9.75761604309082,-0.3040061295032501
1776636365721.4944,0.09806649386882782,9.747809410095215,-0.313812792301178
1776636365731.4043,0.08825984597206116,9.73800277709961,-0.313812792301178
1776636365741.3142,0.08825984597206116,9.73800277709961,-0.2843928337097168
1776636365751.2239,0.08825984597206116,9.73800277709961,-0.29419949650764465
1776636365761.1338,0.08825984597206116,9.747809410095215,-0.3040061295032501
1776636365771.0425,0.08825984597206116,9.747809410095215,-0.29419949650764465
1776636365780.9524,0.08825984597206116,9.728196144104004,-0.29419949650764465
1776636365790.8613,0.06864655017852783,9.73800277709961,-0.313812792301178
1776636365800.771,0.10787314921617508,9.73800277709961,-0.29419949650764465
1776636365810.68,0.09806649386882782,9.728196144104004,-0.2843928337097168
1776636365820.5896,0.08825984597206116,9.728196144104004,-0.29419949650764465
1776636365830.4995,0.09806649386882782,9.73800277709961,-0.26477953791618347
1776636365840.4084,0.09806649386882782,9.75761604309082,-0.2843928337097168
1776636365850.318,0.09806649386882782,9.73800277709961,-0.313812792301178
1776636365860.229,0.08825984597206116,9.747809410095215,-0.3040061295032501
1776636365870.139,0.08825984597206116,9.747809410095215,-0.29419949650764465
1776636365880.0486,0.09806649386882782,9.73800277709961,-0.2843928337097168
1776636365889.9604,0.08825984597206116,9.728196144104004,-0.29419949650764465
1776636365899.8713,0.0784531980752945,9.728196144104004,-0.27458620071411133
1776636365909.781,0.09806649386882782,9.728196144104004,-0.29419949650764465
1776636365919.691,0.08825984597206116,9.747809410095215,-0.29419949650764465
1776636365929.6008,0.09806649386882782,9.73800277709961,-0.2843928337097168
1776636365939.5115,0.09806649386882782,9.747809410095215,-0.27458620071411133
1776636365949.4224,0.10787314921617508,9.75761604309082,-0.2843928337097168
1776636365959.3333,0.11767979711294174,9.747809410095215,-0.3040061295032501
1776636365969.2441,0.08825984597206116,9.728196144104004,-0.3040061295032501
1776636365979.1548,0.0784531980752945,9.728196144104004,-0.2843928337097168
1776636365989.0657,0.09806649386882782,9.747809410095215,-0.2843928337097168
1776636365998.9766,0.08825984597206116,9.73800277709961,-0.29419949650764465
1776636366008.8862,0.09806649386882782,9.75761604309082,-0.3040061295032501
1776636366018.797,0.09806649386882782,9.73800277709961,-0.3040061295032501
1776636366028.709,0.09806649386882782,9.728196144104004,-0.3040061295032501
1776636366038.6187,0.09806649386882782,9.73800277709961,-0.29419949650764465
1776636366048.5295,0.08825984597206116,9.73800277709961,-0.2843928337097168
1776636366058.4404,0.09806649386882782,9.718389511108398,-0.29419949650764465
1776636366068.351,0.10787314921617508,9.73800277709961,-0.3040061295032501
1776636366078.262,0.08825984597206116,9.73800277709961,-0.29419949650764465
1776636366088.1738,0.08825984597206116,9.747809410095215,-0.29419949650764465
1776636366098.0847,0.09806649386882782,9.73800277709961,-0.3040061295032501
1776636366107.9963,0.0784531980752945,9.747809410095215,-0.313812792301178
1776636366117.9062,0.09806649386882782,9.73800277709961,-0.3040061295032501
1776636366127.8171,0.09806649386882782,9.747809410095215,-0.313812792301178
1776636366137.7278,0.09806649386882782,9.73800277709961,-0.3040061295032501
1776636366147.6377,0.09806649386882782,9.747809410095215,-0.3040061295032501
1776636366157.5486,0.09806649386882782,9.75761604309082,-0.3040061295032501
1776636366167.4602,0.09806649386882782,9.747809410095215,-0.3040061295032501
1776636366177.371,0.09806649386882782,9.747809410095215,-0.3040061295032501
1776636366187.282,0.08825984597206116,9.747809410095215,-0.32361945509910583
1776636366197.1926,0.08825984597206116,9.73800277709961,-0.32361945509910583
1776636366207.1035,0.09806649386882782,9.73800277709961,-0.313812792301178
1776636366217.0154,0.09806649386882782,9.73800277709961,-0.3040061295032501
1776636366226.9272,0.09806649386882782,9.718389511108398,-0.3040061295032501
1776636366236.838,0.09806649386882782,9.728196144104004,-0.3040061295032501
1776636366246.7488,0.09806649386882782,9.728196144104004,-0.32361945509910583
1776636366256.6584,0.08825984597206116,9.73800277709961,-0.313812792301178
1776636366266.5693,0.09806649386882782,9.73800277709961,-0.313812792301178
1776636366276.4812,0.09806649386882782,9.75761604309082,-0.313812792301178
1776636366286.3918,0.08825984597206116,9.75761604309082,-0.3040061295032501
1776636366296.3037,0.08825984597206116,9.73800277709961,-0.313812792301178
1776636366306.2146,0.08825984597206116,9.747809410095215,-0.32361945509910583
1776636366316.1265,0.09806649386882782,9.747809410095215,-0.313812792301178
1776636366326.037,0.08825984597206116,9.718389511108398,-0.3040061295032501
1776636366335.949,0.0784531980752945,9.728196144104004,-0.3040061295032501
1776636366345.859,0.08825984597206116,9.73800277709961,-0.2843928337097168
1776636366355.7695,0.0784531980752945,9.73800277709961,-0.2843928337097168
1776636366365.6804,0.09806649386882782,9.747809410095215,-0.27458620071411133
1776636366375.591,0.08825984597206116,9.73800277709961,-0.2843928337097168
1776636366385.502,0.09806649386882782,9.728196144104004,-0.26477953791618347
1776636366395.4128,0.08825984597206116,9.73800277709961,-0.254972904920578
1776636366405.3235,0.09806649386882782,9.73800277709961,-0.24516624212265015
1776636366415.2344,0.09806649386882782,9.73800277709961,-0.23535959422588348
1776636366425.1453,0.09806649386882782,9.728196144104004,-0.26477953791618347
1776636366435.056,0.09806649386882782,9.75761604309082,-0.29419949650764465
1776636366444.9678,0.09806649386882782,9.747809410095215,-0.3040061295032501
1776636366454.8784,0.08825984597206116,9.747809410095215,-0.313812792301178
1776636366464.7883,0.08825984597206116,9.73800277709961,-0.313812792301178
1776636366474.6992,0.0784531980752945,9.728196144104004,-0.2843928337097168
1776636366484.609,0.10787314921617508,9.73800277709961,-0.3040061295032501
1776636366494.5208,0.10787314921617508,9.73800277709961,-0.3040061295032501
1776636366504.4314,0.10787314921617508,9.728196144104004,-0.2843928337097168
1776636366514.3433,0.09806649386882782,9.73800277709961,-0.313812792301178
1776636366524.2551,0.08825984597206116,9.747809410095215,-0.32361945509910583
1776636366534.1658,0.09806649386882782,9.747809410095215,-0.313812792301178
1776636366544.0776,0.09806649386882782,9.747809410095215,-0.313812792301178
1776636366553.9885,0.09806649386882782,9.75761604309082,-0.32361945509910583
1776636366563.8992,0.09806649386882782,9.73800277709961,-0.32361945509910583
1776636366573.81,0.08825984597206116,9.73800277709961,-0.3334260880947113
1776636366583.722,0.08825984597206116,9.73800277709961,-0.3334260880947113
1776636366593.6326,0.08825984597206116,9.728196144104004,-0.32361945509910583
1776636366603.5435,0.0784531980752945,9.73800277709961,-0.34323275089263916
1776636366613.454,0.10787314921617508,9.747809410095215,-0.3334260880947113
1776636366623.364,0.09806649386882782,9.73800277709961,-0.32361945509910583
1776636366633.2747,0.09806649386882782,9.73800277709961,-0.3334260880947113
1776636366643.1846,0.08825984597206116,9.73800277709961,-0.313812792301178
1776636366653.0942,0.08825984597206116,9.718389511108398,-0.32361945509910583
1776636366663.0042,0.06864655017852783,9.728196144104004,-0.3040061295032501
1776636366672.915,0.09806649386882782,9.747809410095215,-0.3040061295032501
1776636366682.825,0.10787314921617508,9.747809410095215,-0.313812792301178
1776636366692.7358,0.09806649386882782,9.728196144104004,-0.32361945509910583
1776636366702.6458,0.09806649386882782,9.747809410095215,-0.32361945509910583
1776636366712.5557,0.08825984597206116,9.747809410095215,-0.3040061295032501
1776636366722.4656,0.08825984597206116,9.73800277709961,-0.3040061295032501
1776636366732.3765,0.10787314921617508,9.747809410095215,-0.313812792301178
1776636366742.2864,0.09806649386882782,9.73800277709961,-0.3334260880947113
1776636366752.1973,0.08825984597206116,9.73800277709961,-0.32361945509910583
1776636366762.1082,0.09806649386882782,9.73800277709961,-0.32361945509910583
1776636366772.019,0.10787314921617508,9.728196144104004,-0.313812792301178
1776636366781.929,0.08825984597206116,9.728196144104004,-0.32361945509910583
1776636366791.8398,0.09806649386882782,9.747809410095215,-0.3334260880947113
1776636366801.7507,0.09806649386882782,9.747809410095215,-0.32361945509910583
1776636366811.6628,0.08825984597206116,9.73800277709961,-0.313812792301178
1776636366821.5737,0.08825984597206116,9.747809410095215,-0.313812792301178
1776636366831.4846,0.10787314921617508,9.718389511108398,-0.3040061295032501
1776636366841.3945,0.10787314921617508,9.73800277709961,-0.29419949650764465
1776636366851.3054,0.0784531980752945,9.747809410095215,-0.2843928337097168
1776636366861.2173,0.09806649386882782,9.73800277709961,-0.29419949650764465
1776636366871.1282,0.08825984597206116,9.728196144104004,-0.32361945509910583
1776636366881.04,0.0784531980752945,9.728196144104004,-0.34323275089263916
1776636366890.951,0.09806649386882782,9.73800277709961,-0.35303938388824463
1776636366900.8618,0.09806649386882782,9.73800277709961,-0.34323275089263916
1776636366910.7727,0.09806649386882782,9.73800277709961,-0.3334260880947113
1776636366920.6836,0.09806649386882782,9.73800277709961,-0.32361945509910583
1776636366930.5945,0.08825984597206116,9.728196144104004,-0.32361945509910583
1776636366940.5054,0.09806649386882782,9.747809410095215,-0.32361945509910583
1776636366950.4163,0.08825984597206116,9.747809410095215,-0.313812792301178
1776636366960.3271,0.08825984597206116,9.747809410095215,-0.32361945509910583
1776636366970.238,0.09806649386882782,9.73800277709961,-0.3334260880947113
1776636366980.1492,0.10787314921617508,9.73800277709961,-0.32361945509910583
1776636366990.061,0.09806649386882782,9.728196144104004,-0.32361945509910583
1776636366999.972,0.08825984597206116,9.73800277709961,-0.32361945509910583
1776636367009.8828,0.09806649386882782,9.747809410095215,-0.3040061295032501
1776636367019.7937,0.09806649386882782,9.73800277709961,-0.32361945509910583
1776636367029.7056,0.09806649386882782,9.75761604309082,-0.32361945509910583
1776636367039.6165,0.09806649386882782,9.747809410095215,-0.3334260880947113
1776636367049.5273,0.08825984597206116,9.73800277709961,-0.32361945509910583
1776636367059.4382,0.08825984597206116,9.73800277709961,-0.32361945509910583
1776636367069.35,0.10787314921617508,9.728196144104004,-0.313812792301178
1776636367079.261,0.09806649386882782,9.73800277709961,-0.3334260880947113
1776636367089.1729,0.09806649386882782,9.73800277709961,-0.32361945509910583
1776636367099.0837,0.09806649386882782,9.747809410095215,-0.32361945509910583
1776636367108.9956,0.10787314921617508,9.747809410095215,-0.32361945509910583
1776636367118.9065,0.09806649386882782,9.73800277709961,-0.32361945509910583
1776636367128.8174,0.08825984597206116,9.73800277709961,-0.34323275089263916
1776636367138.7295,0.0784531980752945,9.73800277709961,-0.3334260880947113
1776636367148.6404,0.09806649386882782,9.728196144104004,-0.32361945509910583
1776636367158.5513,0.10787314921617508,9.728196144104004,-0.29419949650764465
1776636367168.4622,0.09806649386882782,9.747809410095215,-0.2843928337097168
1776636367178.373,0.0784531980752945,9.73800277709961,-0.34323275089263916
1776636367188.284,0.10787314921617508,9.73800277709961,-0.35303938388824463
1776636367198.1948,0.09806649386882782,9.747809410095215,-0.37265267968177795
1776636367208.1057,0.10787314921617508,9.73800277709961,-0.37265267968177795
1776636367218.0166,0.08825984597206116,9.747809410095215,-0.35303938388824463
1776636367227.9275,0.10787314921617508,9.747809410095215,-0.35303938388824463
1776636367237.8394,0.09806649386882782,9.718389511108398,-0.35303938388824463
1776636367247.7493,0.08825984597206116,9.728196144104004,-0.35303938388824463
1776636367257.6602,0.08825984597206116,9.73800277709961,-0.35303938388824463
1776636367267.571,0.10787314921617508,9.75761604309082,-0.34323275089263916
1776636367277.481,0.09806649386882782,9.747809410095215,-0.34323275089263916
1776636367287.3918,0.08825984597206116,9.747809410095215,-0.34323275089263916
1776636367297.3037,0.09806649386882782,9.75761604309082,-0.34323275089263916
1776636367307.2146,0.08825984597206116,9.73800277709961,-0.34323275089263916
1776636367317.1255,0.08825984597206116,9.728196144104004,-0.3334260880947113
1776636367327.0374,0.10787314921617508,9.73800277709961,-0.35303938388824463
1776636367336.9492,0.08825984597206116,9.73800277709961,-0.34323275089263916
1776636367346.86,0.09806649386882782,9.73800277709961,-0.34323275089263916
1776636367356.772,0.10787314921617508,9.73800277709961,-0.34323275089263916
1776636367366.6829,0.09806649386882782,9.747809410095215,-0.3334260880947113
1776636367376.5947,0.08825984597206116,9.747809410095215,-0.32361945509910583
1776636367386.5066,0.08825984597206116,9.747809410095215,-0.32361945509910583
1776636367396.4175,0.09806649386882782,9.73800277709961,-0.34323275089263916
1776636367406.3296,0.08825984597206116,9.728196144104004,-0.32361945509910583
1776636367416.2415,0.08825984597206116,9.728196144104004,-0.313812792301178
1776636367426.1533,0.08825984597206116,9.728196144104004,-0.32361945509910583
1776636367436.0652,0.08825984597206116,9.747809410095215,-0.3334260880947113
1776636367445.977,0.09806649386882782,9.747809410095215,-0.34323275089263916
1776636367455.889,0.11767979711294174,9.75761604309082,-0.34323275089263916
1776636367465.8008,0.08825984597206116,9.747809410095215,-0.313812792301178
1776636367475.7126,0.08825984597206116,9.728196144104004,-0.3334260880947113
1776636367485.6255,0.10787314921617508,9.718389511108398,-0.3334260880947113
1776636367495.5374,0.09806649386882782,9.728196144104004,-0.32361945509910583
1776636367505.4482,0.09806649386882782,9.73800277709961,-0.3334260880947113
1776636367515.36,0.10787314921617508,9.747809410095215,-0.3334260880947113
1776636367525.271,0.09806649386882782,9.75761604309082,-0.3334260880947113
1776636367535.182,0.10787314921617508,9.75761604309082,-0.313812792301178
1776636367545.094,0.09806649386882782,9.73800277709961,-0.3334260880947113
1776636367555.005,0.08825984597206116,9.728196144104004,-0.3334260880947113
1776636367564.9167,0.08825984597206116,9.728196144104004,-0.32361945509910583
1776636367574.8276,0.10787314921617508,9.728196144104004,-0.32361945509910583
1776636367584.7405,0.09806649386882782,9.747809410095215,-0.3334260880947113
1776636367594.6523,0.08825984597206116,9.747809410095215,-0.3334260880947113
1776636367604.5652,0.09806649386882782,9.73800277709961,-0.34323275089263916
1776636367614.478,0.08825984597206116,9.73800277709961,-0.34323275089263916
1776636367624.3909,0.08825984597206116,9.747809410095215,-0.32361945509910583
1776636367634.304,0.11767979711294174,9.73800277709961,-0.3334260880947113
1776636367644.2168,0.09806649386882782,9.728196144104004,-0.32361945509910583
1776636367654.1296,0.08825984597206116,9.73800277709961,-0.34323275089263916
1776636367664.0415,0.10787314921617508,9.73800277709961,-0.34323275089263916
1776636367673.9524,0.11767979711294174,9.73800277709961,-0.34323275089263916
1776636367683.8633,0.09806649386882782,9.747809410095215,-0.32361945509910583
1776636367693.7742,0.09806649386882782,9.73800277709961,-0.32361945509910583
1776636367703.686,0.08825984597206116,9.73800277709961,-0.32361945509910583
1776636367713.598,0.10787314921617508,9.728196144104004,-0.313812792301178
1776636367723.5085,0.10787314921617508,9.747809410095215,-0.3334260880947113
1776636367733.4216,0.08825984597206116,9.73800277709961,-0.32361945509910583
1776636367743.3335,0.09806649386882782,9.73800277709961,-0.313812792301178
1776636367753.2454,0.09806649386882782,9.747809410095215,-0.34323275089263916
1776636367763.1572,0.127486452460289,9.73800277709961,-0.3334260880947113
1776636367773.0679,0.10787314921617508,9.73800277709961,-0.35303938388824463
1776636367782.9797,0.09806649386882782,9.73800277709961,-0.34323275089263916
1776636367792.8926,0.09806649386882782,9.73800277709961,-0.35303938388824463
1776636367802.8057,0.08825984597206116,9.728196144104004,-0.34323275089263916
1776636367812.7173,0.09806649386882782,9.718389511108398,-0.3334260880947113
1776636367822.6282,0.10787314921617508,9.728196144104004,-0.34323275089263916
1776636367832.541,0.09806649386882782,9.73800277709961,-0.3628460466861725
1776636367842.453,0.10787314921617508,9.747809410095215,-0.35303938388824463
1776636367852.3657,0.11767979711294174,9.73800277709961,-0.35303938388824463
1776636367862.2776,0.09806649386882782,9.75761604309082,-0.34323275089263916
1776636367872.1895,0.09806649386882782,9.747809410095215,-0.35303938388824463
1776636367882.1013,0.10787314921617508,9.747809410095215,-0.35303938388824463
1776636367892.0142,0.09806649386882782,9.73800277709961,-0.35303938388824463
1776636367901.925,0.09806649386882782,9.728196144104004,-0.34323275089263916
1776636367911.837,0.06864655017852783,9.73800277709961,-0.34323275089263916
1776636367921.7478,0.09806649386882782,9.747809410095215,-0.34323275089263916
1776636367931.6587,0.09806649386882782,9.747809410095215,-0.3334260880947113
1776636367941.5696,0.09806649386882782,9.73800277709961,-0.34323275089263916
1776636367951.4805,0.08825984597206116,9.767423629760742,-0.3334260880947113
1776636367961.391,0.08825984597206116,9.747809410095215,-0.34323275089263916
1776636367971.303,0.08825984597206116,9.73800277709961,-0.34323275089263916
1776636367981.2148,0.09806649386882782,9.728196144104004,-0.34323275089263916
1776636367991.1257,0.08825984597206116,9.728196144104004,-0.3334260880947113
1776636368001.0366,0.08825984597206116,9.73800277709961,-0.35303938388824463
1776636368010.9495,0.09806649386882782,9.728196144104004,-0.34323275089263916
1776636368020.8623,0.10787314921617508,9.718389511108398,-0.3334260880947113
1776636368030.7751,0.09806649386882782,9.747809410095215,-0.3334260880947113
1776636368040.687,0.08825984597206116,9.73800277709961,-0.34323275089263916
1776636368050.5989,0.08825984597206116,9.73800277709961,-0.34323275089263916
1776636368060.5107,0.09806649386882782,9.728196144104004,-0.34323275089263916
1776636368070.4216,0.08825984597206116,9.73800277709961,-0.34323275089263916
1776636368080.3345,0.10787314921617508,9.73800277709961,-0.3628460466861725
1776636368090.2463,0.08825984597206116,9.728196144104004,-0.35303938388824463
1776636368100.1582,0.08825984597206116,9.728196144104004,-0.35303938388824463
1776636368110.071,0.09806649386882782,9.728196144104004,-0.35303938388824463
1776636368119.9817,0.0784531980752945,9.73800277709961,-0.35303938388824463
1776636368129.8936,0.08825984597206116,9.73800277709961,-0.34323275089263916
1776636368139.8054,0.10787314921617508,9.73800277709961,-0.34323275089263916
1776636368149.7163,0.11767979711294174,9.73800277709961,-0.34323275089263916
1776636368159.6282,0.09806649386882782,9.73800277709961,-0.34323275089263916
1776636368169.54,0.0784531980752945,9.73800277709961,-0.34323275089263916
1776636368179.451,0.08825984597206116,9.718389511108398,-0.34323275089263916
1776636368189.3628,0.09806649386882782,9.747809410095215,-0.3334260880947113
1776636368199.2744,0.08825984597206116,9.75761604309082,-0.35303938388824463
1776636368209.1873,0.09806649386882782,9.73800277709961,-0.34323275089263916
1776636368219.099,0.08825984597206116,9.747809410095215,-0.3334260880947113
1776636368229.012,0.08825984597206116,9.73800277709961,-0.34323275089263916
1776636368238.9238,0.09806649386882782,9.73800277709961,-0.3334260880947113
1776636368248.8347,0.08825984597206116,9.73800277709961,-0.3334260880947113
1776636368258.7466,0.08825984597206116,9.747809410095215,-0.34323275089263916
1776636368268.6584,0.09806649386882782,9.73800277709961,-0.34323275089263916
1776636368278.5693,0.11767979711294174,9.728196144104004,-0.34323275089263916
1776636368288.4812,0.10787314921617508,9.728196144104004,-0.34323275089263916
1776636368298.3918,0.08825984597206116,9.747809410095215,-0.35303938388824463
1776636368308.3037,0.09806649386882782,9.73800277709961,-0.3334260880947113
1776636368318.2166,0.09806649386882782,9.728196144104004,-0.34323275089263916
1776636368328.1284,0.09806649386882782,9.73800277709961,-0.34323275089263916
1776636368338.0393,0.09806649386882782,9.73800277709961,-0.34323275089263916
1776636368347.9502,0.08825984597206116,9.73800277709961,-0.35303938388824463
1776636368357.8618,0.09806649386882782,9.73800277709961,-0.35303938388824463
1776636368367.7727,0.09806649386882782,9.73800277709961,-0.35303938388824463
1776636368377.6836,0.08825984597206116,9.73800277709961,-0.35303938388824463
1776636368387.5945,0.08825984597206116,9.73800277709961,-0.35303938388824463
1776636368397.5054,0.08825984597206116,9.73800277709961,-0.34323275089263916
1776636368407.416,0.10787314921617508,9.728196144104004,-0.34323275089263916
1776636368417.327,0.08825984597206116,9.728196144104004,-0.3334260880947113
1776636368427.2388,0.08825984597206116,9.73800277709961,-0.35303938388824463
1776636368437.1497,0.09806649386882782,9.728196144104004,-0.34323275089263916
1776636368447.0593,0.09806649386882782,9.728196144104004,-0.34323275089263916
1776636368456.9702,0.09806649386882782,9.73800277709961,-0.34323275089263916
1776636368466.881,0.10787314921617508,9.75761604309082,-0.34323275089263916
1776636368476.792,0.09806649386882782,9.728196144104004,-0.34323275089263916
1776636368486.7026,0.10787314921617508,9.73800277709961,-0.34323275089263916
1776636368496.6145,0.09806649386882782,9.73800277709961,-0.3334260880947113
1776636368506.5254,0.08825984597206116,9.747809410095215,-0.34323275089263916
1776636368516.4363,0.08825984597206116,9.73800277709961,-0.34323275089263916
1776636368526.3472,0.10787314921617508,9.73800277709961,-0.34323275089263916
1776636368536.2578,0.10787314921617508,9.747809410095215,-0.34323275089263916
1776636368546.1677,0.08825984597206116,9.747809410095215,-0.34323275089263916
1776636368556.0786,0.0784531980752945,9.73800277709961,-0.35303938388824463
1776636368565.9902,0.09806649386882782,9.73800277709961,-0.34323275089263916
1776636368575.9011,0.09806649386882782,9.73800277709961,-0.3334260880947113
1776636368585.812,0.09806649386882782,9.747809410095215,-0.3334260880947113
1776636368595.7239,0.09806649386882782,9.73800277709961,-0.34323275089263916
1776636368605.6357,0.09806649386882782,9.73800277709961,-0.34323275089263916
1776636368615.5464,0.10787314921617508,9.75761604309082,-0.34323275089263916
1776636368625.4573,0.10787314921617508,9.767423629760742,-0.32361945509910583
1776636368635.3682,0.08825984597206116,9.73800277709961,-0.32361945509910583
1776636368645.279,0.09806649386882782,9.747809410095215,-0.34323275089263916
1776636368655.1897,0.10787314921617508,9.73800277709961,-0.35303938388824463
1776636368665.1025,0.08825984597206116,9.728196144104004,-0.35303938388824463
1776636368675.0137,0.08825984597206116,9.728196144104004,-0.3334260880947113
1776636368684.9255,0.10787314921617508,9.728196144104004,-0.34323275089263916
1776636368694.8364,0.09806649386882782,9.728196144104004,-0.3334260880947113
1776636368704.7483,0.08825984597206116,9.747809410095215,-0.35303938388824463
1776636368714.6592,0.09806649386882782,9.747809410095215,-0.34323275089263916
1776636368724.571,0.09806649386882782,9.75761604309082,-0.35303938388824463
1776636368734.4832,0.09806649386882782,9.747809410095215,-0.34323275089263916
1776636368744.394,0.08825984597206116,9.747809410095215,-0.3334260880947113
1776636368754.306,0.09806649386882782,9.73800277709961,-0.34323275089263916
1776636368764.2178,0.09806649386882782,9.747809410095215,-0.35303938388824463
1776636368774.1306,0.09806649386882782,9.73800277709961,-0.35303938388824463
1776636368784.0415,0.09806649386882782,9.728196144104004,-0.35303938388824463
1776636368793.9536,0.10787314921617508,9.728196144104004,-0.34323275089263916
1776636368803.8655,0.08825984597206116,9.718389511108398,-0.35303938388824463
1776636368813.7773,0.09806649386882782,9.73800277709961,-0.35303938388824463
1776636368823.6892,0.10787314921617508,9.747809410095215,-0.35303938388824463
1776636368833.601,0.09806649386882782,9.75761604309082,-0.35303938388824463
1776636368843.511,0.09806649386882782,9.747809410095215,-0.35303938388824463
1776636368853.4219,0.08825984597206116,9.73800277709961,-0.34323275089263916
1776636368863.333,0.09806649386882782,9.73800277709961,-0.3334260880947113
1776636368873.244,0.10787314921617508,9.728196144104004,-0.32361945509910583
1776636368883.1558,0.09806649386882782,9.718389511108398,-0.35303938388824463
1776636368893.0657,0.10787314921617508,9.728196144104004,-0.34323275089263916
1776636368902.9756,0.09806649386882782,9.747809410095215,-0.32361945509910583
1776636368912.8865,0.09806649386882782,9.747809410095215,-0.34323275089263916
1776636368922.7983,0.09806649386882782,9.747809410095215,-0.34323275089263916
1776636368932.7092,0.08825984597206116,9.73800277709961,-0.34323275089263916
1776636368942.621,0.10787314921617508,9.728196144104004,-0.34323275089263916
1776636368952.532,0.09806649386882782,9.728196144104004,-0.35303938388824463
1776636368962.444,0.08825984597206116,9.73800277709961,-0.35303938388824463
1776636368972.355,0.08825984597206116,9.747809410095215,-0.34323275089263916
1776636368982.2659,0.10787314921617508,9.75761604309082,-0.34323275089263916
1776636368992.1768,0.08825984597206116,9.73800277709961,-0.34323275089263916
1776636369002.0876,0.09806649386882782,9.73800277709961,-0.34323275089263916
1776636369011.9985,0.09806649386882782,9.728196144104004,-0.35303938388824463
1776636369021.9094,0.09806649386882782,9.728196144104004,-0.3628460466861725
1776636369031.8193,0.08825984597206116,9.718389511108398,-0.3334260880947113
1776636369041.7302,0.08825984597206116,9.73800277709961,-0.35303938388824463
1776636369051.641,0.09806649386882782,9.73800277709961,-0.35303938388824463
1776636369061.553,0.08825984597206116,9.747809410095215,-0.34323275089263916
1776636369071.4639,0.08825984597206116,9.747809410095215,-0.34323275089263916
1776636369081.376,0.09806649386882782,9.747809410095215,-0.35303938388824463
1776636369091.2878,0.10787314921617508,9.718389511108398,-0.34323275089263916
1776636369101.1987,0.09806649386882782,9.728196144104004,-0.35303938388824463
1776636369111.1096,0.09806649386882782,9.728196144104004,-0.35303938388824463
1776636369121.0215,0.09806649386882782,9.73800277709961,-0.34323275089263916
1776636369130.9324,0.09806649386882782,9.728196144104004,-0.3628460466861725
1776636369140.8433,0.08825984597206116,9.73800277709961,-0.34323275089263916
1776636369150.7542,0.08825984597206116,9.73800277709961,-0.35303938388824463
1776636369160.667,0.09806649386882782,9.747809410095215,-0.3334260880947113
1776636369170.578,0.10787314921617508,9.73800277709961,-0.35303938388824463
1776636369180.49,0.09806649386882782,9.73800277709961,-0.34323275089263916
1776636369190.4019,0.10787314921617508,9.747809410095215,-0.3334260880947113
1776636369200.3137,0.09806649386882782,9.728196144104004,-0.35303938388824463
1776636369210.2266,0.08825984597206116,9.728196144104004,-0.35303938388824463
1776636369220.1384,0.09806649386882782,9.73800277709961,-0.3334260880947113
1776636369230.0503,0.10787314921617508,9.747809410095215,-0.34323275089263916
1776636369239.9614,0.09806649386882782,9.73800277709961,-0.34323275089263916
1776636369249.8733,0.08825984597206116,9.75761604309082,-0.34323275089263916
1776636369259.7852,0.0784531980752945,9.73800277709961,-0.34323275089263916
1776636369269.697,0.09806649386882782,9.728196144104004,-0.35303938388824463
1776636369279.608,0.10787314921617508,9.747809410095215,-0.35303938388824463
1776636369289.5188,0.08825984597206116,9.73800277709961,-0.34323275089263916
1776636369299.4297,0.09806649386882782,9.728196144104004,-0.34323275089263916
1776636369309.3396,0.09806649386882782,9.73800277709961,-0.34323275089263916
1776636369319.2505,0.10787314921617508,9.747809410095215,-0.34323275089263916
1776636369329.1614,0.09806649386882782,9.747809410095215,-0.3334260880947113
1776636369339.0732,0.09806649386882782,9.728196144104004,-0.3334260880947113
1776636369348.985,0.0784531980752945,9.728196144104004,-0.34323275089263916
1776636369358.8962,0.09806649386882782,9.747809410095215,-0.35303938388824463
1776636369368.8071,0.09806649386882782,9.73800277709961,-0.35303938388824463
1776636369378.718,0.09806649386882782,9.73800277709961,-0.35303938388824463
1776636369388.63,0.09806649386882782,9.728196144104004,-0.35303938388824463
1776636369398.5408,0.09806649386882782,9.728196144104004,-0.34323275089263916
1776636369408.4517,0.08825984597206116,9.73800277709961,-0.34323275089263916
1776636369418.3625,0.09806649386882782,9.747809410095215,-0.35303938388824463
1776636369428.2734,0.09806649386882782,9.73800277709961,-0.35303938388824463
1776636369438.1843,0.09806649386882782,9.747809410095215,-0.34323275089263916
1776636369448.0962,0.0784531980752945,9.747809410095215,-0.3334260880947113
1776636369458.007,0.10787314921617508,9.728196144104004,-0.34323275089263916
1776636369467.918,0.10787314921617508,9.718389511108398,-0.3334260880947113
1776636369477.8298,0.09806649386882782,9.73800277709961,-0.3040061295032501
1776636369487.7407,0.09806649386882782,9.747809410095215,-0.34323275089263916
1776636369497.6526,0.09806649386882782,9.75761604309082,-0.34323275089263916
1776636369507.5635,0.09806649386882782,9.73800277709961,-0.34323275089263916
1776636369517.4756,0.10787314921617508,9.73800277709961,-0.35303938388824463
1776636369527.3875,0.09806649386882782,9.747809410095215,-0.37265267968177795
1776636369537.2983,0.09806649386882782,9.747809410095215,-0.3628460466861725
1776636369547.2102,0.10787314921617508,9.73800277709961,-0.3628460466861725
1776636369557.122,0.10787314921617508,9.747809410095215,-0.37265267968177795
1776636369567.033,0.10787314921617508,9.75761604309082,-0.3922659754753113
1776636369576.9448,0.11767979711294174,9.73800277709961,-0.3824593424797058
1776636369586.8557,0.10787314921617508,9.747809410095215,-0.3628460466861725
1776636369596.7676,0.09806649386882782,9.747809410095215,-0.35303938388824463
1776636369606.6794,0.08825984597206116,9.728196144104004,-0.3334260880947113
1776636369616.5913,0.09806649386882782,9.73800277709961,-0.3334260880947113
1776636369626.5022,0.09806649386882782,9.728196144104004,-0.35303938388824463
1776636369636.4143,0.08825984597206116,9.73800277709961,-0.35303938388824463
1776636369646.3262,0.08825984597206116,9.73800277709961,-0.35303938388824463
1776636369656.237,0.10787314921617508,9.728196144104004,-0.35303938388824463
1776636369666.148,0.10787314921617508,9.747809410095215,-0.3628460466861725
1776636369676.0588,0.09806649386882782,9.767423629760742,-0.3628460466861725
1776636369685.9697,0.09806649386882782,9.73800277709961,-0.3628460466861725
1776636369695.88,0.09806649386882782,9.728196144104004,-0.3628460466861725
1776636369705.7908,0.08825984597206116,9.73800277709961,-0.3628460466861725
1776636369715.7017,0.08825984597206116,9.718389511108398,-0.37265267968177795
1776636369725.6125,0.08825984597206116,9.728196144104004,-0.3628460466861725
1776636369735.5234,0.08825984597206116,9.73800277709961,-0.37265267968177795
1776636369745.4346,0.09806649386882782,9.73800277709961,-0.3628460466861725
1776636369755.3455,0.11767979711294174,9.75761604309082,-0.3628460466861725
1776636369765.2563,0.08825984597206116,9.747809410095215,-0.3628460466861725
1776636369775.1682,0.0784531980752945,9.73800277709961,-0.35303938388824463
1776636369785.0803,0.09806649386882782,9.73800277709961,-0.3628460466861725
1776636369794.9922,0.08825984597206116,9.73800277709961,-0.35303938388824463
1776636369804.903,0.09806649386882782,9.728196144104004,-0.35303938388824463
1776636369814.8152,0.10787314921617508,9.747809410095215,-0.35303938388824463
1776636369824.727,0.10787314921617508,9.747809410095215,-0.3628460466861725
1776636369834.639,0.10787314921617508,9.747809410095215,-0.35303938388824463
1776636369844.5508,0.11767979711294174,9.747809410095215,-0.35303938388824463
1776636369854.463,0.09806649386882782,9.728196144104004,-0.37265267968177795
1776636369864.3738,0.08825984597206116,9.747809410095215,-0.3628460466861725
1776636369874.2856,0.09806649386882782,9.73800277709961,-0.35303938388824463
1776636369884.1987,0.10787314921617508,9.747809410095215,-0.35303938388824463
1776636369894.1106,0.09806649386882782,9.73800277709961,-0.3628460466861725
1776636369904.0225,0.09806649386882782,9.73800277709961,-0.37265267968177795
1776636369913.9346,0.08825984597206116,9.73800277709961,-0.35303938388824463
1776636369923.8464,0.10787314921617508,9.75761604309082,-0.35303938388824463
1776636369933.7573,0.09806649386882782,9.747809410095215,-0.35303938388824463
1776636369943.6692,0.0784531980752945,9.73800277709961,-0.34323275089263916
1776636369953.5813,0.09806649386882782,9.728196144104004,-0.3628460466861725
1776636369963.4922,0.09806649386882782,9.747809410095215,-0.35303938388824463
1776636369973.404,0.09806649386882782,9.73800277709961,-0.3628460466861725
1776636369983.316,0.09806649386882782,9.747809410095215,-0.35303938388824463
1776636369993.228,0.09806649386882782,9.73800277709961,-0.3628460466861725
1776636370003.14,0.08825984597206116,9.747809410095215,-0.35303938388824463
1776636370013.0518,0.08825984597206116,9.75761604309082,-0.3628460466861725
1776636370022.9639,0.09806649386882782,9.747809410095215,-0.35303938388824463
1776636370032.8748,0.09806649386882782,9.73800277709961,-0.35303938388824463
1776636370042.7856,0.06864655017852783,9.728196144104004,-0.34323275089263916
1776636370052.6946,0.0784531980752945,9.718389511108398,-0.35303938388824463
1776636370062.6064,0.09806649386882782,9.728196144104004,-0.35303938388824463
1776636370072.5186,0.09806649386882782,9.73800277709961,-0.35303938388824463
1776636370082.4294,0.09806649386882782,9.75761604309082,-0.35303938388824463
1776636370092.3403,0.09806649386882782,9.73800277709961,-0.3628460466861725
1776636370102.2522,0.09806649386882782,9.747809410095215,-0.35303938388824463
1776636370112.163,0.10787314921617508,9.73800277709961,-0.3628460466861725
1776636370122.0732,0.09806649386882782,9.75761604309082,-0.35303938388824463
1776636370131.9841,0.09806649386882782,9.73800277709961,-0.35303938388824463
1776636370141.896,0.09806649386882782,9.728196144104004,-0.35303938388824463
1776636370151.8079,0.10787314921617508,9.747809410095215,-0.3628460466861725
1776636370161.7188,0.09806649386882782,9.747809410095215,-0.35303938388824463
1776636370171.63,0.09806649386882782,9.75761604309082,-0.37265267968177795
1776636370181.5417,0.10787314921617508,9.747809410095215,-0.35303938388824463
1776636370191.4526,0.10787314921617508,9.728196144104004,-0.35303938388824463
1776636370201.3635,0.10787314921617508,9.747809410095215,-0.35303938388824463
1776636370211.2747,0.09806649386882782,9.728196144104004,-0.34323275089263916
1776636370221.1846,0.08825984597206116,9.747809410095215,-0.34323275089263916
1776636370231.0964,0.09806649386882782,9.728196144104004,-0.35303938388824463
1776636370241.0073,0.09806649386882782,9.728196144104004,-0.3628460466861725
1776636370250.9182,0.08825984597206116,9.728196144104004,-0.35303938388824463
1776636370260.8281,0.09806649386882782,9.75761604309082,-0.35303938388824463
1776636370270.739,0.08825984597206116,9.75761604309082,-0.35303938388824463
1776636370280.6492,0.10787314921617508,9.747809410095215,-0.35303938388824463
1776636370290.56,0.10787314921617508,9.73800277709961,-0.3628460466861725
1776636370300.47,0.08825984597206116,9.728196144104004,-0.34323275089263916
1776636370310.38,0.09806649386882782,9.728196144104004,-0.3628460466861725
1776636370320.2898,0.09806649386882782,9.728196144104004,-0.35303938388824463
1776636370330.2007,0.10787314921617508,9.747809410095215,-0.35303938388824463
1776636370340.1116,0.09806649386882782,9.728196144104004,-0.3628460466861725
1776636370350.0215,0.08825984597206116,9.73800277709961,-0.35303938388824463
1776636370359.9314,0.10787314921617508,9.747809410095215,-0.3628460466861725
1776636370369.8425,0.09806649386882782,9.747809410095215,-0.3628460466861725
1776636370379.7534,0.09806649386882782,9.728196144104004,-0.3628460466861725
1776636370389.6633,0.11767979711294174,9.73800277709961,-0.3628460466861725
1776636370399.5732,0.09806649386882782,9.73800277709961,-0.35303938388824463
1776636370409.4832,0.09806649386882782,9.718389511108398,-0.3628460466861725
1776636370419.393,0.10787314921617508,9.728196144104004,-0.35303938388824463
1776636370429.303,0.09806649386882782,9.73800277709961,-0.3628460466861725
1776636370439.212,0.10787314921617508,9.73800277709961,-0.35303938388824463
1776636370449.1218,0.11767979711294174,9.747809410095215,-0.35303938388824463
1776636370459.0317,0.09806649386882782,9.73800277709961,-0.3628460466861725
1776636370468.9417,0.09806649386882782,9.728196144104004,-0.3628460466861725
1776636370478.8516,0.08825984597206116,9.747809410095215,-0.35303938388824463
1776636370488.7625,0.08825984597206116,9.73800277709961,-0.34323275089263916
1776636370498.6736,0.11767979711294174,9.728196144104004,-0.34323275089263916
1776636370508.5835,0.10787314921617508,9.73800277709961,-0.35303938388824463
1776636370518.4944,0.08825984597206116,9.75761604309082,-0.35303938388824463
1776636370528.4043,0.09806649386882782,9.747809410095215,-0.35303938388824463
1776636370538.3142,0.10787314921617508,9.73800277709961,-0.37265267968177795
1776636370548.224,0.09806649386882782,9.747809410095215,-0.3628460466861725
1776636370558.134,0.10787314921617508,9.73800277709961,-0.35303938388824463
1776636370568.043,0.11767979711294174,9.728196144104004,-0.35303938388824463
1776636370577.953,0.09806649386882782,9.728196144104004,-0.3628460466861725
1776636370587.8628,0.09806649386882782,9.73800277709961,-0.3628460466861725
1776636370597.7727,0.09806649386882782,9.73800277709961,-0.35303938388824463
1776636370607.6826,0.10787314921617508,9.75761604309082,-0.34323275089263916
1776636370617.5916,0.10787314921617508,9.73800277709961,-0.35303938388824463
1776636370627.5015,0.09806649386882782,9.73800277709961,-0.3628460466861725
1776636370637.4104,0.10787314921617508,9.73800277709961,-0.35303938388824463
1776636370647.3203,0.09806649386882782,9.73800277709961,-0.35303938388824463
1776636370657.2292,0.10787314921617508,9.73800277709961,-0.35303938388824463
1776636370667.1392,0.10787314921617508,9.728196144104004,-0.34323275089263916
1776636370677.0493,0.08825984597206116,9.73800277709961,-0.35303938388824463
1776636370686.9595,0.10787314921617508,9.73800277709961,-0.3628460466861725
1776636370696.8696,0.11767979711294174,9.747809410095215,-0.3628460466861725
1776636370706.7798,0.09806649386882782,9.73800277709961,-0.35303938388824463
1776636370716.691,0.10787314921617508,9.73800277709961,-0.3628460466861725
1776636370726.6008,0.09806649386882782,9.73800277709961,-0.3628460466861725
1776636370736.511,0.09806649386882782,9.747809410095215,-0.3628460466861725
1776636370746.4211,0.10787314921617508,9.73800277709961,-0.35303938388824463
1776636370756.3313,0.09806649386882782,9.747809410095215,-0.3628460466861725
1776636370766.2424,0.09806649386882782,9.75761604309082,-0.3628460466861725
1776636370776.1526,0.09806649386882782,9.747809410095215,-0.3628460466861725
1776636370786.0625,0.08825984597206116,9.747809410095215,-0.35303938388824463
1776636370795.9717,0.09806649386882782,9.747809410095215,-0.34323275089263916
1776636370805.8818,0.08825984597206116,9.73800277709961,-0.34323275089263916
1776636370815.793,0.10787314921617508,9.728196144104004,-0.35303938388824463
1776636370825.704,0.09806649386882782,9.73800277709961,-0.3628460466861725
1776636370835.6152,0.08825984597206116,9.747809410095215,-0.3628460466861725
1776636370845.5273,0.09806649386882782,9.73800277709961,-0.3628460466861725
1776636370855.4375,0.09806649386882782,9.73800277709961,-0.37265267968177795
1776636370865.3486,0.09806649386882782,9.728196144104004,-0.35303938388824463
1776636370875.2595,0.09806649386882782,9.73800277709961,-0.35303938388824463
1776636370885.1707,0.10787314921617508,9.73800277709961,-0.3628460466861725
1776636370895.0818,0.08825984597206116,9.747809410095215,-0.35303938388824463
1776636370904.993,0.09806649386882782,9.747809410095215,-0.35303938388824463
1776636370914.904,0.09806649386882782,9.747809410095215,-0.35303938388824463
1776636370924.8142,0.09806649386882782,9.73800277709961,-0.37265267968177795
1776636370934.7263,0.10787314921617508,9.747809410095215,-0.35303938388824463
1776636370944.6375,0.10787314921617508,9.73800277709961,-0.34323275089263916
1776636370954.5476,0.09806649386882782,9.747809410095215,-0.34323275089263916
1776636370964.4587,0.10787314921617508,9.747809410095215,-0.3334260880947113
1776636370974.369,0.11767979711294174,9.73800277709961,-0.35303938388824463
1776636370984.28,0.10787314921617508,9.728196144104004,-0.34323275089263916
1776636370994.191,0.09806649386882782,9.73800277709961,-0.35303938388824463
1776636371004.102,0.09806649386882782,9.728196144104004,-0.37265267968177795
1776636371014.0122,0.08825984597206116,9.73800277709961,-0.35303938388824463
1776636371023.9233,0.09806649386882782,9.747809410095215,-0.35303938388824463
1776636371033.8325,0.10787314921617508,9.73800277709961,-0.35303938388824463
1776636371043.7437,0.11767979711294174,9.73800277709961,-0.3628460466861725
1776636371053.6538,0.10787314921617508,9.73800277709961,-0.35303938388824463
1776636371063.565,0.09806649386882782,9.747809410095215,-0.35303938388824463
1776636371073.4749,0.09806649386882782,9.747809410095215,-0.35303938388824463
1776636371083.385,0.09806649386882782,9.75761604309082,-0.34323275089263916
1776636371093.2952,0.10787314921617508,9.767423629760742,-0.34323275089263916
1776636371103.2063,0.10787314921617508,9.747809410095215,-0.35303938388824463
1776636371113.1174,0.08825984597206116,9.73800277709961,-0.35303938388824463
1776636371123.0276,0.08825984597206116,9.73800277709961,-0.35303938388824463
1776636371132.9387,0.09806649386882782,9.73800277709961,-0.35303938388824463
1776636371142.8499,0.09806649386882782,9.73800277709961,-0.34323275089263916
1776636371152.76,0.08825984597206116,9.73800277709961,-0.34323275089263916
1776636371162.67,0.09806649386882782,9.728196144104004,-0.34323275089263916
1776636371172.581,0.08825984597206116,9.73800277709961,-0.35303938388824463
1776636371182.4912,0.09806649386882782,9.73800277709961,-0.35303938388824463
1776636371192.4014,0.09806649386882782,9.75761604309082,-0.35303938388824463
1776636371202.3125,0.10787314921617508,9.747809410095215,-0.3628460466861725
1776636371212.2227,0.10787314921617508,9.73800277709961,-0.34323275089263916
1776636371222.1328,0.09806649386882782,9.73800277709961,-0.32361945509910583
1776636371232.043,0.09806649386882782,9.728196144104004,-0.3334260880947113
1776636371241.954,0.09806649386882782,9.728196144104004,-0.34323275089263916
1776636371251.8652,0.09806649386882782,9.728196144104004,-0.3334260880947113
1776636371261.7761,0.0784531980752945,9.747809410095215,-0.34323275089263916
1776636371271.6873,0.10787314921617508,9.747809410095215,-0.35303938388824463
1776636371281.5984,0.10787314921617508,9.75761604309082,-0.35303938388824463
1776636371291.5095,0.08825984597206116,9.747809410095215,-0.37265267968177795
1776636371301.4207,0.09806649386882782,9.747809410095215,-0.35303938388824463
1776636371311.3318,0.10787314921617508,9.728196144104004,-0.34323275089263916
1776636371321.242,0.10787314921617508,9.73800277709961,-0.34323275089263916
1776636371331.153,0.09806649386882782,9.73800277709961,-0.35303938388824463
1776636371341.0642,0.10787314921617508,9.728196144104004,-0.34323275089263916
1776636371350.9753,0.10787314921617508,9.73800277709961,-0.3334260880947113
1776636371360.8855,0.09806649386882782,9.747809410095215,-0.35303938388824463
1776636371370.7957,0.10787314921617508,9.747809410095215,-0.3628460466861725
1776636371380.7058,0.10787314921617508,9.747809410095215,-0.3922659754753113
1776636371390.6157,0.09806649386882782,9.73800277709961,-0.35303938388824463
1776636371400.5269,0.08825984597206116,9.73800277709961,-0.3628460466861725
1776636371410.438,0.08825984597206116,9.728196144104004,-0.3628460466861725
1776636371420.349,0.08825984597206116,9.728196144104004,-0.3628460466861725
1776636371430.2593,0.09806649386882782,9.728196144104004,-0.35303938388824463
1776636371440.1694,0.09806649386882782,9.728196144104004,-0.35303938388824463
1776636371450.0796,0.09806649386882782,9.73800277709961,-0.35303938388824463
1776636371459.9907,0.10787314921617508,9.747809410095215,-0.3628460466861725
1776636371469.901,0.09806649386882782,9.75761604309082,-0.35303938388824463
1776636371479.811,0.09806649386882782,9.73800277709961,-0.3628460466861725
1776636371489.721,0.08825984597206116,9.73800277709961,-0.3628460466861725
1776636371499.631,0.09806649386882782,9.747809410095215,-0.34323275089263916
1776636371509.5413,0.08825984597206116,9.747809410095215,-0.34323275089263916
1776636371519.4514,0.10787314921617508,9.73800277709961,-0.35303938388824463
1776636371529.3606,0.10787314921617508,9.73800277709961,-0.35303938388824463
1776636371539.2708,0.0784531980752945,9.73800277709961,-0.35303938388824463
1776636371549.18,0.10787314921617508,9.747809410095215,-0.3334260880947113
1776636371559.0898,0.10787314921617508,9.73800277709961,-0.3334260880947113
1776636371569.0,0.09806649386882782,9.747809410095215,-0.34323275089263916
1776636371578.9102,0.09806649386882782,9.747809410095215,-0.35303938388824463
1776636371588.8213,0.09806649386882782,9.73800277709961,-0.3628460466861725
1776636371598.7314,0.11767979711294174,9.73800277709961,-0.37265267968177795
1776636371608.6406,0.09806649386882782,9.73800277709961,-0.35303938388824463
1776636371618.5498,0.10787314921617508,9.728196144104004,-0.35303938388824463
1776636371628.4597,0.09806649386882782,9.747809410095215,-0.35303938388824463
1776636371638.369,0.09806649386882782,9.73800277709961,-0.3628460466861725
1776636371648.279,0.10787314921617508,9.747809410095215,-0.3628460466861725
1776636371658.1882,0.09806649386882782,9.747809410095215,-0.37265267968177795
1776636371668.0984,0.09806649386882782,9.73800277709961,-0.35303938388824463
1776636371678.009,0.08825984597206116,9.73800277709961,-0.35303938388824463
1776636371687.9197,0.09806649386882782,9.73800277709961,-0.35303938388824463
1776636371697.8303,0.09806649386882782,9.747809410095215,-0.37265267968177795
1776636371707.7397,0.09806649386882782,9.747809410095215,-0.37265267968177795
1776636371717.6504,0.08825984597206116,9.728196144104004,-0.35303938388824463
1776636371727.56,0.08825984597206116,9.73800277709961,-0.35303938388824463
1776636371737.4707,0.10787314921617508,9.73800277709961,-0.3628460466861725
1776636371747.3823,0.11767979711294174,9.73800277709961,-0.35303938388824463
1776636371757.2927,0.10787314921617508,9.73800277709961,-0.3628460466861725
1776636371767.2034,0.10787314921617508,9.747809410095215,-0.3628460466861725
1776636371777.114,0.08825984597206116,9.728196144104004,-0.35303938388824463
1776636371787.0247,0.10787314921617508,9.73800277709961,-0.3628460466861725
1776636371796.9363,0.10787314921617508,9.73800277709961,-0.3628460466861725
1776636371806.848,0.09806649386882782,9.73800277709961,-0.37265267968177795
1776636371816.7595,0.10787314921617508,9.747809410095215,-0.35303938388824463
1776636371826.6711,0.08825984597206116,9.747809410095215,-0.3628460466861725
1776636371836.5828,0.09806649386882782,9.73800277709961,-0.3628460466861725
1776636371846.4941,0.09806649386882782,9.747809410095215,-0.35303938388824463
1776636371856.4058,0.10787314921617508,9.75761604309082,-0.37265267968177795
1776636371866.3164,0.10787314921617508,9.73800277709961,-0.3922659754753113
1776636371876.228,0.08825984597206116,9.73800277709961,-0.37265267968177795
1776636371886.1387,0.09806649386882782,9.73800277709961,-0.34323275089263916
1776636371896.0503,0.09806649386882782,9.73800277709961,-0.34323275089263916
1776636371905.962,0.09806649386882782,9.728196144104004,-0.34323275089263916
1776636371915.8735,0.09806649386882782,9.728196144104004,-0.3334260880947113
1776636371925.7852,0.09806649386882782,9.718389511108398,-0.34323275089263916
1776636371935.6968,0.10787314921617508,9.728196144104004,-0.35303938388824463
1776636371945.6084,0.09806649386882782,9.73800277709961,-0.35303938388824463
1776636371955.52,0.11767979711294174,9.73800277709961,-0.35303938388824463
1776636371965.4316,0.08825984597206116,9.73800277709961,-0.35303938388824463
1776636371975.3433,0.09806649386882782,9.728196144104004,-0.35303938388824463
1776636371985.254,0.09806649386882782,9.718389511108398,-0.34323275089263916
1776636371995.1655,0.09806649386882782,9.728196144104004,-0.35303938388824463
1776636372005.0762,0.11767979711294174,9.73800277709961,-0.35303938388824463
1776636372014.9868,0.09806649386882782,9.73800277709961,-0.35303938388824463
1776636372024.8965,0.09806649386882782,9.73800277709961,-0.37265267968177795
1776636372034.806,0.09806649386882782,9.75761604309082,-0.3628460466861725
1776636372044.7166,0.0784531980752945,9.747809410095215,-0.3628460466861725
1776636372054.6272,0.10787314921617508,9.728196144104004,-0.3628460466861725
1776636372064.5378,0.11767979711294174,9.718389511108398,-0.3628460466861725
1776636372074.4485,0.10787314921617508,9.73800277709961,-0.35303938388824463
1776636372084.3591,0.0784531980752945,9.747809410095215,-0.35303938388824463
1776636372094.2708,0.09806649386882782,9.747809410095215,-0.35303938388824463
1776636372104.1814,0.08825984597206116,9.75761604309082,-0.35303938388824463
1776636372114.092,0.09806649386882782,9.728196144104004,-0.3628460466861725
1776636372124.0037,0.09806649386882782,9.73800277709961,-0.37265267968177795
1776636372133.9133,0.08825984597206116,9.73800277709961,-0.3628460466861725
1776636372143.824,0.08825984597206116,9.747809410095215,-0.37265267968177795
1776636372153.7346,0.09806649386882782,9.747809410095215,-0.37265267968177795
1776636372163.6443,0.10787314921617508,9.728196144104004,-0.3628460466861725
1776636372173.555,0.10787314921617508,9.73800277709961,-0.3628460466861725
1776636372183.4656,0.09806649386882782,9.73800277709961,-0.3628460466861725
1776636372193.3762,0.09806649386882782,9.728196144104004,-0.3628460466861725
1776636372203.2869,0.09806649386882782,9.73800277709961,-0.35303938388824463
1776636372213.1965,0.09806649386882782,9.747809410095215,-0.3628460466861725
1776636372223.1082,0.09806649386882782,9.747809410095215,-0.35303938388824463
1776636372233.0188,0.09806649386882782,9.73800277709961,-0.37265267968177795
1776636372242.9294,0.10787314921617508,9.73800277709961,-0.35303938388824463
1776636372252.84,0.09806649386882782,9.728196144104004,-0.37265267968177795
1776636372262.7507,0.08825984597206116,9.73800277709961,-0.3628460466861725
1776636372272.6624,0.09806649386882782,9.728196144104004,-0.3628460466861725
1776636372282.572,0.09806649386882782,9.73800277709961,-0.3628460466861725
1776636372292.4827,0.09806649386882782,9.73800277709961,-0.3628460466861725
1776636372302.3933,0.09806649386882782,9.747809410095215,-0.3628460466861725
1776636372312.305,0.08825984597206116,9.747809410095215,-0.3628460466861725
1776636372322.2156,0.09806649386882782,9.747809410095215,-0.3628460466861725
1776636372332.1272,0.09806649386882782,9.747809410095215,-0.3628460466861725
1776636372342.0378,0.11767979711294174,9.728196144104004,-0.35303938388824463
1776636372351.9485,0.10787314921617508,9.728196144104004,-0.3628460466861725
1776636372361.8582,0.10787314921617508,9.728196144104004,-0.37265267968177795
1776636372371.7688,0.09806649386882782,9.708582878112793,-0.3628460466861725
1776636372381.6794,0.09806649386882782,9.728196144104004,-0.37265267968177795
1776636372391.59,0.0784531980752945,9.73800277709961,-0.3628460466861725
1776636372401.501,0.09806649386882782,9.75761604309082,-0.3628460466861725
1776636372411.4116,0.09806649386882782,9.75761604309082,-0.3628460466861725
1776636372421.3232,0.09806649386882782,9.747809410095215,-0.35303938388824463
1776636372431.234,0.10787314921617508,9.728196144104004,-0.3628460466861725
1776636372441.1455,0.09806649386882782,9.728196144104004,-0.3628460466861725
1776636372451.0571,0.08825984597206116,9.728196144104004,-0.37265267968177795
1776636372460.9678,0.11767979711294174,9.718389511108398,-0.35303938388824463
1776636372470.8784,0.10787314921617508,9.73800277709961,-0.35303938388824463
1776636372480.7903,0.08825984597206116,9.747809410095215,-0.3628460466861725
1776636372490.702,0.10787314921617508,9.73800277709961,-0.34323275089263916
1776636372500.6116,0.11767979711294174,9.747809410095215,-0.35303938388824463
1776636372510.5232,0.09806649386882782,9.747809410095215,-0.35303938388824463
1776636372520.4348,0.10787314921617508,9.728196144104004,-0.37265267968177795
1776636372530.3455,0.09806649386882782,9.728196144104004,-0.35303938388824463
1776636372540.2573,0.11767979711294174,9.728196144104004,-0.37265267968177795
1776636372550.168,0.11767979711294174,9.73800277709961,-0.37265267968177795
1776636372560.0786,0.0784531980752945,9.747809410095215,-0.37265267968177795
1776636372569.9902,0.09806649386882782,9.73800277709961,-0.37265267968177795
1776636372579.9019,0.09806649386882782,9.747809410095215,-0.35303938388824463
1776636372589.8127,0.10787314921617508,9.73800277709961,-0.35303938388824463
1776636372599.7234,0.09806649386882782,9.747809410095215,-0.37265267968177795
1776636372609.634,0.09806649386882782,9.728196144104004,-0.37265267968177795
1776636372619.5457,0.09806649386882782,9.728196144104004,-0.35303938388824463
1776636372629.4563,0.10787314921617508,9.718389511108398,-0.3628460466861725
1776636372639.3682,0.09806649386882782,9.73800277709961,-0.37265267968177795
1776636372649.2788,0.09806649386882782,9.73800277709961,-0.3628460466861725
1776636372659.1904,0.11767979711294174,9.747809410095215,-0.3628460466861725
1776636372669.101,0.09806649386882782,9.747809410095215,-0.3628460466861725
1776636372679.0115,0.08825984597206116,9.728196144104004,-0.37265267968177795
1776636372688.923,0.09806649386882782,9.73800277709961,-0.37265267968177795
1776636372698.8335,0.10787314921617508,9.728196144104004,-0.3628460466861725
1776636372708.745,0.11767979711294174,9.728196144104004,-0.37265267968177795
1776636372718.6555,0.08825984597206116,9.747809410095215,-0.37265267968177795
1776636372728.566,0.10787314921617508,9.747809410095215,-0.3628460466861725
1776636372738.4766,0.10787314921617508,9.728196144104004,-0.3628460466861725
1776636372748.387,0.10787314921617508,9.73800277709961,-0.3628460466861725
1776636372758.2976,0.08825984597206116,9.728196144104004,-0.3628460466861725
1776636372768.209,0.08825984597206116,9.73800277709961,-0.3628460466861725
1776636372778.1196,0.09806649386882782,9.728196144104004,-0.37265267968177795
1776636372788.03,0.08825984597206116,9.747809410095215,-0.3628460466861725
1776636372797.9407,0.09806649386882782,9.747809410095215,-0.37265267968177795
1776636372807.852,0.09806649386882782,9.73800277709961,-0.37265267968177795
1776636372817.7627,0.08825984597206116,9.73800277709961,-0.37265267968177795
1776636372827.673,0.10787314921617508,9.747809410095215,-0.37265267968177795
1776636372837.5857,0.10787314921617508,9.728196144104004,-0.3628460466861725
1776636372847.497,0.09806649386882782,9.728196144104004,-0.3628460466861725
1776636372857.4087,0.09806649386882782,9.73800277709961,-0.37265267968177795
1776636372867.319,0.10787314921617508,9.73800277709961,-0.37265267968177795
1776636372877.2307,0.09806649386882782,9.73800277709961,-0.3628460466861725
1776636372887.142,0.09806649386882782,9.728196144104004,-0.35303938388824463
1776636372897.0527,0.0784531980752945,9.747809410095215,-0.3628460466861725
1776636372906.9631,0.09806649386882782,9.747809410095215,-0.3628460466861725
1776636372916.8738,0.10787314921617508,9.73800277709961,-0.3628460466861725
1776636372926.7852,0.09806649386882782,9.747809410095215,-0.35303938388824463
1776636372936.6958,0.08825984597206116,9.73800277709961,-0.3628460466861725
1776636372946.6052,0.09806649386882782,9.73800277709961,-0.3628460466861725
1776636372956.5159,0.10787314921617508,9.747809410095215,-0.35303938388824463
1776636372966.4282,0.08825984597206116,9.747809410095215,-0.3628460466861725
1776636372976.3398,0.08825984597206116,9.73800277709961,-0.34323275089263916
1776636372986.2515,0.09806649386882782,9.728196144104004,-0.34323275089263916
1776636372996.1638,0.09806649386882782,9.728196144104004,-0.37265267968177795
1776636373006.0754,0.08825984597206116,9.747809410095215,-0.3628460466861725
1776636373015.988,0.10787314921617508,9.747809410095215,-0.3628460466861725
1776636373025.9004,0.09806649386882782,9.75761604309082,-0.35303938388824463
1776636373035.812,0.08825984597206116,9.73800277709961,-0.3628460466861725
1776636373045.7234,0.10787314921617508,9.747809410095215,-0.3628460466861725
1776636373055.635,0.10787314921617508,9.73800277709961,-0.3628460466861725
1776636373065.5476,0.09806649386882782,9.73800277709961,-0.3628460466861725
1776636373075.46,0.09806649386882782,9.747809410095215,-0.37265267968177795
1776636373085.3716,0.08825984597206116,9.728196144104004,-0.3628460466861725
1776636373095.2832,0.08825984597206116,9.73800277709961,-0.3628460466861725
1776636373105.1956,0.09806649386882782,9.73800277709961,-0.3628460466861725
1776636373115.1082,0.10787314921617508,9.75761604309082,-0.3628460466861725
1776636373125.0208,0.08825984597206116,9.73800277709961,-0.3628460466861725
1776636406211.3435,-9.669356346130371,-0.06864655017852783,0.0
1776636406221.2554,-9.659549713134766,-0.08825984597206116,0.0
1776636406231.1672,-9.659549713134766,-0.05883989855647087,0.0
1776636406241.0798,-9.659549713134766,-0.06864655017852783,-0.009806649759411812
1776636406250.9927,-9.679162979125977,-0.06864655017852783,0.0
1776636406260.9055,-9.679162979125977,-0.05883989855647087,0.0
1776636406270.818,-9.688969612121582,-0.05883989855647087,0.0
1776636406280.731,-9.669356346130371,-0.0784531980752945,0.0
1776636406290.6438,-9.669356346130371,-0.05883989855647087,0.0
1776636406300.5554,-9.659549713134766,-0.05883989855647087,-0.009806649759411812
1776636406310.4673,-9.669356346130371,-0.0784531980752945,0.009806649759411812
1776636406320.38,-9.679162979125977,-0.05883989855647087,0.0
1776636406330.2927,-9.679162979125977,-0.06864655017852783,-0.009806649759411812
1776636406340.2056,-9.669356346130371,-0.06864655017852783,0.0
1776636406350.1182,-9.669356346130371,-0.04903324693441391,0.009806649759411812
1776636406360.03,-9.64974308013916,-0.06864655017852783,0.0
1776636406369.942,-9.64974308013916,-0.05883989855647087,0.0
1776636406379.8535,-9.659549713134766,-0.06864655017852783,0.0
1776636406389.7664,-9.669356346130371,-0.05883989855647087,0.0
1776636406399.679,-9.688969612121582,-0.0784531980752945,0.0
1776636406409.5908,-9.659549713134766,-0.06864655017852783,0.0
1776636406419.5024,-9.669356346130371,-0.06864655017852783,0.0
1776636406429.4153,-9.659549713134766,-0.06864655017852783,-0.009806649759411812
1776636406439.3271,-9.659549713134766,-0.06864655017852783,0.0
1776636406449.2388,-9.639936447143555,-0.06864655017852783,0.0
1776636406459.1506,-9.659549713134766,-0.0784531980752945,0.0
1776636406469.0632,-9.659549713134766,-0.05883989855647087,0.009806649759411812
1776636406478.976,-9.669356346130371,-0.05883989855647087,0.009806649759411812
1776636406488.8877,-9.688969612121582,-0.05883989855647087,0.0
1776636406498.8005,-9.669356346130371,-0.05883989855647087,0.0
1776636406508.7144,-9.669356346130371,-0.05883989855647087,0.0
1776636406518.627,-9.659549713134766,-0.0784531980752945,0.0
1776636406528.5398,-9.64974308013916,-0.05883989855647087,0.0
1776636406538.4517,-9.659549713134766,-0.06864655017852783,0.0
1776636406548.3643,-9.679162979125977,-0.05883989855647087,0.0
1776636406558.277,-9.679162979125977,-0.05883989855647087,0.0
1776636406568.1897,-9.669356346130371,-0.04903324693441391,0.009806649759411812
1776636406578.1025,-9.64974308013916,-0.06864655017852783,0.0
1776636406588.0154,-9.64974308013916,-0.06864655017852783,-0.009806649759411812
1776636406597.928,-9.63012981414795,-0.0784531980752945,0.0
1776636406607.8408,-9.659549713134766,-0.06864655017852783,0.0
1776636406617.7534,-9.679162979125977,-0.04903324693441391,-0.009806649759411812
1776636406627.6653,-9.698776245117188,-0.06864655017852783,0.0
1776636406637.578,-9.698776245117188,-0.05883989855647087,0.009806649759411812
1776636406647.4907,-9.698776245117188,-0.04903324693441391,0.0
1776636406657.4036,-9.659549713134766,-0.05883989855647087,0.0
1776636406667.3162,-9.63012981414795,-0.06864655017852783,-0.009806649759411812
1776636406677.23,-9.639936447143555,-0.06864655017852783,0.0
1776636406687.1428,-9.639936447143555,-0.08825984597206116,0.009806649759411812
1776636406697.0547,-9.64974308013916,-0.06864655017852783,0.0
1776636406706.9688,-9.688969612121582,-0.06864655017852783,0.0
1776636406716.882,-9.708582878112793,-0.04903324693441391,0.009806649759411812
1776636406726.7964,-9.688969612121582,-0.05883989855647087,0.0
1776636406736.7107,-9.698776245117188,-0.03922659903764725,0.0
1776636406746.6238,-9.679162979125977,-0.06864655017852783,0.009806649759411812
1776636406756.538,-9.600709915161133,-0.13729310035705566,-0.04903324693441391
1776636406766.4524,-9.669356346130371,-0.019613299518823624,0.019613299518823624
1776636406776.3667,-9.659549713134766,-0.04903324693441391,0.009806649759411812
1776636406786.28,-9.610516548156738,-0.156906396150589,0.0
1776636406796.193,-9.688969612121582,-0.019613299518823624,0.019613299518823624
1776636406806.1074,-9.708582878112793,-0.04903324693441391,0.0
1776636406816.0217,-9.698776245117188,-0.04903324693441391,0.019613299518823624
1776636406825.935,-9.659549713134766,-0.10787314921617508,0.0
1776636406835.8481,-9.679162979125977,-0.04903324693441391,0.0
1776636406845.7625,-9.659549713134766,-0.0784531980752945,0.0
1776636406855.6768,-9.669356346130371,-0.06864655017852783,0.009806649759411812
1776636406865.59,-9.688969612121582,-0.05883989855647087,0.0
1776636406875.5042,-9.679162979125977,-0.0784531980752945,-0.019613299518823624
1776636406885.4175,-9.659549713134766,-0.08825984597206116,-0.009806649759411812
1776636406895.3318,-9.64974308013916,-0.0784531980752945,0.009806649759411812
1776636406905.246,-9.63012981414795,-0.0784531980752945,0.0
1776636406915.1594,-9.659549713134766,-0.06864655017852783,0.0
1776636406925.0735,-9.679162979125977,-0.06864655017852783,0.0
1776636406934.9878,-9.708582878112793,-0.06864655017852783,0.009806649759411812
1776636406944.9011,-9.747809410095215,-0.029419949278235435,0.0
1776636406954.8145,-9.728196144104004,-0.06864655017852783,0.0
1776636406964.7275,-9.708582878112793,-0.05883989855647087,-0.009806649759411812
1776636406974.6409,-9.708582878112793,-0.03922659903764725,0.0
1776636406984.5542,-9.708582878112793,-0.06864655017852783,0.0
1776636406994.4675,-9.669356346130371,-0.08825984597206116,0.0
1776636407004.3818,-9.64974308013916,-0.09806649386882782,0.0
1776636407014.296,-9.659549713134766,-0.06864655017852783,0.0
1776636407024.2102,-9.620323181152344,-0.08825984597206116,0.009806649759411812
1776636407034.1245,-9.620323181152344,-0.10787314921617508,0.0
1776636407044.0378,-9.659549713134766,-0.06864655017852783,0.0
1776636407053.9521,-9.669356346130371,-0.0784531980752945,0.0
1776636407063.8652,-9.679162979125977,-0.08825984597206116,0.0
1776636407073.7786,-9.698776245117188,-0.06864655017852783,-0.009806649759411812
1776636407083.6929,-9.728196144104004,-0.03922659903764725,0.019613299518823624
1776636407093.6072,-9.620323181152344,-0.14709974825382233,-0.029419949278235435
1776636407103.5205,-9.620323181152344,-0.127486452460289,0.0
1776636407113.4336,-9.600709915161133,-0.03922659903764725,0.0
1776636407123.348,-9.551676750183105,-0.19613298773765564,-0.029419949278235435
1776636407133.2612,-9.796843528747559,0.16671304404735565,0.11767979711294174
1776636407143.1755,-9.492836952209473,-0.4805258512496948,-0.11767979711294174
1776636407153.0898,-9.777230262756348,0.04903324693441391,0.019613299518823624
1776636407163.002,-9.669356346130371,-0.009806649759411812,0.019613299518823624
1776636407172.9143,-9.5418701171875,-0.2843928337097168,-0.019613299518823624
1776636407182.8286,-9.698776245117188,0.0784531980752945,0.009806649759411812
1776636407192.742,-9.63012981414795,-0.21574629843235016,0.0
1776636407202.6553,-9.718389511108398,-0.029419949278235435,-0.019613299518823624
1776636407212.5684,-9.688969612121582,-0.09806649386882782,0.019613299518823624
1776636407222.4817,-9.669356346130371,-0.08825984597206116,0.0
1776636407232.395,-9.659549713134766,-0.0784531980752945,0.0
1776636407242.3083,-9.63012981414795,-0.13729310035705566,0.0
1776636407252.2205,-9.669356346130371,-0.06864655017852783,0.0
1776636407262.1328,-9.64974308013916,-0.08825984597206116,0.0
1776636407272.0452,-9.669356346130371,-0.09806649386882782,0.0
1776636407281.9573,-9.679162979125977,-0.0784531980752945,0.0
1776636407291.8687,-9.669356346130371,-0.11767979711294174,0.0
1776636407301.781,-9.679162979125977,-0.0784531980752945,0.0
1776636407311.6943,-9.669356346130371,-0.0784531980752945,0.0
1776636407321.6064,-9.669356346130371,-0.11767979711294174,0.0
1776636407331.5198,-9.659549713134766,-0.08825984597206116,0.0
1776636407341.4321,-9.669356346130371,-0.09806649386882782,0.0
1776636407351.3455,-9.659549713134766,-0.08825984597206116,0.0
1776636407361.2576,-9.669356346130371,-0.09806649386882782,0.0
1776636407371.171,-9.669356346130371,-0.0784531980752945,0.0
1776636407381.0842,-9.679162979125977,-0.08825984597206116,0.0
1776636407390.9966,-9.669356346130371,-0.08825984597206116,0.0
1776636407400.9097,-9.679162979125977,-0.08825984597206116,0.0
1776636407410.822,-9.64974308013916,-0.08825984597206116,-0.019613299518823624
1776636407420.7354,-9.64974308013916,-0.10787314921617508,0.0
1776636407430.6477,-9.64974308013916,-0.08825984597206116,0.0
1776636407440.5608,-9.669356346130371,-0.09806649386882782,0.0
1776636407450.4731,-9.679162979125977,-0.08825984597206116,0.0
1776636407460.3845,-9.659549713134766,-0.08825984597206116,0.0
1776636407470.2966,-9.669356346130371,-0.08825984597206116,0.009806649759411812
1776636407480.21,-9.659549713134766,-0.08825984597206116,0.0
1776636407490.1223,-9.659549713134766,-0.09806649386882782,0.0
1776636407500.0356,-9.669356346130371,-0.09806649386882782,0.0
1776636407509.949,-9.688969612121582,-0.08825984597206116,0.009806649759411812
1776636407519.8623,-9.669356346130371,-0.08825984597206116,0.0
1776636407529.7734,-9.669356346130371,-0.09806649386882782,0.0
1776636407539.6868,-9.659549713134766,-0.08825984597206116,0.0
1776636407549.6,-9.64974308013916,-0.10787314921617508,0.0
1776636407559.5134,-9.659549713134766,-0.08825984597206116,0.0
1776636407569.4265,-9.679162979125977,-0.08825984597206116,0.0
1776636407579.3389,-9.679162979125977,-0.08825984597206116,0.0
1776636407589.2522,-9.669356346130371,-0.08825984597206116,0.009806649759411812
1776636407599.1646,-9.679162979125977,-0.09806649386882782,0.0
1776636407609.077,-9.669356346130371,-0.09806649386882782,-0.009806649759411812
1776636407618.989,-9.659549713134766,-0.08825984597206116,0.0
1776636407628.9023,-9.659549713134766,-0.10787314921617508,0.0
1776636407638.8147,-9.679162979125977,-0.09806649386882782,0.0
1776636407648.727,-9.688969612121582,-0.08825984597206116,0.0
1776636407658.6392,-9.669356346130371,-0.09806649386882782,0.0
1776636407668.5525,-9.669356346130371,-0.10787314921617508,-0.009806649759411812
1776636407678.4648,-9.659549713134766,-0.09806649386882782,0.0
1776636407688.3772,-9.64974308013916,-0.09806649386882782,0.0
1776636407698.2893,-9.639936447143555,-0.09806649386882782,0.0
1776636407708.2014,-9.669356346130371,-0.09806649386882782,0.0
1776636407718.1143,-9.679162979125977,-0.09806649386882782,0.0
1776636407728.0264,-9.659549713134766,-0.08825984597206116,0.0
1776636407737.9402,-9.669356346130371,-0.08825984597206116,0.0
1776636407747.8542,-9.669356346130371,-0.08825984597206116,0.0
1776636407757.767,-9.659549713134766,-0.08825984597206116,0.0
1776636407767.6802,-9.64974308013916,-0.09806649386882782,0.0
1776636407777.594,-9.659549713134766,-0.08825984597206116,0.0
1776636407787.508,-9.669356346130371,-0.08825984597206116,0.0
1776636407797.422,-9.659549713134766,-0.10787314921617508,0.0
1776636407807.335,-9.669356346130371,-0.10787314921617508,0.0
1776636407817.2468,-9.679162979125977,-0.0784531980752945,0.0
1776636407827.159,-9.669356346130371,-0.08825984597206116,0.0
1776636407837.0718,-9.659549713134766,-0.08825984597206116,0.0
1776636407846.9849,-9.659549713134766,-0.09806649386882782,0.0
1776636407856.8967,-9.659549713134766,-0.08825984597206116,0.0
1776636407866.8098,-9.659549713134766,-0.09806649386882782,0.0
1776636407876.7217,-9.659549713134766,-0.08825984597206116,0.0
1776636407886.6348,-9.669356346130371,-0.08825984597206116,0.0
1776636407896.5486,-9.669356346130371,-0.09806649386882782,0.0
1776636407906.4617,-9.669356346130371,-0.08825984597206116,0.0
1776636407916.3755,-9.659549713134766,-0.08825984597206116,0.0
1776636407926.2886,-9.659549713134766,-0.09806649386882782,0.0
1776636407936.2024,-9.64974308013916,-0.10787314921617508,0.0
1776636407946.1165,-9.659549713134766,-0.09806649386882782,0.0
1776636407956.0283,-9.669356346130371,-0.08825984597206116,0.0
1776636407965.9414,-9.679162979125977,-0.08825984597206116,0.0
1776636407975.8542,-9.659549713134766,-0.08825984597206116,0.0
1776636407985.7664,-9.669356346130371,-0.09806649386882782,0.0
1776636407995.6792,-9.669356346130371,-0.08825984597206116,0.0
1776636408005.5913,-9.64974308013916,-0.08825984597206116,0.0
1776636408015.5032,-9.64974308013916,-0.09806649386882782,0.009806649759411812
1776636408025.416,-9.669356346130371,-0.09806649386882782,0.0
1776636408035.3281,-9.659549713134766,-0.0784531980752945,0.0
1776636408045.24,-9.669356346130371,-0.08825984597206116,0.0
1776636408055.153,-9.679162979125977,-0.08825984597206116,0.0
1776636408065.066,-9.679162979125977,-0.08825984597206116,0.0
1776636408074.978,-9.669356346130371,-0.09806649386882782,0.0
1776636408084.89,-9.669356346130371,-0.08825984597206116,0.0
1776636408094.8027,-9.669356346130371,-0.10787314921617508,0.0
1776636408104.7148,-9.659549713134766,-0.09806649386882782,0.0
1776636408114.6277,-9.659549713134766,-0.0784531980752945,0.0
1776636408124.5408,-9.669356346130371,-0.08825984597206116,0.0
1776636408134.4526,-9.659549713134766,-0.08825984597206116,0.0
1776636408144.3657,-9.669356346130371,-0.08825984597206116,0.0
1776636408154.2786,-9.669356346130371,-0.08825984597206116,0.0
1776636408164.1926,-9.669356346130371,-0.0784531980752945,0.0
1776636408174.1055,-9.679162979125977,-0.08825984597206116,0.0
1776636408184.0164,-9.669356346130371,-0.08825984597206116,0.0
1776636408193.9294,-9.659549713134766,-0.10787314921617508,0.0
1776636408203.8423,-9.669356346130371,-0.08825984597206116,0.0
1776636408213.7563,-9.679162979125977,-0.08825984597206116,0.0
1776636408223.6682,-9.669356346130371,-0.08825984597206116,0.0
1776636408233.5803,-9.669356346130371,-0.09806649386882782,0.009806649759411812
1776636408243.4932,-9.679162979125977,-0.08825984597206116,0.009806649759411812
1776636408253.405,-9.679162979125977,-0.08825984597206116,0.009806649759411812
1776636408263.3171,-9.659549713134766,-0.08825984597206116,0.0
1776636408273.23,-9.659549713134766,-0.09806649386882782,-0.009806649759411812
1776636408283.142,-9.659549713134766,-0.10787314921617508,0.0
1776636408293.054,-9.669356346130371,-0.08825984597206116,0.0
1776636408302.9658,-9.679162979125977,-0.09806649386882782,0.0
1776636408312.879,-9.679162979125977,-0.09806649386882782,0.0
1776636408322.7908,-9.669356346130371,-0.09806649386882782,0.009806649759411812
1776636408332.7026,-9.669356346130371,-0.08825984597206116,0.0
1776636408342.6157,-9.669356346130371,-0.08825984597206116,0.0
1776636408352.5286,-9.669356346130371,-0.09806649386882782,0.0
1776636408362.4426,-9.669356346130371,-0.08825984597206116,0.0
1776636408372.3545,-9.659549713134766,-0.09806649386882782,0.0
1776636408382.2686,-9.659549713134766,-0.10787314921617508,0.0
1776636408392.1814,-9.669356346130371,-0.08825984597206116,0.0
1776636408402.0945,-9.659549713134766,-0.08825984597206116,0.0
1776636408412.0073,-9.659549713134766,-0.08825984597206116,0.0
1776636408421.9204,-9.669356346130371,-0.08825984597206116,0.0
1776636408431.8323,-9.659549713134766,-0.09806649386882782,0.0
1776636408441.745,-9.64974308013916,-0.08825984597206116,0.0
1776636408451.6582,-9.669356346130371,-0.10787314921617508,0.0
1776636408461.571,-9.669356346130371,-0.08825984597206116,0.0
1776636408471.4832,-9.669356346130371,-0.09806649386882782,0.009806649759411812
1776636408481.396,-9.669356346130371,-0.09806649386882782,0.0
1776636408491.3079,-9.669356346130371,-0.09806649386882782,0.0
1776636408501.22,-9.669356346130371,-0.08825984597206116,0.0
1776636408511.1338,-9.669356346130371,-0.09806649386882782,0.0
1776636408521.0469,-9.669356346130371,-0.09806649386882782,0.0
1776636408530.9597,-9.669356346130371,-0.09806649386882782,0.0
1776636408540.8728,-9.659549713134766,-0.08825984597206116,0.0
1776636408550.7866,-9.659549713134766,-0.10787314921617508,0.0
1776636408560.7007,-9.659549713134766,-0.10787314921617508,0.0
1776636408570.6145,-9.669356346130371,-0.08825984597206116,0.0
1776636408580.5286,-9.64974308013916,-0.09806649386882782,0.0
1776636408590.4424,-9.659549713134766,-0.0784531980752945,0.009806649759411812
1776636408600.3555,-9.669356346130371,-0.10787314921617508,0.0
1776636408610.2683,-9.669356346130371,-0.10787314921617508,0.0
1776636408620.1824,-9.669356346130371,-0.09806649386882782,0.019613299518823624
1776636408630.0952,-9.679162979125977,-0.08825984597206116,0.0
1776636408640.0093,-9.669356346130371,-0.0784531980752945,0.0
1776636408649.923,-9.669356346130371,-0.08825984597206116,0.0
1776636408659.8362,-9.688969612121582,-0.09806649386882782,0.0
1776636408669.749,-9.679162979125977,-0.08825984597206116,0.0
1776636408679.663,-9.659549713134766,-0.09806649386882782,0.0
1776636408689.576,-9.659549713134766,-0.09806649386882782,0.0
1776636408699.489,-9.659549713134766,-0.09806649386882782,0.0
1776636408709.403,-9.679162979125977,-0.08825984597206116,0.0
1776636408719.3174,-9.669356346130371,-0.09806649386882782,0.0
1776636408729.2305,-9.64974308013916,-0.08825984597206116,0.009806649759411812
1776636408739.1448,-9.659549713134766,-0.08825984597206116,0.0
1776636408749.0588,-9.688969612121582,-0.10787314921617508,0.0
1776636408758.9722,-9.669356346130371,-0.08825984597206116,0.0
1776636408768.8872,-9.669356346130371,-0.08825984597206116,0.0
1776636408778.8015,-9.679162979125977,-0.08825984597206116,0.0
1776636408788.7156,-9.659549713134766,-0.08825984597206116,0.019613299518823624
1776636408798.63,-9.669356346130371,-0.08825984597206116,0.0
1776636408808.544,-9.659549713134766,-0.09806649386882782,0.0
1776636408818.4573,-9.659549713134766,-0.08825984597206116,0.0
1776636408828.3716,-9.669356346130371,-0.08825984597206116,0.019613299518823624
1776636408838.2847,-9.659549713134766,-0.08825984597206116,-0.009806649759411812
1776636408848.1978,-9.669356346130371,-0.09806649386882782,0.0
1776636408858.111,-9.679162979125977,-0.10787314921617508,0.0
1776636408868.0254,-9.669356346130371,-0.08825984597206116,0.0
1776636408877.9395,-9.669356346130371,-0.10787314921617508,0.0
1776636408887.8538,-9.659549713134766,-0.10787314921617508,0.0
1776636408897.7678,-9.64974308013916,-0.09806649386882782,0.0
1776636408907.6821,-9.659549713134766,-0.09806649386882782,0.0
1776636408917.5974,-9.669356346130371,-0.09806649386882782,0.009806649759411812
1776636408927.5115,-9.688969612121582,-0.09806649386882782,0.0
1776636408937.4268,-9.669356346130371,-0.09806649386882782,0.0
1776636408947.3408,-9.64974308013916,-0.08825984597206116,0.0
1776636408957.2551,-9.669356346130371,-0.0784531980752945,0.0
1776636408967.1685,-9.659549713134766,-0.08825984597206116,-0.009806649759411812
1776636408977.0825,-9.659549713134766,-0.08825984597206116,0.0
1776636408986.9958,-9.669356346130371,-0.08825984597206116,0.0
1776636408996.909,-9.669356346130371,-0.08825984597206116,0.0
1776636409006.8232,-9.669356346130371,-0.08825984597206116,0.0
1776636409016.7363,-9.688969612121582,-0.08825984597206116,0.0
1776636409026.6506,-9.679162979125977,-0.09806649386882782,0.009806649759411812
1776636409036.565,-9.659549713134766,-0.0784531980752945,0.009806649759411812
1776636409046.478,-9.669356346130371,-0.08825984597206116,0.009806649759411812
1776636409056.3923,-9.679162979125977,-0.10787314921617508,0.0
1776636409066.3054,-9.679162979125977,-0.10787314921617508,-0.009806649759411812
1776636409076.2178,-9.669356346130371,-0.09806649386882782,0.0
1776636409086.13,-9.669356346130371,-0.09806649386882782,0.0
1776636409096.0432,-9.659549713134766,-0.09806649386882782,0.0
1776636409105.9563,-9.669356346130371,-0.08825984597206116,0.0
1776636409115.8696,-9.659549713134766,-0.09806649386882782,0.0
1776636409125.783,-9.669356346130371,-0.08825984597206116,0.0
1776636409135.696,-9.669356346130371,-0.0784531980752945,0.009806649759411812
1776636409145.6094,-9.669356346130371,-0.0784531980752945,0.0
1776636409155.5215,-9.659549713134766,-0.09806649386882782,0.0
1776636409165.4358,-9.659549713134766,-0.09806649386882782,0.0
1776636409175.3489,-9.659549713134766,-0.0784531980752945,0.0
1776636409185.2622,-9.659549713134766,-0.08825984597206116,-0.009806649759411812
1776636409195.1765,-9.659549713134766,-0.08825984597206116,0.009806649759411812
1776636409205.0896,-9.659549713134766,-0.0784531980752945,0.0
1776636409215.003,-9.659549713134766,-0.10787314921617508,0.0
1776636409224.916,-9.669356346130371,-0.10787314921617508,0.0
1776636409234.8293,-9.669356346130371,-0.08825984597206116,0.0
1776636409244.7427,-9.669356346130371,-0.08825984597206116,0.009806649759411812
1776636409254.6548,-9.659549713134766,-0.09806649386882782,0.009806649759411812
1776636409264.568,-9.669356346130371,-0.10787314921617508,0.0
1776636409274.4822,-9.669356346130371,-0.08825984597206116,0.0
1776636409284.3955,-9.669356346130371,-0.09806649386882782,0.0
1776636409294.3088,-9.659549713134766,-0.08825984597206116,0.0
1776636409304.221,-9.659549713134766,-0.0784531980752945,0.0
1776636409314.1343,-9.669356346130371,-0.08825984597206116,0.0
1776636409324.0476,-9.679162979125977,-0.08825984597206116,0.0
1776636409333.9597,-9.659549713134766,-0.08825984597206116,0.0
1776636409343.873,-9.679162979125977,-0.10787314921617508,0.0
1776636409353.787,-9.669356346130371,-0.09806649386882782,0.0
1776636409363.7014,-9.669356346130371,-0.08825984597206116,0.0
1776636409373.6167,-9.669356346130371,-0.08825984597206116,0.0
1776636409383.531,-9.679162979125977,-0.08825984597206116,0.0
1776636409393.444,-9.669356346130371,-0.09806649386882782,0.0
1776636409403.3584,-9.679162979125977,-0.08825984597206116,0.0
1776636409413.2717,-9.669356346130371,-0.09806649386882782,0.0
1776636409423.1838,-9.669356346130371,-0.09806649386882782,0.0
1776636409433.0972,-9.669356346130371,-0.10787314921617508,0.0
1776636409443.0115,-9.679162979125977,-0.09806649386882782,-0.009806649759411812
1776636409452.9246,-9.679162979125977,-0.08825984597206116,0.0
1776636409462.837,-9.669356346130371,-0.09806649386882782,0.0
1776636409472.7512,-9.659549713134766,-0.08825984597206116,0.0
1776636409482.6643,-9.669356346130371,-0.09806649386882782,0.0
1776636409492.5776,-9.669356346130371,-0.0784531980752945,0.0
1776636409502.491,-9.669356346130371,-0.09806649386882782,0.0
1776636409512.4043,-9.679162979125977,-0.09806649386882782,0.0
1776636409522.3184,-9.669356346130371,-0.09806649386882782,0.0
1776636409532.2317,-9.659549713134766,-0.09806649386882782,0.0
1776636409542.144,-9.679162979125977,-0.09806649386882782,0.0
1776636409552.0571,-9.679162979125977,-0.08825984597206116,0.0
1776636409561.9714,-9.659549713134766,-0.08825984597206116,0.0
1776636409571.8848,-9.679162979125977,-0.0784531980752945,0.0
1776636409581.799,-9.679162979125977,-0.09806649386882782,0.0
1776636409591.7122,-9.659549713134766,-0.08825984597206116,0.0
1776636409601.6265,-9.669356346130371,-0.09806649386882782,0.0
1776636409611.5398,-9.679162979125977,-0.09806649386882782,0.0
1776636409621.4531,-9.669356346130371,-0.09806649386882782,0.0
1776636409631.3662,-9.659549713134766,-0.08825984597206116,0.0
1776636409641.2795,-9.669356346130371,-0.09806649386882782,0.0
1776636409651.1938,-9.659549713134766,-0.08825984597206116,0.0
1776636409661.1082,-9.669356346130371,-0.10787314921617508,0.0
1776636409671.0225,-9.698776245117188,-0.0784531980752945,0.0
1776636409680.9355,-9.659549713134766,-0.08825984597206116,0.0
1776636409690.8499,-9.659549713134766,-0.09806649386882782,0.009806649759411812
1776636409700.7651,-9.64974308013916,-0.08825984597206116,0.0
1776636409710.6792,-9.669356346130371,-0.08825984597206116,0.0
1776636409720.5923,-9.669356346130371,-0.0784531980752945,0.0
1776636409730.5066,-9.679162979125977,-0.09806649386882782,0.009806649759411812
1776636409740.4216,-9.679162979125977,-0.09806649386882782,0.0
1776636409750.3357,-9.659549713134766,-0.08825984597206116,0.0
1776636409760.251,-9.659549713134766,-0.08825984597206116,0.019613299518823624
1776636409770.165,-9.659549713134766,-0.09806649386882782,0.0
1776636409780.079,-9.659549713134766,-0.09806649386882782,0.0
1776636409789.9944,-9.679162979125977,-0.09806649386882782,0.0
1776636409799.9075,-9.679162979125977,-0.09806649386882782,0.0
1776636409809.8215,-9.669356346130371,-0.08825984597206116,0.0
1776636409819.7346,-9.669356346130371,-0.08825984597206116,0.0
1776636409829.65,-9.64974308013916,-0.09806649386882782,0.009806649759411812
1776636409839.564,-9.669356346130371,-0.0784531980752945,0.0
1776636409849.478,-9.659549713134766,-0.09806649386882782,0.0
1776636409859.391,-9.659549713134766,-0.09806649386882782,0.0
1776636409869.3054,-9.669356346130371,-0.09806649386882782,0.0
1776636409879.2195,-9.659549713134766,-0.08825984597206116,0.0
1776636409889.1348,-9.659549713134766,-0.08825984597206116,0.0
1776636409899.0488,-9.659549713134766,-0.08825984597206116,0.0
1776636409908.962,-9.669356346130371,-0.08825984597206116,0.0
1776636409918.875,-9.669356346130371,-0.08825984597206116,0.0
1776636409928.7893,-9.659549713134766,-0.08825984597206116,0.0
1776636409938.7034,-9.659549713134766,-0.09806649386882782,0.009806649759411812
1776636409948.6174,-9.64974308013916,-0.09806649386882782,0.0
1776636409958.5317,-9.669356346130371,-0.08825984597206116,0.0
1776636409968.4468,-9.688969612121582,-0.11767979711294174,0.009806649759411812
1776636409978.3608,-9.669356346130371,-0.09806649386882782,0.0
1776636409988.2751,-9.64974308013916,-0.09806649386882782,0.0
1776636409998.1902,-9.659549713134766,-0.09806649386882782,0.0
1776636410008.1033,-9.669356346130371,-0.09806649386882782,0.0
1776636410018.0176,-9.659549713134766,-0.09806649386882782,0.0
1776636410027.9316,-9.669356346130371,-0.10787314921617508,0.0
1776636410037.8447,-9.669356346130371,-0.09806649386882782,0.009806649759411812
1776636410047.759,-9.669356346130371,-0.09806649386882782,0.0
1776636410057.673,-9.669356346130371,-0.09806649386882782,0.0
1776636410067.5872,-9.659549713134766,-0.09806649386882782,0.0
1776636410077.5005,-9.659549713134766,-0.09806649386882782,0.0
1776636410087.4146,-9.679162979125977,-0.09806649386882782,0.0
1776636410097.3276,-9.679162979125977,-0.10787314921617508,0.0
1776636410107.241,-9.669356346130371,-0.08825984597206116,-0.009806649759411812
1776636410117.154,-9.669356346130371,-0.09806649386882782,0.0
1776636410127.068,-9.659549713134766,-0.09806649386882782,0.0
1776636410136.9802,-9.659549713134766,-0.0784531980752945,0.0
1776636410146.8945,-9.669356346130371,-0.10787314921617508,0.0
1776636410156.8076,-9.669356346130371,-0.09806649386882782,0.0
1776636410166.722,-9.659549713134766,-0.08825984597206116,0.0
1776636410176.635,-9.669356346130371,-0.09806649386882782,0.0
1776636410186.548,-9.679162979125977,-0.09806649386882782,-0.009806649759411812
1776636410196.4612,-9.669356346130371,-0.08825984597206116,0.0
1776636410206.3755,-9.669356346130371,-0.09806649386882782,0.0
1776636410216.2886,-9.669356346130371,-0.08825984597206116,0.0
1776636410226.2017,-9.669356346130371,-0.08825984597206116,-0.009806649759411812
1776636410236.116,-9.659549713134766,-0.09806649386882782,0.0
1776636410246.029,-9.669356346130371,-0.10787314921617508,0.0
1776636410255.9421,-9.679162979125977,-0.09806649386882782,0.0
1776636410265.8555,-9.688969612121582,-0.08825984597206116,-0.009806649759411812
1776636410275.7695,-9.659549713134766,-0.08825984597206116,0.0
1776636410285.6829,-9.659549713134766,-0.10787314921617508,0.0
1776636410295.596,-9.659549713134766,-0.10787314921617508,0.0
1776636410305.509,-9.669356346130371,-0.10787314921617508,0.009806649759411812
1776636410315.4243,-9.669356346130371,-0.09806649386882782,0.0
1776636410325.3384,-9.669356346130371,-0.09806649386882782,0.0
1776636410335.2537,-9.669356346130371,-0.09806649386882782,0.0
1776636410345.1687,-9.679162979125977,-0.08825984597206116,0.0
1776636410355.084,-9.669356346130371,-0.0784531980752945,0.0
1776636410364.999,-9.669356346130371,-0.08825984597206116,0.0
1776636410374.9133,-9.669356346130371,-0.08825984597206116,0.0
1776636410384.8264,-9.669356346130371,-0.08825984597206116,-0.009806649759411812
1776636410394.7405,-9.679162979125977,-0.08825984597206116,-0.009806649759411812
1776636410404.6548,-9.669356346130371,-0.09806649386882782,0.0
1776636410414.5698,-9.669356346130371,-0.09806649386882782,0.009806649759411812
1776636410424.4841,-9.679162979125977,-0.09806649386882782,0.0
1776636410434.3992,-9.669356346130371,-0.0784531980752945,0.0
1776636410444.3135,-9.659549713134766,-0.09806649386882782,0.0
1776636410454.2266,-9.669356346130371,-0.09806649386882782,0.0
1776636410464.14,-9.659549713134766,-0.09806649386882782,0.0
1776636410474.054,-9.659549713134766,-0.08825984597206116,0.0
1776636410483.9683,-9.659549713134766,-0.09806649386882782,0.0
1776636410493.8823,-9.669356346130371,-0.09806649386882782,0.0
1776636410503.7954,-9.669356346130371,-0.08825984597206116,0.009806649759411812
1776636410513.7087,-9.669356346130371,-0.10787314921617508,0.0
1776636410523.6228,-9.669356346130371,-0.09806649386882782,0.0
1776636410533.537,-9.669356346130371,-0.10787314921617508,0.0
1776636410543.4512,-9.669356346130371,-0.09806649386882782,0.0
1776636410553.3655,-9.64974308013916,-0.0784531980752945,-0.009806649759411812
1776636410563.2795,-9.669356346130371,-0.08825984597206116,-0.009806649759411812
1776636410573.1938,-9.659549713134766,-0.09806649386882782,0.0
1776636410583.108,-9.659549713134766,-0.08825984597206116,0.0
1776636410593.0212,-9.659549713134766,-0.0784531980752945,0.0
1776636410602.9363,-9.659549713134766,-0.08825984597206116,0.009806649759411812
1776636410612.8496,-9.669356346130371,-0.08825984597206116,0.0
1776636410622.7637,-9.669356346130371,-0.08825984597206116,0.009806649759411812
1776636410632.678,-9.659549713134766,-0.09806649386882782,0.019613299518823624
1776636410642.591,-9.679162979125977,-0.08825984597206116,0.0
1776636410652.5042,-9.669356346130371,-0.09806649386882782,-0.009806649759411812
1776636410662.4175,-9.669356346130371,-0.09806649386882782,0.0
1776636410672.3315,-9.669356346130371,-0.09806649386882782,0.0
1776636410682.2449,-9.669356346130371,-0.08825984597206116,0.0
1776636410692.159,-9.669356346130371,-0.10787314921617508,-0.009806649759411812
1776636410702.072,-9.679162979125977,-0.10787314921617508,0.0
1776636410711.985,-9.669356346130371,-0.09806649386882782,0.0
1776636410721.8982,-9.669356346130371,-0.08825984597206116,0.0
1776636410731.811,-9.679162979125977,-0.10787314921617508,0.0
1776636410741.725,-9.659549713134766,-0.09806649386882782,0.0
1776636410751.6392,-9.659549713134766,-0.08825984597206116,0.0
1776636410761.553,-9.659549713134766,-0.09806649386882782,0.0
1776636410771.467,-9.669356346130371,-0.08825984597206116,0.0
1776636410781.381,-9.659549713134766,-0.10787314921617508,0.0
1776636410791.2961,-9.659549713134766,-0.08825984597206116,0.009806649759411812
1776636410801.21,-9.659549713134766,-0.08825984597206116,0.009806649759411812
1776636410811.124,-9.669356346130371,-0.09806649386882782,-0.009806649759411812
1776636410821.039,-9.669356346130371,-0.10787314921617508,0.0
1776636410830.952,-9.659549713134766,-0.08825984597206116,0.0
1776636410840.866,-9.659549713134766,-0.08825984597206116,0.0
1776636410850.78,-9.659549713134766,-0.08825984597206116,0.0
1776636410860.6929,-9.679162979125977,-0.08825984597206116,0.0
1776636410870.607,-9.669356346130371,-0.08825984597206116,0.0
1776636410880.52,-9.679162979125977,-0.08825984597206116,0.0
1776636410890.4329,-9.669356346130371,-0.08825984597206116,0.0
1776636410900.347,-9.659549713134766,-0.08825984597206116,0.0
1776636410910.2598,-9.659549713134766,-0.09806649386882782,0.0
1776636410920.1738,-9.679162979125977,-0.09806649386882782,0.0
1776636410930.087,-9.659549713134766,-0.09806649386882782,0.0
1776636410940.0007,-9.669356346130371,-0.08825984597206116,0.0
1776636410949.9138,-9.669356346130371,-0.09806649386882782,0.0
1776636410959.8289,-9.669356346130371,-0.09806649386882782,0.0
1776636410969.743,-9.669356346130371,-0.09806649386882782,0.009806649759411812
1776636410979.6567,-9.659549713134766,-0.11767979711294174,0.0
1776636410989.5698,-9.669356346130371,-0.09806649386882782,0.0
1776636410999.484,-9.669356346130371,-0.08825984597206116,0.0
1776636411009.3987,-9.659549713134766,-0.09806649386882782,0.0
1776636411019.3127,-9.679162979125977,-0.09806649386882782,0.0
1776636411029.2268,-9.669356346130371,-0.08825984597206116,0.0
1776636411039.1406,-9.659549713134766,-0.08825984597206116,0.0
1776636411049.0537,-9.669356346130371,-0.09806649386882782,0.0
1776636411058.9678,-9.669356346130371,-0.09806649386882782,0.0
1776636411068.8816,-9.669356346130371,-0.09806649386882782,0.009806649759411812
1776636411078.7947,-9.669356346130371,-0.11767979711294174,0.0
1776636411088.7097,-9.669356346130371,-0.09806649386882782,0.0
1776636411098.6226,-9.679162979125977,-0.09806649386882782,-0.009806649759411812
1776636411108.5366,-9.659549713134766,-0.09806649386882782,0.0
1776636411118.4517,-9.669356346130371,-0.08825984597206116,0.0
1776636411128.3657,-9.679162979125977,-0.09806649386882782,0.0
1776636411138.2795,-9.669356346130371,-0.10787314921617508,0.0
1776636411148.1936,-9.669356346130371,-0.09806649386882782,0.009806649759411812
1776636411158.1077,-9.688969612121582,-0.0784531980752945,0.009806649759411812
1776636411168.0215,-9.679162979125977,-0.08825984597206116,0.0
1776636411177.9355,-9.659549713134766,-0.09806649386882782,0.0
1776636411187.8486,-9.669356346130371,-0.09806649386882782,0.0
1776636411197.7615,-9.669356346130371,-0.08825984597206116,0.0
1776636411207.6755,-9.659549713134766,-0.09806649386882782,-0.009806649759411812
1776636411217.5896,-9.669356346130371,-0.08825984597206116,0.0
1776636411227.5034,-9.659549713134766,-0.10787314921617508,0.0
1776636411237.4175,-9.659549713134766,-0.09806649386882782,0.0
1776636411247.3315,-9.669356346130371,-0.08825984597206116,0.0
1776636411257.2456,-9.669356346130371,-0.0784531980752945,0.0
1776636411267.1584,-9.659549713134766,-0.08825984597206116,0.0
1776636411277.0725,-9.679162979125977,-0.10787314921617508,0.0
1776636411286.9866,-9.669356346130371,-0.0784531980752945,0.0
1776636411296.9004,-9.679162979125977,-0.08825984597206116,-0.009806649759411812
1776636411306.8145,-9.659549713134766,-0.09806649386882782,0.009806649759411812
1776636411316.7275,-9.659549713134766,-0.08825984597206116,-0.009806649759411812
1776636411326.6404,-9.669356346130371,-0.09806649386882782,0.0
1776636411336.5535,-9.659549713134766,-0.08825984597206116,-0.009806649759411812
1776636411346.4673,-9.659549713134766,-0.10787314921617508,0.0
1776636411356.3804,-9.669356346130371,-0.09806649386882782,0.0
1776636411366.2935,-9.659549713134766,-0.0784531980752945,0.0
1776636411376.2073,-9.669356346130371,-0.08825984597206116,0.0
1776636411386.1194,-9.679162979125977,-0.10787314921617508,0.0
1776636411396.0322,-9.669356346130371,-0.08825984597206116,0.0
1776636411405.9463,-9.669356346130371,-0.09806649386882782,0.0
1776636411415.8604,-9.669356346130371,-0.09806649386882782,0.0
1776636411425.7732,-9.64974308013916,-0.08825984597206116,0.0
1776636411435.6863,-9.659549713134766,-0.09806649386882782,0.0
1776636411445.5994,-9.659549713134766,-0.09806649386882782,0.0
1776636411455.5132,-9.669356346130371,-0.09806649386882782,0.019613299518823624
1776636411465.4272,-9.679162979125977,-0.10787314921617508,0.009806649759411812
1776636411475.3403,-9.679162979125977,-0.09806649386882782,0.0
1776636411485.2532,-9.669356346130371,-0.09806649386882782,0.0
1776636411495.1672,-9.659549713134766,-0.08825984597206116,0.009806649759411812
1776636411505.0813,-9.659549713134766,-0.10787314921617508,0.009806649759411812
1776636411514.995,-9.679162979125977,-0.10787314921617508,0.009806649759411812
1776636411524.9082,-9.679162979125977,-0.09806649386882782,0.0
1776636411534.8232,-9.659549713134766,-0.10787314921617508,-0.009806649759411812
1776636411544.736,-9.659549713134766,-0.09806649386882782,0.0
1776636411554.6501,-9.659549713134766,-0.09806649386882782,0.0
1776636411564.5632,-9.669356346130371,-0.08825984597206116,0.0
1776636411574.477,-9.669356346130371,-0.09806649386882782,0.009806649759411812
1776636411584.391,-9.659549713134766,-0.08825984597206116,0.0
1776636411594.3032,-9.659549713134766,-0.08825984597206116,0.0
1776636411604.216,-9.669356346130371,-0.08825984597206116,0.0
1776636411614.1301,-9.659549713134766,-0.0784531980752945,0.0
1776636411624.0432,-9.669356346130371,-0.08825984597206116,0.0
1776636411633.956,-9.669356346130371,-0.09806649386882782,0.0
1776636411643.8682,-9.669356346130371,-0.08825984597206116,0.0
1776636411653.782,-9.679162979125977,-0.08825984597206116,0.0
1776636411663.695,-9.659549713134766,-0.09806649386882782,0.0
1776636411673.6091,-9.659549713134766,-0.09806649386882782,0.0
1776636411683.522,-9.669356346130371,-0.0784531980752945,0.0
1776636411693.437,-9.669356346130371,-0.08825984597206116,0.0
1776636411703.35,-9.659549713134766,-0.09806649386882782,0.0
1776636411713.263,-9.64974308013916,-0.09806649386882782,0.0
1776636411723.177,-9.659549713134766,-0.09806649386882782,0.0
1776636411733.0898,-9.669356346130371,-0.08825984597206116,0.0
1776636411743.0027,-9.659549713134766,-0.08825984597206116,0.0
1776636411752.9167,-9.64974308013916,-0.08825984597206116,0.0
1776636411762.8296,-9.659549713134766,-0.09806649386882782,0.0
1776636411772.7437,-9.669356346130371,-0.08825984597206116,-0.009806649759411812
1776636411782.6565,-9.669356346130371,-0.08825984597206116,0.0
1776636411792.5706,-9.669356346130371,-0.0784531980752945,0.0
1776636411802.4844,-9.669356346130371,-0.09806649386882782,0.0
1776636411812.3994,-9.669356346130371,-0.08825984597206116,0.0
1776636411822.3132,-9.669356346130371,-0.09806649386882782,0.009806649759411812
1776636411832.2273,-9.659549713134766,-0.08825984597206116,0.0
1776636411842.142,-9.679162979125977,-0.09806649386882782,0.0
1776636411852.0562,-9.669356346130371,-0.08825984597206116,0.0
1776636411861.969,-9.669356346130371,-0.0784531980752945,0.0
1776636411871.882,-9.669356346130371,-0.09806649386882782,0.0
1776636411881.796,-9.64974308013916,-0.08825984597206116,0.0
1776636411891.709,-9.659549713134766,-0.08825984597206116,-0.009806649759411812
1776636411901.6218,-9.659549713134766,-0.08825984597206116,0.0
1776636411911.5347,-9.669356346130371,-0.0784531980752945,0.0
1776636411921.4468,-9.679162979125977,-0.0784531980752945,0.0
1776636411931.3596,-9.679162979125977,-0.09806649386882782,0.0
1776636411941.2737,-9.659549713134766,-0.08825984597206116,0.0
1776636411951.1875,-9.679162979125977,-0.08825984597206116,0.009806649759411812
1776636411961.0994,-9.669356346130371,-0.09806649386882782,0.0
1776636411971.0125,-9.659549713134766,-0.09806649386882782,-0.009806649759411812
1776636411980.9253,-9.659549713134766,-0.09806649386882782,0.0
1776636411990.8384,-9.669356346130371,-0.09806649386882782,-0.009806649759411812
1776636412000.7502,-9.659549713134766,-0.09806649386882782,0.0
1776636412010.663,-9.669356346130371,-0.08825984597206116,0.0
1776636412020.5762,-9.679162979125977,-0.09806649386882782,0.0
1776636412030.488,-9.679162979125977,-0.09806649386882782,0.0
1776636412040.401,-9.659549713134766,-0.09806649386882782,0.0
1776636412050.314,-9.669356346130371,-0.09806649386882782,0.009806649759411812
1776636412060.2268,-9.659549713134766,-0.10787314921617508,0.0
1776636412070.14,-9.659549713134766,-0.10787314921617508,0.0
1776636412080.0537,-9.659549713134766,-0.09806649386882782,0.0
1776636412089.9675,-9.669356346130371,-0.09806649386882782,0.009806649759411812
1776636412099.8806,-9.659549713134766,-0.08825984597206116,0.0
1776636412109.7935,-9.659549713134766,-0.08825984597206116,0.0
1776636412119.7065,-9.659549713134766,-0.10787314921617508,0.0
1776636412129.6204,-9.679162979125977,-0.09806649386882782,0.0
1776636412139.5344,-9.688969612121582,-0.0784531980752945,0.0
1776636412149.4473,-9.679162979125977,-0.08825984597206116,0.0
1776636412159.361,-9.679162979125977,-0.08825984597206116,0.009806649759411812
1776636412169.2742,-9.669356346130371,-0.10787314921617508,0.0
1776636412179.187,-9.659549713134766,-0.08825984597206116,0.0
1776636412189.101,-9.669356346130371,-0.08825984597206116,0.0
1776636412199.015,-9.669356346130371,-0.09806649386882782,-0.009806649759411812
1776636412208.928,-9.659549713134766,-0.09806649386882782,0.0
1776636412218.8418,-9.659549713134766,-0.09806649386882782,0.0
1776636412228.7546,-9.659549713134766,-0.09806649386882782,0.0
1776636412238.6687,-9.679162979125977,-0.08825984597206116,-0.019613299518823624
1776636412248.5825,-9.659549713134766,-0.09806649386882782,0.0
1776636412258.4956,-9.669356346130371,-0.09806649386882782,0.009806649759411812
1776636412268.4084,-9.669356346130371,-0.09806649386882782,0.0
1776636412278.3225,-9.669356346130371,-0.09806649386882782,0.0
1776636412288.2354,-9.659549713134766,-0.08825984597206116,0.0
1776636412298.1492,-9.679162979125977,-0.09806649386882782,-0.009806649759411812
1776636412308.0632,-9.679162979125977,-0.09806649386882782,0.0
1776636412317.976,-9.669356346130371,-0.10787314921617508,0.0
1776636412327.8901,-9.659549713134766,-0.0784531980752945,0.0
1776636412337.802,-9.669356346130371,-0.09806649386882782,0.0
1776636412347.7158,-9.669356346130371,-0.08825984597206116,-0.009806649759411812
1776636412357.629,-9.659549713134766,-0.08825984597206116,0.0
1776636412367.5417,-9.669356346130371,-0.09806649386882782,0.0
1776636412377.4548,-9.679162979125977,-0.08825984597206116,0.0
1776636412387.3687,-9.669356346130371,-0.0784531980752945,-0.009806649759411812
1776636412397.2815,-9.669356346130371,-0.08825984597206116,0.0
1776636412407.1946,-9.659549713134766,-0.09806649386882782,0.0
1776636412417.1074,-9.659549713134766,-0.09806649386882782,0.0
1776636412427.0193,-9.669356346130371,-0.08825984597206116,0.0
1776636412436.9314,-9.669356346130371,-0.08825984597206116,0.0
1776636412446.8433,-9.659549713134766,-0.10787314921617508,0.0
1776636412456.7551,-9.679162979125977,-0.08825984597206116,0.0
1776636412466.667,-9.679162979125977,-0.08825984597206116,-0.009806649759411812
1776636412476.58,-9.659549713134766,-0.09806649386882782,0.0
1776636412486.493,-9.669356346130371,-0.10787314921617508,0.0
1776636412496.4038,-9.659549713134766,-0.09806649386882782,-0.009806649759411812
1776636412506.316,-9.669356346130371,-0.08825984597206116,0.0
1776636412516.2268,-9.669356346130371,-0.08825984597206116,0.0
1776636412526.1396,-9.669356346130371,-0.09806649386882782,0.0
1776636412536.0515,-9.64974308013916,-0.09806649386882782,0.0
1776636412545.9646,-9.659549713134766,-0.08825984597206116,0.0
1776636412555.8765,-9.679162979125977,-0.09806649386882782,0.0
1776636412565.7874,-9.669356346130371,-0.09806649386882782,0.0
1776636412575.6982,-9.669356346130371,-0.08825984597206116,0.0
1776636412585.6104,-9.659549713134766,-0.08825984597206116,0.0
1776636412595.5222,-9.669356346130371,-0.09806649386882782,0.0
1776636412605.433,-9.659549713134766,-0.08825984597206116,-0.009806649759411812
1776636412615.346,-9.659549713134766,-0.09806649386882782,0.0
1776636412625.258,-9.679162979125977,-0.08825984597206116,0.0
1776636412635.169,-9.669356346130371,-0.09806649386882782,0.0
1776636412645.0818,-9.669356346130371,-0.08825984597206116,0.0
1776636412654.9946,-9.679162979125977,-0.09806649386882782,0.0
1776636412664.9077,-9.669356346130371,-0.09806649386882782,0.009806649759411812
1776636412674.8196,-9.669356346130371,-0.08825984597206116,0.0
1776636412684.7314,-9.669356346130371,-0.09806649386882782,0.0
1776636412694.6455,-9.669356346130371,-0.10787314921617508,0.0
1776636412704.5586,-9.659549713134766,-0.09806649386882782,-0.009806649759411812
1776636412714.4707,-9.669356346130371,-0.08825984597206116,0.0
1776636412724.3828,-9.669356346130371,-0.09806649386882782,0.0
1776636412734.295,-9.659549713134766,-0.09806649386882782,0.0
1776636412744.2083,-9.669356346130371,-0.08825984597206116,0.0
1776636412754.1204,-9.669356346130371,-0.08825984597206116,0.0
1776636412764.0334,-9.669356346130371,-0.09806649386882782,0.0
1776636412773.9465,-9.679162979125977,-0.08825984597206116,0.0
1776636412783.8599,-9.64974308013916,-0.09806649386882782,0.0
1776636412793.772,-9.669356346130371,-0.09806649386882782,0.0
1776636412803.685,-9.669356346130371,-0.08825984597206116,0.0
1776636412813.5984,-9.669356346130371,-0.09806649386882782,0.0
1776636412823.5105,-9.669356346130371,-0.09806649386882782,0.0
1776636412833.4226,-9.669356346130371,-0.08825984597206116,0.0
1776636412843.3357,-9.679162979125977,-0.08825984597206116,0.0
1776636412853.248,-9.659549713134766,-0.09806649386882782,0.0
1776636412863.1611,-9.669356346130371,-0.09806649386882782,-0.009806649759411812
1776636412873.0742,-9.659549713134766,-0.08825984597206116,0.0
1776636412882.9863,-9.679162979125977,-0.09806649386882782,0.0
1776636412892.8987,-9.679162979125977,-0.09806649386882782,0.0
1776636412902.8118,-9.669356346130371,-0.08825984597206116,0.0
1776636412912.723,-9.679162979125977,-0.09806649386882782,0.0
1776636412922.635,-9.669356346130371,-0.08825984597206116,0.0
1776636412932.5483,-9.679162979125977,-0.09806649386882782,0.0
1776636412942.4604,-9.659549713134766,-0.09806649386882782,0.0
1776636412952.3735,-9.669356346130371,-0.09806649386882782,0.009806649759411812
1776636412962.286,-9.659549713134766,-0.10787314921617508,0.009806649759411812
1776636412972.199,-9.659549713134766,-0.09806649386882782,0.0
1776636412982.112,-9.669356346130371,-0.09806649386882782,0.0
1776636412992.0242,-9.669356346130371,-0.08825984597206116,0.0
1776636413001.9375,-9.659549713134766,-0.08825984597206116,0.0
1776636413011.8506,-9.669356346130371,-0.08825984597206116,-0.009806649759411812
1776636413021.765,-9.659549713134766,-0.08825984597206116,0.0
1776636413031.677,-9.659549713134766,-0.08825984597206116,0.0
1776636413041.59,-9.669356346130371,-0.08825984597206116,0.0
1776636413051.5022,-9.659549713134766,-0.0784531980752945,0.0
1776636413061.4155,-9.669356346130371,-0.09806649386882782,0.0
1776636413071.3276,-9.659549713134766,-0.09806649386882782,0.0
1776636413081.2388,-9.659549713134766,-0.08825984597206116,0.0
1776636413091.151,-9.659549713134766,-0.08825984597206116,0.0
1776636413101.0642,-9.659549713134766,-0.08825984597206116,0.0
1776636413110.9773,-9.659549713134766,-0.09806649386882782,0.0
1776636413120.8894,-9.659549713134766,-0.0784531980752945,0.0
1776636413130.8008,-9.679162979125977,-0.09806649386882782,0.0
1776636413140.713,-9.669356346130371,-0.09806649386882782,0.009806649759411812
1776636413150.625,-9.669356346130371,-0.10787314921617508,0.0
1776636413160.5361,-9.679162979125977,-0.10787314921617508,0.0
1776636413170.4473,-9.669356346130371,-0.10787314921617508,-0.009806649759411812
1776636413180.3586,-9.669356346130371,-0.0784531980752945,0.0
1776636413190.2698,-9.659549713134766,-0.08825984597206116,0.0
1776636413200.182,-9.669356346130371,-0.08825984597206116,0.0
1776636413210.094,-9.659549713134766,-0.08825984597206116,-0.009806649759411812
1776636413220.0063,-9.669356346130371,-0.08825984597206116,0.0
1776636413229.9175,-9.669356346130371,-0.09806649386882782,0.0
1776636413239.8286,-9.669356346130371,-0.08825984597206116,0.0
1776636413249.7397,-9.669356346130371,-0.09806649386882782,0.0
1776636413259.651,-9.659549713134766,-0.09806649386882782,0.0
1776636413269.562,-9.659549713134766,-0.10787314921617508,0.0
1776636413279.4744,-9.669356346130371,-0.10787314921617508,-0.009806649759411812
1776636413289.3855,-9.679162979125977,-0.0784531980752945,-0.009806649759411812
1776636413299.2976,-9.659549713134766,-0.10787314921617508,0.0
1776636413309.211,-9.659549713134766,-0.08825984597206116,0.0
1776636413319.124,-9.669356346130371,-0.09806649386882782,0.0
1776636413329.037,-9.669356346130371,-0.09806649386882782,0.0
1776636413338.9504,-9.679162979125977,-0.09806649386882782,0.0
1776636413348.8625,-9.659549713134766,-0.0784531980752945,0.0
1776636413358.7747,-9.659549713134766,-0.09806649386882782,0.009806649759411812
1776636413368.687,-9.64974308013916,-0.09806649386882782,0.0
1776636413378.6,-9.659549713134766,-0.08825984597206116,0.0
1776636413388.5122,-9.669356346130371,-0.10787314921617508,0.0
1776636413398.4255,-9.659549713134766,-0.09806649386882782,-0.009806649759411812
1776636413408.3367,-9.669356346130371,-0.08825984597206116,0.0
1776636413418.2498,-9.669356346130371,-0.09806649386882782,0.009806649759411812
1776636413428.162,-9.679162979125977,-0.08825984597206116,0.0
1776636413438.0742,-9.669356346130371,-0.08825984597206116,-0.009806649759411812
1776636413447.9863,-9.669356346130371,-0.09806649386882782,-0.009806649759411812
1776636413457.8975,-9.679162979125977,-0.08825984597206116,0.0
1776636413467.8108,-9.669356346130371,-0.09806649386882782,0.0
1776636413477.723,-9.659549713134766,-0.08825984597206116,0.009806649759411812
1776636413487.636,-9.669356346130371,-0.09806649386882782,0.0
1776636413497.5483,-9.659549713134766,-0.08825984597206116,0.0
1776636413507.4614,-9.669356346130371,-0.08825984597206116,0.0
1776636413517.3735,-9.659549713134766,-0.09806649386882782,0.0
1776636413527.286,-9.659549713134766,-0.08825984597206116,0.009806649759411812
1776636413537.198,-9.64974308013916,-0.08825984597206116,0.0
1776636413547.11,-9.659549713134766,-0.0784531980752945,0.0
1776636413557.0225,-9.669356346130371,-0.09806649386882782,0.0
1776636413566.9346,-9.659549713134766,-0.09806649386882782,0.0
1776636413576.8467,-9.669356346130371,-0.09806649386882782,0.0
1776636413586.759,-9.659549713134766,-0.08825984597206116,-0.009806649759411812
1776636413596.6711,-9.669356346130371,-0.10787314921617508,0.0
1776636413606.5833,-9.659549713134766,-0.08825984597206116,0.0
1776636413616.4944,-9.669356346130371,-0.0784531980752945,0.0
1776636413626.4067,-9.669356346130371,-0.09806649386882782,0.009806649759411812
1776636413636.3188,-9.679162979125977,-0.0784531980752945,0.0
1776636413646.231,-9.669356346130371,-0.09806649386882782,0.0
1776636413656.1433,-9.659549713134766,-0.08825984597206116,0.0
1776636413666.0554,-9.679162979125977,-0.08825984597206116,0.0
1776636413675.9675,-9.669356346130371,-0.09806649386882782,0.0
1776636413685.88,-9.679162979125977,-0.08825984597206116,0.0
1776636413695.792,-9.679162979125977,-0.09806649386882782,0.009806649759411812
1776636413705.705,-9.659549713134766,-0.08825984597206116,0.0
1776636413715.6174,-9.659549713134766,-0.08825984597206116,0.0
1776636413725.5298,-9.669356346130371,-0.09806649386882782,0.0
1776636413735.442,-9.669356346130371,-0.08825984597206116,0.0
1776636413745.3533,-9.669356346130371,-0.0784531980752945,0.0
1776636413755.2644,-9.669356346130371,-0.08825984597206116,0.0
1776636413765.1768,-9.679162979125977,-0.09806649386882782,0.0
1776636413775.088,-9.669356346130371,-0.08825984597206116,0.0
1776636413785.0002,-9.669356346130371,-0.09806649386882782,0.0
1776636413794.9126,-9.64974308013916,-0.0784531980752945,0.0
1776636413804.8247,-9.679162979125977,-0.08825984597206116,0.0
1776636413814.737,-9.669356346130371,-0.08825984597206116,0.0
1776636413824.6494,-9.659549713134766,-0.08825984597206116,0.0
1776636413834.5615,-9.659549713134766,-0.09806649386882782,-0.009806649759411812
1776636413844.4739,-9.669356346130371,-0.09806649386882782,0.0
1776636413854.3872,-9.659549713134766,-0.08825984597206116,0.0
1776636413864.2993,-9.669356346130371,-0.08825984597206116,0.0
1776636413874.2117,-9.659549713134766,-0.0784531980752945,0.0
1776636413884.1238,-9.688969612121582,-0.09806649386882782,0.0
1776636413894.037,-9.679162979125977,-0.10787314921617508,0.0
1776636413903.9495,-9.669356346130371,-0.10787314921617508,0.0
1776636413913.8606,-9.669356346130371,-0.08825984597206116,0.0
1776636413923.773,-9.669356346130371,-0.08825984597206116,0.0
1776636413933.6863,-9.669356346130371,-0.10787314921617508,0.0
1776636413943.5984,-9.659549713134766,-0.10787314921617508,0.0
1776636413953.5107,-9.669356346130371,-0.09806649386882782,0.0
1776636413963.423,-9.669356346130371,-0.09806649386882782,0.0
1776636413973.3352,-9.679162979125977,-0.09806649386882782,0.0
1776636413983.2466,-9.669356346130371,-0.09806649386882782,0.009806649759411812
1776636413993.1597,-9.659549713134766,-0.08825984597206116,0.009806649759411812
1776636414003.072,-9.659549713134766,-0.09806649386882782,-0.009806649759411812
1776636414012.9844,-9.679162979125977,-0.09806649386882782,0.0
1776636414022.8965,-9.669356346130371,-0.09806649386882782,0.0
1776636414032.8079,-9.659549713134766,-0.10787314921617508,0.0
1776636414042.7202,-9.669356346130371,-0.10787314921617508,0.009806649759411812
1776636414052.6323,-9.669356346130371,-0.10787314921617508,0.0
1776636414062.5437,-9.659549713134766,-0.08825984597206116,0.0
1776636414072.457,-9.669356346130371,-0.09806649386882782,0.0
1776636414082.3691,-9.679162979125977,-0.10787314921617508,0.0
1776636414092.2815,-9.669356346130371,-0.09806649386882782,0.0
1776636414102.1938,-9.679162979125977,-0.06864655017852783,0.0
1776636414112.107,-9.669356346130371,-0.08825984597206116,0.009806649759411812
1776636414122.0193,-9.679162979125977,-0.10787314921617508,0.0
1776636414131.9316,-9.659549713134766,-0.09806649386882782,0.0
1776636414141.8447,-9.669356346130371,-0.08825984597206116,0.0
1776636414151.757,-9.669356346130371,-0.09806649386882782,0.0
1776636414161.6704,-9.669356346130371,-0.09806649386882782,0.0
1776636414171.5837,-9.669356346130371,-0.08825984597206116,0.0
1776636414181.4958,-9.688969612121582,-0.08825984597206116,-0.009806649759411812
1776636414191.4082,-9.669356346130371,-0.09806649386882782,0.0
1776636414201.3206,-9.669356346130371,-0.10787314921617508,0.009806649759411812
1776636414211.2327,-9.669356346130371,-0.09806649386882782,0.0
1776636414221.144,-9.64974308013916,-0.08825984597206116,-0.009806649759411812
1776636414231.0562,-9.659549713134766,-0.09806649386882782,0.0
1776636414240.9685,-9.669356346130371,-0.09806649386882782,0.0
1776636414250.8809,-9.669356346130371,-0.0784531980752945,0.0
1776636414260.793,-9.64974308013916,-0.08825984597206116,0.0
1776636414270.7063,-9.679162979125977,-0.08825984597206116,0.0
1776636414280.6187,-9.669356346130371,-0.09806649386882782,0.0
1776636414290.532,-9.64974308013916,-0.08825984597206116,0.0
1776636414300.444,-9.659549713134766,-0.09806649386882782,0.0
1776636414310.3564,-9.659549713134766,-0.10787314921617508,-0.009806649759411812
1776636414320.2698,-9.669356346130371,-0.09806649386882782,0.009806649759411812
1776636414330.182,-9.679162979125977,-0.0784531980752945,0.0
1776636414340.0942,-9.688969612121582,-0.08825984597206116,0.0
1776636414350.0066,-9.679162979125977,-0.09806649386882782,-0.009806649759411812
1776636414359.919,-9.669356346130371,-0.10787314921617508,0.0
1776636414369.831,-9.659549713134766,-0.09806649386882782,0.0
1776636414379.7434,-9.659549713134766,-0.0784531980752945,0.0
1776636414389.6558,-9.659549713134766,-0.09806649386882782,-0.009806649759411812
1776636414399.5679,-9.669356346130371,-0.08825984597206116,0.0
1776636414409.4812,-9.659549713134766,-0.09806649386882782,-0.009806649759411812
1776636414419.3936,-9.64974308013916,-0.09806649386882782,0.0
1776636414429.307,-9.669356346130371,-0.09806649386882782,0.019613299518823624
1776636414439.22,-9.669356346130371,-0.09806649386882782,0.0
1776636414449.1323,-9.679162979125977,-0.09806649386882782,0.0
1776636414459.0447,-9.659549713134766,-0.09806649386882782,0.0
1776636414468.9568,-9.669356346130371,-0.08825984597206116,0.0
1776636414478.8691,-9.659549713134766,-0.09806649386882782,-0.009806649759411812
1776636414488.7825,-9.669356346130371,-0.08825984597206116,0.0
1776636414498.6958,-9.669356346130371,-0.09806649386882782,0.009806649759411812
1776636414508.6091,-9.669356346130371,-0.08825984597206116,0.0
1776636414518.5222,-9.679162979125977,-0.08825984597206116,0.0
1776636414528.4355,-9.669356346130371,-0.08825984597206116,0.0
1776636414538.3489,-9.659549713134766,-0.08825984597206116,0.0
1776636414548.2612,-9.659549713134766,-0.08825984597206116,0.009806649759411812
1776636414558.1746,-9.669356346130371,-0.09806649386882782,0.0
1776636414568.0876,-9.679162979125977,-0.08825984597206116,0.0
1776636414578.001,-9.679162979125977,-0.08825984597206116,0.0
1776636414587.9153,-9.659549713134766,-0.09806649386882782,0.0
1776636414597.8286,-9.669356346130371,-0.09806649386882782,0.0
1776636414607.742,-9.679162979125977,-0.08825984597206116,0.0
1776636414617.654,-9.669356346130371,-0.09806649386882782,-0.009806649759411812
1776636414627.5674,-9.669356346130371,-0.09806649386882782,-0.019613299518823624
1776636414637.4807,-9.659549713134766,-0.08825984597206116,0.0
1776636414647.394,-9.669356346130371,-0.08825984597206116,0.009806649759411812
1776636414657.3074,-9.659549713134766,-0.09806649386882782,0.009806649759411812
1776636414667.2217,-9.669356346130371,-0.10787314921617508,0.0
1776636414677.1348,-9.679162979125977,-0.08825984597206116,0.0
1776636414687.047,-9.679162979125977,-0.08825984597206116,0.0
1776636414696.9604,-9.669356346130371,-0.0784531980752945,0.0
1776636414706.8726,-9.659549713134766,-0.08825984597206116,0.0
1776636414716.7856,-9.669356346130371,-0.09806649386882782,0.0
1776636414726.6978,-9.669356346130371,-0.09806649386882782,0.009806649759411812
1776636414736.6099,-9.659549713134766,-0.09806649386882782,0.0
1776636414746.522,-9.669356346130371,-0.08825984597206116,0.0
1776636414756.434,-9.669356346130371,-0.09806649386882782,0.0
1776636414766.3464,-9.688969612121582,-0.08825984597206116,0.0
1776636414776.2585,-9.679162979125977,-0.0784531980752945,0.0
1776636414786.1707,-9.659549713134766,-0.09806649386882782,0.0
1776636414796.0828,-9.659549713134766,-0.10787314921617508,0.0
1776636414805.994,-9.659549713134766,-0.08825984597206116,0.0
1776636414815.906,-9.64974308013916,-0.09806649386882782,-0.009806649759411812
1776636414825.818,-9.669356346130371,-0.0784531980752945,0.0
1776636414835.7302,-9.679162979125977,-0.09806649386882782,-0.009806649759411812
1776636414845.6423,-9.669356346130371,-0.08825984597206116,0.0
1776636414855.5544,-9.659549713134766,-0.09806649386882782,0.019613299518823624
1776636414865.4666,-9.669356346130371,-0.09806649386882782,0.0
1776636414875.3777,-9.659549713134766,-0.09806649386882782,0.0
1776636414885.2898,-9.64974308013916,-0.10787314921617508,0.0
1776636414895.203,-9.669356346130371,-0.08825984597206116,0.009806649759411812
1776636414905.114,-9.659549713134766,-0.09806649386882782,0.0
1776636414915.027,-9.669356346130371,-0.09806649386882782,0.0
1776636414924.9392,-9.669356346130371,-0.08825984597206116,0.0
1776636414934.8503,-9.669356346130371,-0.08825984597206116,0.0
1776636414944.7625,-9.659549713134766,-0.08825984597206116,0.0
1776636414954.6746,-9.679162979125977,-0.0784531980752945,0.0
1776636414964.5857,-9.669356346130371,-0.10787314921617508,0.0
1776636414974.4978,-9.669356346130371,-0.08825984597206116,0.0
1776636414984.411,-9.669356346130371,-0.09806649386882782,0.0
1776636414994.323,-9.659549713134766,-0.09806649386882782,0.0
1776636415004.2354,-9.669356346130371,-0.09806649386882782,0.0
1776636415014.1484,-9.669356346130371,-0.08825984597206116,0.0
1776636415024.0605,-9.659549713134766,-0.08825984597206116,0.0
1776636415033.9727,-9.669356346130371,-0.09806649386882782,0.0
1776636415043.8848,-9.679162979125977,-0.08825984597206116,0.0
1776636415053.796,-9.669356346130371,-0.09806649386882782,0.0
1776636415063.708,-9.659549713134766,-0.10787314921617508,0.0
1776636415073.62,-9.669356346130371,-0.10787314921617508,0.0
1776636415083.5312,-9.64974308013916,-0.08825984597206116,0.0
1776636415093.4434,-9.669356346130371,-0.08825984597206116,0.0
1776636415103.3555,-9.679162979125977,-0.08825984597206116,0.0
1776636415113.2676,-9.659549713134766,-0.09806649386882782,0.009806649759411812
1776636415123.1797,-9.659549713134766,-0.09806649386882782,0.0
1776636415133.0928,-9.669356346130371,-0.09806649386882782,0.0
1776636415143.005,-9.679162979125977,-0.09806649386882782,0.0
1776636415152.917,-9.669356346130371,-0.09806649386882782,-0.009806649759411812
1776636415162.829,-9.679162979125977,-0.09806649386882782,-0.009806649759411812
1776636415172.7412,-9.669356346130371,-0.08825984597206116,0.0
1776636415182.6536,-9.659549713134766,-0.09806649386882782,0.0
1776636415192.5657,-9.669356346130371,-0.09806649386882782,0.0
1776636415202.4788,-9.659549713134766,-0.08825984597206116,0.0
1776636415212.3909,-9.64974308013916,-0.09806649386882782,0.0
1776636415222.304,-9.669356346130371,-0.09806649386882782,0.0
1776636415232.216,-9.679162979125977,-0.09806649386882782,0.0
1776636415242.1282,-9.669356346130371,-0.09806649386882782,0.0
1776636415252.0413,-9.669356346130371,-0.09806649386882782,0.0
1776636415261.9534,-9.669356346130371,-0.09806649386882782,0.0
1776636415271.8645,-9.659549713134766,-0.11767979711294174,0.0
1776636415281.7766,-9.659549713134766,-0.08825984597206116,0.0
1776636415291.6887,-9.659549713134766,-0.0784531980752945,0.0
1776636415301.6008,-9.659549713134766,-0.09806649386882782,0.0
1776636415311.5132,-9.659549713134766,-0.09806649386882782,0.0
1776636415321.4253,-9.669356346130371,-0.08825984597206116,0.0
1776636415331.3374,-9.659549713134766,-0.09806649386882782,0.0
1776636415341.2495,-9.659549713134766,-0.09806649386882782,-0.009806649759411812
1776636415351.1616,-9.679162979125977,-0.08825984597206116,0.0
1776636415361.0737,-9.688969612121582,-0.0784531980752945,0.0
1776636415370.9849,-9.669356346130371,-0.08825984597206116,0.0
1776636415380.897,-9.669356346130371,-0.0784531980752945,0.0
1776636415390.809,-9.669356346130371,-0.09806649386882782,-0.009806649759411812
1776636415400.7212,-9.659549713134766,-0.0784531980752945,0.0
1776636415410.6323,-9.679162979125977,-0.09806649386882782,0.0
1776636415420.5444,-9.669356346130371,-0.08825984597206116,0.0
1776636415430.4565,-9.669356346130371,-0.09806649386882782,0.0
1776636415440.3677,-9.659549713134766,-0.08825984597206116,0.0
1776636415450.2798,-9.64974308013916,-0.08825984597206116,0.009806649759411812
1776636415460.192,-9.659549713134766,-0.10787314921617508,-0.019613299518823624
1776636415470.104,-9.64974308013916,-0.09806649386882782,0.0
1776636415480.016,-9.669356346130371,-0.09806649386882782,0.009806649759411812
1776636415489.9282,-9.679162979125977,-0.08825984597206116,0.0
1776636415499.8406,-9.679162979125977,-0.09806649386882782,0.0
1776636415509.7527,-9.659549713134766,-0.09806649386882782,0.0
1776636415519.6648,-9.659549713134766,-0.09806649386882782,0.0
1776636415529.576,-9.659549713134766,-0.09806649386882782,0.0
1776636415539.488,-9.679162979125977,-0.09806649386882782,-0.009806649759411812
1776636415549.4011,-9.659549713134766,-0.0784531980752945,-0.009806649759411812
1776636415559.3132,-9.669356346130371,-0.09806649386882782,0.0
1776636415569.2253,-9.669356346130371,-0.09806649386882782,0.0
1776636415579.1375,-9.659549713134766,-0.08825984597206116,0.0
1776636415589.0486,-9.659549713134766,-0.10787314921617508,0.0
1776636415598.9597,-9.669356346130371,-0.09806649386882782,0.0
1776636415608.8718,-9.659549713134766,-0.0784531980752945,0.0
1776636415618.785,-9.669356346130371,-0.08825984597206116,0.0
1776636415628.697,-9.679162979125977,-0.08825984597206116,-0.009806649759411812
1776636415638.6091,-9.688969612121582,-0.0784531980752945,0.0
1776636415648.5225,-9.659549713134766,-0.10787314921617508,0.0
1776636415658.4346,-9.659549713134766,-0.09806649386882782,0.0
1776636415668.3477,-9.669356346130371,-0.08825984597206116,0.0
1776636415678.2598,-9.659549713134766,-0.08825984597206116,0.0
1776636415688.1719,-9.669356346130371,-0.08825984597206116,-0.009806649759411812
1776636415698.084,-9.64974308013916,-0.08825984597206116,0.0
1776636415707.9958,-9.64974308013916,-0.0784531980752945,-0.009806649759411812
1776636415717.9077,-9.669356346130371,-0.09806649386882782,0.0
1776636415727.8193,-9.679162979125977,-0.0784531980752945,0.0
1776636415737.7312,-9.679162979125977,-0.08825984597206116,0.0
1776636415747.643,-9.64974308013916,-0.09806649386882782,0.0
1776636415757.5547,-9.669356346130371,-0.10787314921617508,0.0
1776636415767.4666,-9.669356346130371,-0.08825984597206116,0.0
1776636415777.3784,-9.669356346130371,-0.09806649386882782,0.0
1776636415787.29,-9.659549713134766,-0.0784531980752945,0.0
1776636415797.202,-9.679162979125977,-0.08825984597206116,0.0
1776636415807.1116,-9.669356346130371,-0.09806649386882782,0.0
1776636415817.0225,-9.669356346130371,-0.09806649386882782,0.0
1776636415826.933,-9.669356346130371,-0.09806649386882782,0.0
1776636415836.844,-9.679162979125977,-0.09806649386882782,0.0
1776636415846.7546,-9.679162979125977,-0.10787314921617508,0.0
1776636415856.6655,-9.688969612121582,-0.08825984597206116,0.009806649759411812
1776636415866.5752,-9.679162979125977,-0.09806649386882782,0.0
1776636415876.486,-9.659549713134766,-0.08825984597206116,0.0
1776636415886.3977,-9.659549713134766,-0.09806649386882782,0.0
1776636415896.3086,-9.659549713134766,-0.10787314921617508,0.0
1776636415906.2192,-9.659549713134766,-0.08825984597206116,0.0
1776636415916.131,-9.679162979125977,-0.08825984597206116,0.009806649759411812
1776636415926.0417,-9.669356346130371,-0.09806649386882782,0.0
1776636415935.9526,-9.669356346130371,-0.08825984597206116,0.0
1776636415945.8633,-9.659549713134766,-0.08825984597206116,0.009806649759411812
1776636415955.7742,-9.669356346130371,-0.09806649386882782,0.0
1776636415965.6848,-9.669356346130371,-0.09806649386882782,0.0
1776636415975.5957,-9.669356346130371,-0.0784531980752945,0.0
1776636415985.5054,-9.679162979125977,-0.0784531980752945,0.0
1776636415995.4172,-9.679162979125977,-0.09806649386882782,0.0
1776636416005.3289,-9.669356346130371,-0.10787314921617508,0.0
1776636416015.2407,-9.659549713134766,-0.09806649386882782,-0.009806649759411812
1776636416025.1514,-9.669356346130371,-0.08825984597206116,0.0
1776636416035.0623,-9.659549713134766,-0.09806649386882782,0.0
1776636416044.973,-9.64974308013916,-0.09806649386882782,0.0
1776636416054.8838,-9.669356346130371,-0.09806649386882782,0.009806649759411812
1776636416064.7944,-9.669356346130371,-0.08825984597206116,0.0
1776636416074.7063,-9.669356346130371,-0.08825984597206116,0.0
1776636416084.617,-9.659549713134766,-0.0784531980752945,-0.009806649759411812
1776636416094.5278,-9.669356346130371,-0.09806649386882782,0.0
1776636416104.4385,-9.679162979125977,-0.08825984597206116,0.0
1776636416114.3503,-9.669356346130371,-0.0784531980752945,0.0
1776636444307.4302,0.17651969194412231,0.156906396150589,-9.92432975769043
1776636444317.343,0.18632633984088898,0.13729310035705566,-9.92432975769043
1776636444327.2559,0.17651969194412231,0.13729310035705566,-9.92432975769043
1776636444337.1687,0.16671304404735565,0.14709974825382233,-9.934136390686035
1776636444347.0815,0.16671304404735565,0.13729310035705566,-9.934136390686035
1776636444356.9934,0.16671304404735565,0.14709974825382233,-9.92432975769043
1776636444366.906,0.18632633984088898,0.14709974825382233,-9.914523124694824
1776636444376.8179,0.18632633984088898,0.11767979711294174,-9.92432975769043
1776636444386.7307,0.156906396150589,0.14709974825382233,-9.914523124694824
1776636444396.6436,0.16671304404735565,0.13729310035705566,-9.92432975769043
1776636444406.5574,0.17651969194412231,0.127486452460289,-9.934136390686035
1776636444416.4712,0.17651969194412231,0.14709974825382233,-9.934136390686035
1776636444426.385,0.18632633984088898,0.13729310035705566,-9.953749656677246
1776636444436.2988,0.17651969194412231,0.11767979711294174,-9.934136390686035
1776636444446.2126,0.16671304404735565,0.127486452460289,-9.934136390686035
1776636444456.1265,0.17651969194412231,0.13729310035705566,-9.92432975769043
1776636444466.0403,0.17651969194412231,0.14709974825382233,-9.914523124694824
1776636444475.9539,0.18632633984088898,0.13729310035705566,-9.934136390686035
1776636444485.8677,0.18632633984088898,0.14709974825382233,-9.914523124694824
1776636444495.7825,0.17651969194412231,0.127486452460289,-9.934136390686035
1776636444505.6953,0.16671304404735565,0.127486452460289,-9.934136390686035
1776636444515.6082,0.17651969194412231,0.14709974825382233,-9.934136390686035
1776636444525.522,0.18632633984088898,0.13729310035705566,-9.914523124694824
1776636444535.4358,0.17651969194412231,0.127486452460289,-9.92432975769043
1776636444545.3486,0.18632633984088898,0.14709974825382233,-9.92432975769043
1776636444555.2625,0.18632633984088898,0.13729310035705566,-9.92432975769043
1776636444565.1753,0.17651969194412231,0.127486452460289,-9.92432975769043
1776636444575.088,0.17651969194412231,0.13729310035705566,-9.94394302368164
1776636444585.0007,0.17651969194412231,0.13729310035705566,-9.94394302368164
1776636444594.9146,0.16671304404735565,0.127486452460289,-9.934136390686035
1776636444604.8284,0.17651969194412231,0.13729310035705566,-9.934136390686035
1776636444614.7422,0.16671304404735565,0.13729310035705566,-9.92432975769043
1776636444624.656,0.17651969194412231,0.127486452460289,-9.92432975769043
1776636444634.5698,0.16671304404735565,0.11767979711294174,-9.934136390686035
1776636444644.4836,0.17651969194412231,0.13729310035705566,-9.92432975769043
1776636444654.3984,0.16671304404735565,0.13729310035705566,-9.914523124694824
1776636444664.3123,0.17651969194412231,0.13729310035705566,-9.934136390686035
1776636444674.2249,0.17651969194412231,0.14709974825382233,-9.914523124694824
1776636444684.1396,0.17651969194412231,0.13729310035705566,-9.934136390686035
1776636444694.0535,0.17651969194412231,0.13729310035705566,-9.934136390686035
1776636444703.9673,0.18632633984088898,0.14709974825382233,-9.94394302368164
1776636444713.882,0.18632633984088898,0.13729310035705566,-9.934136390686035
1776636444723.7969,0.17651969194412231,0.13729310035705566,-9.934136390686035
1776636444733.7122,0.16671304404735565,0.13729310035705566,-9.94394302368164
1776636444743.6262,0.17651969194412231,0.127486452460289,-9.934136390686035
1776636444753.5415,0.18632633984088898,0.127486452460289,-9.934136390686035
1776636444763.4558,0.18632633984088898,0.127486452460289,-9.934136390686035
1776636444773.3699,0.17651969194412231,0.127486452460289,-9.934136390686035
1776636444783.2842,0.156906396150589,0.13729310035705566,-9.92432975769043
1776636444793.1973,0.16671304404735565,0.13729310035705566,-9.92432975769043
1776636444803.1116,0.17651969194412231,0.13729310035705566,-9.92432975769043
1776636444813.026,0.18632633984088898,0.13729310035705566,-9.92432975769043
1776636444822.941,0.18632633984088898,0.13729310035705566,-9.914523124694824
1776636444832.8552,0.18632633984088898,0.13729310035705566,-9.914523124694824
1776636444842.7695,0.17651969194412231,0.13729310035705566,-9.953749656677246
1776636444852.6836,0.18632633984088898,0.13729310035705566,-9.92432975769043
1776636444862.597,0.17651969194412231,0.14709974825382233,-9.92432975769043
1776636444872.51,0.16671304404735565,0.13729310035705566,-9.914523124694824
1776636444882.4233,0.16671304404735565,0.127486452460289,-9.934136390686035
1776636444892.3386,0.16671304404735565,0.127486452460289,-9.914523124694824
1776636444902.2527,0.16671304404735565,0.14709974825382233,-9.934136390686035
1776636444912.167,0.17651969194412231,0.14709974825382233,-9.934136390686035
1776636444922.08,0.17651969194412231,0.127486452460289,-9.934136390686035
1776636444931.9944,0.16671304404735565,0.13729310035705566,-9.934136390686035
1776636444941.9087,0.17651969194412231,0.13729310035705566,-9.94394302368164
1776636444951.8218,0.17651969194412231,0.13729310035705566,-9.914523124694824
1776636444961.736,0.17651969194412231,0.127486452460289,-9.92432975769043
1776636444971.6492,0.19613298773765564,0.11767979711294174,-9.94394302368164
1776636444981.5625,0.17651969194412231,0.13729310035705566,-9.934136390686035
1776636444991.4756,0.16671304404735565,0.13729310035705566,-9.94394302368164
1776636445001.389,0.17651969194412231,0.13729310035705566,-9.94394302368164
1776636445011.3032,0.18632633984088898,0.13729310035705566,-9.934136390686035
1776636445021.2163,0.18632633984088898,0.14709974825382233,-9.934136390686035
1776636445031.1296,0.17651969194412231,0.13729310035705566,-9.934136390686035
1776636445041.0427,0.17651969194412231,0.14709974825382233,-9.934136390686035
1776636445050.957,0.156906396150589,0.14709974825382233,-9.934136390686035
1776636445060.8713,0.17651969194412231,0.127486452460289,-9.92432975769043
1776636445070.7844,0.17651969194412231,0.127486452460289,-9.92432975769043
1776636445080.6987,0.18632633984088898,0.13729310035705566,-9.92432975769043
1776636445090.6118,0.18632633984088898,0.13729310035705566,-9.934136390686035
1776636445100.5251,0.18632633984088898,0.13729310035705566,-9.94394302368164
1776636445110.4395,0.17651969194412231,0.127486452460289,-9.934136390686035
1776636445120.3525,0.16671304404735565,0.127486452460289,-9.934136390686035
1776636445130.2659,0.18632633984088898,0.127486452460289,-9.92432975769043
1776636445140.179,0.18632633984088898,0.127486452460289,-9.934136390686035
1776636445150.0923,0.17651969194412231,0.13729310035705566,-9.953749656677246
1776636445160.0056,0.17651969194412231,0.13729310035705566,-9.934136390686035
1776636445169.9187,0.16671304404735565,0.127486452460289,-9.914523124694824
1776636445179.832,0.17651969194412231,0.13729310035705566,-9.92432975769043
1776636445189.746,0.17651969194412231,0.14709974825382233,-9.934136390686035
1776636445199.6594,0.17651969194412231,0.127486452460289,-9.92432975769043
1776636445209.5737,0.18632633984088898,0.14709974825382233,-9.94394302368164
1776636445219.4878,0.17651969194412231,0.127486452460289,-9.94394302368164
1776636445229.402,0.18632633984088898,0.13729310035705566,-9.914523124694824
1776636445239.3164,0.18632633984088898,0.127486452460289,-9.92432975769043
1776636445249.2305,0.18632633984088898,0.14709974825382233,-9.934136390686035
1776636445259.1438,0.18632633984088898,0.14709974825382233,-9.92432975769043
1776636445269.0571,0.17651969194412231,0.13729310035705566,-9.92432975769043
1776636445278.9722,0.16671304404735565,0.13729310035705566,-9.92432975769043
1776636445288.8865,0.18632633984088898,0.127486452460289,-9.92432975769043
1776636445298.7998,0.18632633984088898,0.13729310035705566,-9.92432975769043
1776636445308.713,0.17651969194412231,0.14709974825382233,-9.92432975769043
1776636445318.6282,0.17651969194412231,0.127486452460289,-9.92432975769043
1776636445328.5425,0.16671304404735565,0.127486452460289,-9.92432975769043
1776636445338.4565,0.17651969194412231,0.14709974825382233,-9.934136390686035
1776636445348.3708,0.17651969194412231,0.13729310035705566,-9.934136390686035
1776636445358.2842,0.17651969194412231,0.127486452460289,-9.914523124694824
1776636445368.1973,0.17651969194412231,0.11767979711294174,-9.914523124694824
1776636445378.1116,0.16671304404735565,0.14709974825382233,-9.92432975769043
1776636445388.026,0.16671304404735565,0.14709974825382233,-9.92432975769043
1776636445397.9402,0.16671304404735565,0.14709974825382233,-9.94394302368164
1776636445407.8542,0.17651969194412231,0.127486452460289,-9.934136390686035
1776636445417.7686,0.16671304404735565,0.127486452460289,-9.92432975769043
1776636445427.6829,0.18632633984088898,0.13729310035705566,-9.934136390686035
1776636445437.596,0.17651969194412231,0.13729310035705566,-9.92432975769043
1776636445447.5103,0.18632633984088898,0.11767979711294174,-9.92432975769043
1776636445457.4246,0.17651969194412231,0.14709974825382233,-9.914523124694824
1776636445467.3389,0.17651969194412231,0.13729310035705566,-9.934136390686035
1776636445477.253,0.16671304404735565,0.127486452460289,-9.92432975769043
1776636445487.1672,0.18632633984088898,0.13729310035705566,-9.94394302368164
1776636445497.0825,0.17651969194412231,0.13729310035705566,-9.92432975769043
1776636445506.9968,0.16671304404735565,0.127486452460289,-9.934136390686035
1776636445516.911,0.156906396150589,0.127486452460289,-9.934136390686035
1776636445526.8252,0.17651969194412231,0.13729310035705566,-9.92432975769043
1776636445536.7395,0.18632633984088898,0.13729310035705566,-9.934136390686035
1776636445546.6538,0.17651969194412231,0.13729310035705566,-9.934136390686035
1776636445556.5679,0.18632633984088898,0.14709974825382233,-9.92432975769043
1776636445566.4822,0.16671304404735565,0.13729310035705566,-9.914523124694824
1776636445576.3955,0.16671304404735565,0.13729310035705566,-9.914523124694824
1776636445586.3096,0.17651969194412231,0.13729310035705566,-9.92432975769043
1776636445596.223,0.17651969194412231,0.13729310035705566,-9.934136390686035
1776636445606.1362,0.17651969194412231,0.13729310035705566,-9.934136390686035
1776636445616.0493,0.17651969194412231,0.127486452460289,-9.934136390686035
1776636445625.9626,0.16671304404735565,0.13729310035705566,-9.92432975769043
1776636445635.878,0.16671304404735565,0.14709974825382233,-9.92432975769043
1776636445645.7913,0.19613298773765564,0.13729310035705566,-9.934136390686035
1776636445655.7043,0.18632633984088898,0.11767979711294174,-9.92432975769043
1776636445665.6177,0.17651969194412231,0.127486452460289,-9.934136390686035
1776636445675.531,0.18632633984088898,0.127486452460289,-9.94394302368164
1776636445685.445,0.17651969194412231,0.127486452460289,-9.94394302368164
1776636445695.3584,0.16671304404735565,0.127486452460289,-9.92432975769043
1776636445705.2717,0.18632633984088898,0.13729310035705566,-9.94394302368164
1776636445715.1848,0.19613298773765564,0.13729310035705566,-9.934136390686035
1776636445725.0981,0.18632633984088898,0.11767979711294174,-9.934136390686035
1776636445735.0132,0.18632633984088898,0.13729310035705566,-9.914523124694824
1776636445744.9258,0.17651969194412231,0.14709974825382233,-9.92432975769043
1776636445754.8386,0.16671304404735565,0.13729310035705566,-9.934136390686035
1776636445764.7524,0.18632633984088898,0.14709974825382233,-9.94394302368164
1776636445774.666,0.18632633984088898,0.14709974825382233,-9.934136390686035
1776636445784.5789,0.16671304404735565,0.13729310035705566,-9.934136390686035
1776636445794.4917,0.16671304404735565,0.13729310035705566,-9.934136390686035
1776636445804.4055,0.17651969194412231,0.14709974825382233,-9.92432975769043
1776636445814.318,0.17651969194412231,0.127486452460289,-9.934136390686035
1776636445824.232,0.18632633984088898,0.14709974825382233,-9.92432975769043
1776636445834.1448,0.18632633984088898,0.14709974825382233,-9.934136390686035
1776636445844.0586,0.18632633984088898,0.13729310035705566,-9.934136390686035
1776636445853.9712,0.16671304404735565,0.13729310035705566,-9.92432975769043
1776636445863.885,0.17651969194412231,0.156906396150589,-9.92432975769043
1776636445873.7979,0.17651969194412231,0.13729310035705566,-9.92432975769043
1776636445883.7114,0.18632633984088898,0.14709974825382233,-9.914523124694824
1776636445893.6262,0.17651969194412231,0.14709974825382233,-9.914523124694824
1776636445903.54,0.19613298773765564,0.13729310035705566,-9.934136390686035
1776636445913.4539,0.18632633984088898,0.13729310035705566,-9.92432975769043
1776636445923.3687,0.17651969194412231,0.127486452460289,-9.934136390686035
1776636445933.2832,0.17651969194412231,0.13729310035705566,-9.934136390686035
1776636445943.197,0.17651969194412231,0.13729310035705566,-9.94394302368164
1776636445953.1108,0.17651969194412231,0.127486452460289,-9.92432975769043
1776636445963.0256,0.17651969194412231,0.13729310035705566,-9.92432975769043
1776636445972.9395,0.17651969194412231,0.127486452460289,-9.92432975769043
1776636445982.852,0.156906396150589,0.13729310035705566,-9.934136390686035
1776636445992.7659,0.17651969194412231,0.13729310035705566,-9.934136390686035
1776636446002.6797,0.18632633984088898,0.127486452460289,-9.92432975769043
1776636446012.5933,0.18632633984088898,0.127486452460289,-9.934136390686035
1776636446022.507,0.17651969194412231,0.13729310035705566,-9.914523124694824
1776636446032.42,0.18632633984088898,0.14709974825382233,-9.934136390686035
1776636446042.3337,0.18632633984088898,0.127486452460289,-9.934136390686035
1776636446052.2473,0.18632633984088898,0.127486452460289,-9.934136390686035
1776636446062.1602,0.17651969194412231,0.156906396150589,-9.94394302368164
1776636446072.074,0.19613298773765564,0.14709974825382233,-9.934136390686035
1776636446081.9885,0.18632633984088898,0.127486452460289,-9.92432975769043
1776636446091.9023,0.17651969194412231,0.13729310035705566,-9.934136390686035
1776636446101.8162,0.16671304404735565,0.13729310035705566,-9.92432975769043
1776636446111.73,0.17651969194412231,0.14709974825382233,-9.92432975769043
1776636446121.6445,0.16671304404735565,0.14709974825382233,-9.92432975769043
1776636446131.5593,0.17651969194412231,0.13729310035705566,-9.92432975769043
1776636446141.4731,0.16671304404735565,0.127486452460289,-9.94394302368164
1776636446151.388,0.17651969194412231,0.13729310035705566,-9.92432975769043
1776636446161.3005,0.16671304404735565,0.14709974825382233,-9.92432975769043
1776636446171.2144,0.17651969194412231,0.13729310035705566,-9.92432975769043
1776636446181.1282,0.17651969194412231,0.13729310035705566,-9.92432975769043
1776636446191.042,0.16671304404735565,0.13729310035705566,-9.914523124694824
1776636446200.9556,0.17651969194412231,0.13729310035705566,-9.92432975769043
1776636446210.8704,0.18632633984088898,0.13729310035705566,-9.94394302368164
1776636446220.7842,0.17651969194412231,0.13729310035705566,-9.934136390686035
1776636446230.6978,0.18632633984088898,0.14709974825382233,-9.92432975769043
1776636446240.6125,0.17651969194412231,0.13729310035705566,-9.94394302368164
1776636446250.5254,0.17651969194412231,0.127486452460289,-9.934136390686035
1776636446260.4392,0.17651969194412231,0.14709974825382233,-9.92432975769043
1776636446270.3538,0.16671304404735565,0.13729310035705566,-9.92432975769043
1776636446280.2676,0.18632633984088898,0.13729310035705566,-9.92432975769043
1776636446290.1824,0.18632633984088898,0.13729310035705566,-9.934136390686035
1776636446300.0962,0.17651969194412231,0.13729310035705566,-9.914523124694824
1776636446310.0107,0.17651969194412231,0.14709974825382233,-9.934136390686035
1776636446319.9255,0.18632633984088898,0.13729310035705566,-9.92432975769043
1776636446329.8394,0.16671304404735565,0.127486452460289,-9.92432975769043
1776636446339.753,0.17651969194412231,0.13729310035705566,-9.92432975769043
1776636446349.6677,0.17651969194412231,0.127486452460289,-9.92432975769043
1776636446359.5815,0.17651969194412231,0.14709974825382233,-9.914523124694824
1776636446369.4954,0.17651969194412231,0.14709974825382233,-9.92432975769043
1776636446379.41,0.18632633984088898,0.127486452460289,-9.92432975769043
1776636446389.3237,0.18632633984088898,0.13729310035705566,-9.934136390686035
1776636446399.2385,0.17651969194412231,0.14709974825382233,-9.934136390686035
1776636446409.152,0.17651969194412231,0.127486452460289,-9.94394302368164
1776636446419.067,0.156906396150589,0.13729310035705566,-9.934136390686035
1776636446428.9817,0.18632633984088898,0.13729310035705566,-9.92432975769043
1776636446438.8955,0.17651969194412231,0.13729310035705566,-9.934136390686035
1776636446448.8113,0.17651969194412231,0.13729310035705566,-9.934136390686035
1776636446458.7249,0.17651969194412231,0.14709974825382233,-9.934136390686035
1776636446468.6396,0.17651969194412231,0.127486452460289,-9.934136390686035
1776636446478.5544,0.17651969194412231,0.13729310035705566,-9.934136390686035
1776636446488.469,0.17651969194412231,0.13729310035705566,-9.92432975769043
1776636446498.3838,0.17651969194412231,0.127486452460289,-9.934136390686035
1776636446508.2976,0.18632633984088898,0.13729310035705566,-9.934136390686035
1776636446518.2124,0.17651969194412231,0.127486452460289,-9.934136390686035
1776636446528.127,0.17651969194412231,0.127486452460289,-9.92432975769043
1776636446538.0417,0.17651969194412231,0.14709974825382233,-9.92432975769043
1776636446547.9575,0.17651969194412231,0.13729310035705566,-9.94394302368164
1776636446557.8723,0.17651969194412231,0.127486452460289,-9.934136390686035
1776636446567.7869,0.18632633984088898,0.14709974825382233,-9.92432975769043
1776636446577.7026,0.17651969194412231,0.14709974825382233,-9.92432975769043
1776636446587.6174,0.18632633984088898,0.127486452460289,-9.92432975769043
1776636446597.5322,0.16671304404735565,0.13729310035705566,-9.914523124694824
1776636446607.4458,0.17651969194412231,0.11767979711294174,-9.92432975769043
1776636446617.3606,0.18632633984088898,0.13729310035705566,-9.934136390686035
1776636446627.2744,0.17651969194412231,0.156906396150589,-9.94394302368164
1776636446637.188,0.16671304404735565,0.127486452460289,-9.92432975769043
1776636446647.1018,0.16671304404735565,0.127486452460289,-9.92432975769043
1776636446657.0156,0.16671304404735565,0.11767979711294174,-9.934136390686035
1776636446666.9302,0.17651969194412231,0.13729310035705566,-9.92432975769043
1776636446676.844,0.17651969194412231,0.14709974825382233,-9.934136390686035
1776636446686.7578,0.16671304404735565,0.127486452460289,-9.934136390686035
1776636446696.6714,0.16671304404735565,0.13729310035705566,-9.934136390686035
1776636446706.5862,0.156906396150589,0.14709974825382233,-9.92432975769043
1776636446716.5,0.17651969194412231,0.13729310035705566,-9.934136390686035
1776636446726.4136,0.17651969194412231,0.127486452460289,-9.914523124694824
1776636446736.328,0.18632633984088898,0.11767979711294174,-9.934136390686035
1776636446746.2422,0.18632633984088898,0.13729310035705566,-9.914523124694824
1776636446756.1575,0.17651969194412231,0.127486452460289,-9.92432975769043
1776636446766.072,0.16671304404735565,0.13729310035705566,-9.92432975769043
1776636446775.9863,0.16671304404735565,0.13729310035705566,-9.934136390686035
1776636446785.8997,0.16671304404735565,0.13729310035705566,-9.92432975769043
1776636446795.8142,0.17651969194412231,0.127486452460289,-9.92432975769043
1776636446805.7285,0.18632633984088898,0.13729310035705566,-9.934136390686035
1776636446815.6438,0.17651969194412231,0.13729310035705566,-9.92432975769043
1776636446825.5583,0.17651969194412231,0.14709974825382233,-9.92432975769043
1776636446835.4727,0.17651969194412231,0.13729310035705566,-9.94394302368164
1776636446845.387,0.18632633984088898,0.11767979711294174,-9.92432975769043
1776636446855.3025,0.18632633984088898,0.11767979711294174,-9.914523124694824
1776636446865.2178,0.17651969194412231,0.127486452460289,-9.92432975769043
1776636446875.1323,0.17651969194412231,0.13729310035705566,-9.92432975769043
1776636446885.0466,0.17651969194412231,0.13729310035705566,-9.934136390686035
1776636446894.961,0.17651969194412231,0.14709974825382233,-9.953749656677246
1776636446904.8755,0.17651969194412231,0.14709974825382233,-9.934136390686035
1776636446914.7908,0.16671304404735565,0.127486452460289,-9.934136390686035
1776636446924.7053,0.17651969194412231,0.13729310035705566,-9.934136390686035
1776636446934.6196,0.18632633984088898,0.13729310035705566,-9.92432975769043
1776636446944.5342,0.16671304404735565,0.14709974825382233,-9.934136390686035
1776636446954.4495,0.17651969194412231,0.13729310035705566,-9.92432975769043
1776636446964.3638,0.16671304404735565,0.127486452460289,-9.92432975769043
1776636446974.2783,0.16671304404735565,0.13729310035705566,-9.934136390686035
1776636446984.1926,0.18632633984088898,0.13729310035705566,-9.914523124694824
1776636446994.1072,0.17651969194412231,0.127486452460289,-9.92432975769043
1776636447004.0225,0.17651969194412231,0.13729310035705566,-9.92432975769043
1776636447013.938,0.16671304404735565,0.13729310035705566,-9.934136390686035
1776636447023.8523,0.156906396150589,0.127486452460289,-9.914523124694824
1776636447033.7678,0.17651969194412231,0.14709974825382233,-9.904716491699219
1776636447043.6821,0.16671304404735565,0.14709974825382233,-9.934136390686035
1776636447053.5957,0.17651969194412231,0.13729310035705566,-9.934136390686035
1776636447063.511,0.16671304404735565,0.14709974825382233,-9.94394302368164
1776636447073.4246,0.18632633984088898,0.13729310035705566,-9.934136390686035
1776636447083.3398,0.17651969194412231,0.13729310035705566,-9.934136390686035
1776636447093.2544,0.17651969194412231,0.13729310035705566,-9.92432975769043
1776636447103.1697,0.17651969194412231,0.127486452460289,-9.92432975769043
1776636447113.0842,0.18632633984088898,0.13729310035705566,-9.94394302368164
1776636447122.9995,0.17651969194412231,0.156906396150589,-9.92432975769043
1776636447132.914,0.16671304404735565,0.156906396150589,-9.92432975769043
1776636447142.8284,0.16671304404735565,0.13729310035705566,-9.934136390686035
1776636447152.744,0.17651969194412231,0.127486452460289,-9.934136390686035
1776636447162.6582,0.18632633984088898,0.13729310035705566,-9.934136390686035
1776636447172.5728,0.17651969194412231,0.13729310035705566,-9.92432975769043
1776636447182.487,0.18632633984088898,0.127486452460289,-9.92432975769043
1776636447192.4006,0.18632633984088898,0.127486452460289,-9.934136390686035
1776636447202.315,0.17651969194412231,0.14709974825382233,-9.934136390686035
1776636447212.2295,0.18632633984088898,0.13729310035705566,-9.934136390686035
1776636447222.1438,0.18632633984088898,0.13729310035705566,-9.92432975769043
1776636447232.0583,0.16671304404735565,0.13729310035705566,-9.92432975769043
1776636447241.9727,0.18632633984088898,0.13729310035705566,-9.934136390686035
1776636447251.8862,0.18632633984088898,0.13729310035705566,-9.934136390686035
1776636447261.8005,0.18632633984088898,0.127486452460289,-9.92432975769043
1776636447271.716,0.17651969194412231,0.127486452460289,-9.934136390686035
1776636447281.6316,0.17651969194412231,0.127486452460289,-9.92432975769043
1776636447291.546,0.18632633984088898,0.13729310035705566,-9.914523124694824
1776636447301.4604,0.18632633984088898,0.14709974825382233,-9.94394302368164
1776636447311.3748,0.17651969194412231,0.127486452460289,-9.934136390686035
1776636447321.2903,0.16671304404735565,0.127486452460289,-9.92432975769043
1776636447331.2048,0.16671304404735565,0.13729310035705566,-9.934136390686035
1776636447341.12,0.18632633984088898,0.14709974825382233,-9.92432975769043
1776636447351.0356,0.17651969194412231,0.13729310035705566,-9.934136390686035
1776636447360.9512,0.17651969194412231,0.11767979711294174,-9.934136390686035
1776636447370.8655,0.16671304404735565,0.13729310035705566,-9.92432975769043
1776636447380.78,0.18632633984088898,0.127486452460289,-9.92432975769043
1776636447390.6943,0.19613298773765564,0.14709974825382233,-9.914523124694824
1776636447400.6099,0.17651969194412231,0.14709974825382233,-9.92432975769043
1776636447410.5254,0.17651969194412231,0.13729310035705566,-9.934136390686035
1776636447420.4397,0.17651969194412231,0.127486452460289,-9.94394302368164
1776636447430.3552,0.18632633984088898,0.14709974825382233,-9.92432975769043
1776636447440.2717,0.18632633984088898,0.127486452460289,-9.92432975769043
1776636447450.1882,0.18632633984088898,0.127486452460289,-9.92432975769043
1776636447460.1035,0.18632633984088898,0.127486452460289,-9.934136390686035
1776636447470.019,0.19613298773765564,0.127486452460289,-9.92432975769043
1776636447479.9355,0.17651969194412231,0.13729310035705566,-9.92432975769043
1776636447489.851,0.17651969194412231,0.14709974825382233,-9.92432975769043
1776636447499.7676,0.17651969194412231,0.14709974825382233,-9.92432975769043
1776636447509.682,0.17651969194412231,0.13729310035705566,-9.92432975769043
1776636447519.5984,0.17651969194412231,0.11767979711294174,-9.934136390686035
1776636447529.514,0.17651969194412231,0.14709974825382233,-9.92432975769043
1776636447539.4294,0.17651969194412231,0.14709974825382233,-9.92432975769043
1776636447549.3447,0.16671304404735565,0.127486452460289,-9.92432975769043
1776636447559.2603,0.17651969194412231,0.127486452460289,-9.934136390686035
1776636447569.1748,0.16671304404735565,0.14709974825382233,-9.92432975769043
1776636447579.0903,0.17651969194412231,0.14709974825382233,-9.934136390686035
1776636447589.0046,0.16671304404735565,0.11767979711294174,-9.934136390686035
1776636447598.9202,0.16671304404735565,0.127486452460289,-9.94394302368164
1776636447608.8357,0.17651969194412231,0.156906396150589,-9.92432975769043
1776636447618.7502,0.18632633984088898,0.13729310035705566,-9.94394302368164
1776636447628.6655,0.17651969194412231,0.13729310035705566,-9.934136390686035
1776636447638.581,0.18632633984088898,0.13729310035705566,-9.92432975769043
1776636447648.4956,0.18632633984088898,0.127486452460289,-9.934136390686035
1776636447658.4092,0.17651969194412231,0.13729310035705566,-9.92432975769043
1776636447668.3245,0.17651969194412231,0.14709974825382233,-9.92432975769043
1776636447678.239,0.17651969194412231,0.127486452460289,-9.92432975769043
1776636447688.1545,0.17651969194412231,0.13729310035705566,-9.934136390686035
1776636447698.07,0.18632633984088898,0.13729310035705566,-9.92432975769043
1776636447707.9856,0.16671304404735565,0.13729310035705566,-9.92432975769043
1776636447717.9,0.17651969194412231,0.127486452460289,-9.92432975769043
1776636447727.8154,0.18632633984088898,0.14709974825382233,-9.934136390686035
1776636447737.7307,0.18632633984088898,0.13729310035705566,-9.94394302368164
1776636447747.6448,0.18632633984088898,0.127486452460289,-9.92432975769043
1776636447757.5598,0.17651969194412231,0.13729310035705566,-9.934136390686035
1776636447767.4749,0.17651969194412231,0.13729310035705566,-9.934136390686035
1776636447777.39,0.18632633984088898,0.127486452460289,-9.94394302368164
1776636447787.306,0.17651969194412231,0.13729310035705566,-9.934136390686035
1776636447797.221,0.17651969194412231,0.13729310035705566,-9.92432975769043
1776636447807.1362,0.16671304404735565,0.13729310035705566,-9.92432975769043
1776636447817.0522,0.17651969194412231,0.13729310035705566,-9.92432975769043
1776636447826.9673,0.18632633984088898,0.13729310035705566,-9.94394302368164
1776636447836.8843,0.17651969194412231,0.13729310035705566,-9.92432975769043
1776636447846.8003,0.17651969194412231,0.14709974825382233,-9.914523124694824
1776636447856.7153,0.18632633984088898,0.13729310035705566,-9.934136390686035
1776636447866.6306,0.17651969194412231,0.11767979711294174,-9.934136390686035
1776636447876.5447,0.17651969194412231,0.13729310035705566,-9.92432975769043
1776636447886.4597,0.156906396150589,0.13729310035705566,-9.934136390686035
1776636447896.3748,0.17651969194412231,0.127486452460289,-9.94394302368164
1776636447906.2888,0.19613298773765564,0.127486452460289,-9.934136390686035
1776636447916.2048,0.18632633984088898,0.14709974825382233,-9.934136390686035
1776636447926.119,0.18632633984088898,0.127486452460289,-9.934136390686035
1776636447936.034,0.17651969194412231,0.127486452460289,-9.92432975769043
1776636447945.949,0.17651969194412231,0.13729310035705566,-9.94394302368164
1776636447955.863,0.18632633984088898,0.14709974825382233,-9.92432975769043
1776636447965.778,0.16671304404735565,0.14709974825382233,-9.92432975769043
1776636447975.693,0.16671304404735565,0.13729310035705566,-9.934136390686035
1776636447985.6084,0.17651969194412231,0.13729310035705566,-9.94394302368164
1776636447995.5234,0.18632633984088898,0.13729310035705566,-9.92432975769043
1776636448005.4385,0.18632633984088898,0.127486452460289,-9.934136390686035
1776636448015.3535,0.18632633984088898,0.127486452460289,-9.934136390686035
1776636448025.2686,0.19613298773765564,0.127486452460289,-9.934136390686035
1776636448035.1836,0.17651969194412231,0.127486452460289,-9.92432975769043
1776636448045.0986,0.17651969194412231,0.13729310035705566,-9.934136390686035
1776636448055.0137,0.17651969194412231,0.14709974825382233,-9.934136390686035
1776636448064.9287,0.16671304404735565,0.127486452460289,-9.934136390686035
1776636448074.8447,0.17651969194412231,0.14709974825382233,-9.934136390686035
1776636448084.76,0.18632633984088898,0.13729310035705566,-9.94394302368164
1776636448094.675,0.17651969194412231,0.11767979711294174,-9.934136390686035
1776636448104.59,0.18632633984088898,0.127486452460289,-9.92432975769043
1776636448114.5051,0.18632633984088898,0.13729310035705566,-9.934136390686035
1776636448124.4202,0.17651969194412231,0.13729310035705566,-9.92432975769043
1776636448134.3362,0.18632633984088898,0.14709974825382233,-9.934136390686035
1776636448144.2512,0.18632633984088898,0.127486452460289,-9.934136390686035
1776636448154.1663,0.17651969194412231,0.13729310035705566,-9.934136390686035
1776636448164.0813,0.18632633984088898,0.13729310035705566,-9.934136390686035
1776636448173.9963,0.17651969194412231,0.13729310035705566,-9.92432975769043
1776636448183.9104,0.16671304404735565,0.13729310035705566,-9.92432975769043
1776636448193.8245,0.17651969194412231,0.127486452460289,-9.92432975769043
1776636448203.7385,0.17651969194412231,0.127486452460289,-9.92432975769043
1776636448213.6536,0.17651969194412231,0.13729310035705566,-9.953749656677246
1776636448223.5676,0.18632633984088898,0.127486452460289,-9.94394302368164
1776636448233.4817,0.17651969194412231,0.13729310035705566,-9.94394302368164
1776636448243.3967,0.16671304404735565,0.13729310035705566,-9.92432975769043
1776636448253.3108,0.17651969194412231,0.127486452460289,-9.914523124694824
1776636448263.2258,0.18632633984088898,0.127486452460289,-9.934136390686035
1776636448273.1409,0.17651969194412231,0.13729310035705566,-9.92432975769043
1776636448283.056,0.17651969194412231,0.14709974825382233,-9.92432975769043
1776636448292.971,0.18632633984088898,0.14709974825382233,-9.92432975769043
1776636448302.886,0.18632633984088898,0.13729310035705566,-9.92432975769043
1776636448312.801,0.16671304404735565,0.13729310035705566,-9.94394302368164
1776636448322.7163,0.16671304404735565,0.13729310035705566,-9.934136390686035
1776636448332.6301,0.18632633984088898,0.14709974825382233,-9.914523124694824
1776636448342.5454,0.17651969194412231,0.13729310035705566,-9.92432975769043
1776636448352.4604,0.18632633984088898,0.13729310035705566,-9.934136390686035
1776636448362.3755,0.17651969194412231,0.13729310035705566,-9.934136390686035
1776636448372.2896,0.18632633984088898,0.127486452460289,-9.92432975769043
1776636448382.2046,0.18632633984088898,0.14709974825382233,-9.934136390686035
1776636448392.1196,0.17651969194412231,0.13729310035705566,-9.92432975769043
1776636448402.0347,0.16671304404735565,0.14709974825382233,-9.914523124694824
1776636448411.9487,0.16671304404735565,0.14709974825382233,-9.934136390686035
1776636448421.8638,0.17651969194412231,0.127486452460289,-9.934136390686035
1776636448431.7788,0.18632633984088898,0.13729310035705566,-9.914523124694824
1776636448441.6929,0.16671304404735565,0.13729310035705566,-9.914523124694824
1776636448451.608,0.17651969194412231,0.127486452460289,-9.934136390686035
1776636448461.524,0.18632633984088898,0.156906396150589,-9.934136390686035
1776636448471.439,0.17651969194412231,0.127486452460289,-9.92432975769043
1776636448481.354,0.17651969194412231,0.13729310035705566,-9.92432975769043
1776636448491.27,0.16671304404735565,0.14709974825382233,-9.934136390686035
1776636448501.185,0.18632633984088898,0.13729310035705566,-9.92432975769043
1776636448511.099,0.17651969194412231,0.127486452460289,-9.92432975769043
1776636448521.0142,0.17651969194412231,0.13729310035705566,-9.94394302368164
1776636448530.9302,0.17651969194412231,0.13729310035705566,-9.92432975769043
1776636448540.8452,0.17651969194412231,0.14709974825382233,-9.92432975769043
1776636448550.7603,0.17651969194412231,0.13729310035705566,-9.934136390686035
1776636448560.6743,0.18632633984088898,0.13729310035705566,-9.934136390686035
1776636448570.5903,0.17651969194412231,0.127486452460289,-9.934136390686035
1776636448580.5054,0.14709974825382233,0.127486452460289,-9.92432975769043
1776636448590.4214,0.16671304404735565,0.14709974825382233,-9.934136390686035
1776636448600.3364,0.17651969194412231,0.14709974825382233,-9.934136390686035
1776636448610.2515,0.17651969194412231,0.13729310035705566,-9.92432975769043
1776636448620.1665,0.18632633984088898,0.127486452460289,-9.94394302368164
1776636448630.0825,0.18632633984088898,0.13729310035705566,-9.94394302368164
1776636448639.9976,0.18632633984088898,0.14709974825382233,-9.934136390686035
1776636448649.9126,0.16671304404735565,0.13729310035705566,-9.934136390686035
1776636448659.8276,0.17651969194412231,0.127486452460289,-9.914523124694824
1776636448669.7427,0.17651969194412231,0.127486452460289,-9.92432975769043
1776636448679.6577,0.18632633984088898,0.127486452460289,-9.934136390686035
1776636448689.5737,0.17651969194412231,0.127486452460289,-9.934136390686035
1776636448699.4888,0.16671304404735565,0.127486452460289,-9.92432975769043
1776636448709.4048,0.16671304404735565,0.13729310035705566,-9.92432975769043
1776636448719.3188,0.17651969194412231,0.14709974825382233,-9.92432975769043
1776636448729.2349,0.16671304404735565,0.13729310035705566,-9.92432975769043
1776636448739.15,0.17651969194412231,0.13729310035705566,-9.934136390686035
1776636448749.0637,0.18632633984088898,0.13729310035705566,-9.934136390686035
1776636448758.9785,0.156906396150589,0.13729310035705566,-9.92432975769043
1776636448768.8933,0.17651969194412231,0.127486452460289,-9.92432975769043
1776636448778.809,0.16671304404735565,0.13729310035705566,-9.92432975769043
1776636448788.7239,0.17651969194412231,0.14709974825382233,-9.94394302368164
1776636448798.6377,0.18632633984088898,0.13729310035705566,-9.934136390686035
1776636448808.5525,0.17651969194412231,0.127486452460289,-9.92432975769043
1776636448818.4663,0.16671304404735565,0.13729310035705566,-9.92432975769043
1776636448828.381,0.16671304404735565,0.127486452460289,-9.92432975769043
1776636448838.2961,0.16671304404735565,0.13729310035705566,-9.92432975769043
1776636448848.21,0.17651969194412231,0.13729310035705566,-9.934136390686035
1776636448858.1257,0.18632633984088898,0.13729310035705566,-9.934136390686035
1776636448868.0405,0.17651969194412231,0.13729310035705566,-9.92432975769043
1776636448877.9563,0.17651969194412231,0.14709974825382233,-9.934136390686035
1776636448887.871,0.17651969194412231,0.13729310035705566,-9.92432975769043
1776636448897.786,0.17651969194412231,0.13729310035705566,-9.92432975769043
1776636448907.7007,0.18632633984088898,0.14709974825382233,-9.934136390686035
1776636448917.6155,0.18632633984088898,0.14709974825382233,-9.92432975769043
1776636448927.5303,0.17651969194412231,0.13729310035705566,-9.914523124694824
1776636448937.4453,0.18632633984088898,0.13729310035705566,-9.914523124694824
1776636448947.361,0.17651969194412231,0.127486452460289,-9.934136390686035
1776636448957.276,0.16671304404735565,0.13729310035705566,-9.934136390686035
1776636448967.1907,0.19613298773765564,0.127486452460289,-9.92432975769043
1776636448977.1055,0.17651969194412231,0.127486452460289,-9.92432975769043
1776636448987.0212,0.17651969194412231,0.13729310035705566,-9.94394302368164
1776636448996.936,0.17651969194412231,0.11767979711294174,-9.953749656677246
1776636449006.8508,0.17651969194412231,0.13729310035705566,-9.92432975769043
1776636449016.7656,0.18632633984088898,0.14709974825382233,-9.914523124694824
1776636449026.6804,0.18632633984088898,0.127486452460289,-9.914523124694824
1776636449036.5942,0.17651969194412231,0.127486452460289,-9.934136390686035
1776636449046.509,0.18632633984088898,0.127486452460289,-9.904716491699219
1776636449056.4238,0.18632633984088898,0.14709974825382233,-9.914523124694824
1776636449066.3396,0.17651969194412231,0.13729310035705566,-9.934136390686035
1776636449076.2534,0.16671304404735565,0.13729310035705566,-9.92432975769043
1776636449086.1694,0.16671304404735565,0.14709974825382233,-9.92432975769043
1776636449096.0852,0.17651969194412231,0.11767979711294174,-9.934136390686035
1776636449106.001,0.17651969194412231,0.127486452460289,-9.92432975769043
1776636449115.9167,0.17651969194412231,0.13729310035705566,-9.92432975769043
1776636449125.8325,0.16671304404735565,0.13729310035705566,-9.934136390686035
1776636449135.7473,0.16671304404735565,0.14709974825382233,-9.934136390686035
1776636449145.663,0.16671304404735565,0.13729310035705566,-9.92432975769043
1776636449155.578,0.16671304404735565,0.14709974825382233,-9.934136390686035
1776636449165.4927,0.19613298773765564,0.14709974825382233,-9.934136390686035
1776636449175.4065,0.17651969194412231,0.13729310035705566,-9.914523124694824
1776636449185.3223,0.17651969194412231,0.14709974825382233,-9.92432975769043
1776636449195.237,0.18632633984088898,0.13729310035705566,-9.934136390686035
1776636449205.1519,0.18632633984088898,0.156906396150589,-9.934136390686035
1776636449215.0676,0.17651969194412231,0.13729310035705566,-9.934136390686035
1776636449224.9827,0.16671304404735565,0.13729310035705566,-9.92432975769043
1776636449234.8984,0.17651969194412231,0.14709974825382233,-9.92432975769043
1776636449244.8142,0.18632633984088898,0.14709974825382233,-9.934136390686035
1776636449254.728,0.17651969194412231,0.13729310035705566,-9.934136390686035
1776636449264.6438,0.17651969194412231,0.14709974825382233,-9.92432975769043
1776636449274.5596,0.17651969194412231,0.13729310035705566,-9.914523124694824
1776636449284.4753,0.17651969194412231,0.127486452460289,-9.934136390686035
1776636449294.3901,0.17651969194412231,0.13729310035705566,-9.914523124694824
1776636449304.305,0.17651969194412231,0.127486452460289,-9.92432975769043
1776636449314.2188,0.17651969194412231,0.13729310035705566,-9.92432975769043
1776636449324.1326,0.16671304404735565,0.156906396150589,-9.934136390686035
1776636449334.0464,0.18632633984088898,0.13729310035705566,-9.92432975769043
1776636449343.96,0.18632633984088898,0.13729310035705566,-9.92432975769043
1776636449353.8748,0.17651969194412231,0.127486452460289,-9.92432975769043
1776636449363.7886,0.19613298773765564,0.14709974825382233,-9.914523124694824
1776636449373.7034,0.18632633984088898,0.13729310035705566,-9.934136390686035
1776636449383.6182,0.17651969194412231,0.13729310035705566,-9.914523124694824
1776636449393.534,0.17651969194412231,0.127486452460289,-9.92432975769043
1776636449403.4487,0.17651969194412231,0.127486452460289,-9.92432975769043
1776636449413.3635,0.17651969194412231,0.13729310035705566,-9.914523124694824
1776636449423.2783,0.16671304404735565,0.127486452460289,-9.92432975769043
1776636449433.194,0.17651969194412231,0.11767979711294174,-9.92432975769043
1776636449443.109,0.17651969194412231,0.13729310035705566,-9.92432975769043
1776636449453.0247,0.17651969194412231,0.13729310035705566,-9.914523124694824
1776636449462.9395,0.16671304404735565,0.13729310035705566,-9.914523124694824
1776636449472.8533,0.16671304404735565,0.14709974825382233,-9.934136390686035
1776636449482.768,0.18632633984088898,0.156906396150589,-9.92432975769043
1776636449492.6838,0.17651969194412231,0.13729310035705566,-9.92432975769043
1776636449502.5996,0.17651969194412231,0.13729310035705566,-9.934136390686035
1776636449512.5154,0.17651969194412231,0.13729310035705566,-9.914523124694824
1776636449522.4292,0.17651969194412231,0.13729310035705566,-9.934136390686035
1776636449532.344,0.18632633984088898,0.13729310035705566,-9.934136390686035
1776636449542.2588,0.17651969194412231,0.127486452460289,-9.92432975769043
1776636449552.1736,0.17651969194412231,0.127486452460289,-9.934136390686035
1776636449562.0884,0.17651969194412231,0.13729310035705566,-9.92432975769043
1776636449572.0032,0.18632633984088898,0.127486452460289,-9.92432975769043
1776636449581.919,0.17651969194412231,0.11767979711294174,-9.914523124694824
1776636449591.8337,0.17651969194412231,0.127486452460289,-9.934136390686035
1776636449601.7485,0.18632633984088898,0.13729310035705566,-9.92432975769043
1776636449611.6633,0.17651969194412231,0.127486452460289,-9.934136390686035
1776636449621.5781,0.156906396150589,0.127486452460289,-9.934136390686035
1776636449631.493,0.156906396150589,0.13729310035705566,-9.934136390686035
1776636449641.4075,0.16671304404735565,0.13729310035705566,-9.92432975769043
1776636449651.3213,0.16671304404735565,0.14709974825382233,-9.914523124694824
1776636449661.235,0.17651969194412231,0.13729310035705566,-9.92432975769043
1776636449671.149,0.18632633984088898,0.127486452460289,-9.92432975769043
1776636449681.0637,0.17651969194412231,0.13729310035705566,-9.92432975769043
1776636449690.9766,0.16671304404735565,0.14709974825382233,-9.92432975769043
1776636449700.8901,0.17651969194412231,0.127486452460289,-9.94394302368164
1776636449710.803,0.16671304404735565,0.13729310035705566,-9.934136390686035
1776636449720.7178,0.17651969194412231,0.13729310035705566,-9.914523124694824
1776636449730.6316,0.18632633984088898,0.127486452460289,-9.934136390686035
1776636449740.5464,0.16671304404735565,0.13729310035705566,-9.92432975769043
1776636449750.4612,0.17651969194412231,0.127486452460289,-9.934136390686035
1776636449760.375,0.16671304404735565,0.14709974825382233,-9.94394302368164
1776636449770.2898,0.17651969194412231,0.13729310035705566,-9.953749656677246
1776636449780.2039,0.19613298773765564,0.14709974825382233,-9.934136390686035
1776636449790.1177,0.18632633984088898,0.13729310035705566,-9.904716491699219
1776636449800.0325,0.16671304404735565,0.127486452460289,-9.904716491699219
1776636449809.9463,0.17651969194412231,0.14709974825382233,-9.914523124694824
1776636449819.8591,0.16671304404735565,0.13729310035705566,-9.92432975769043
1776636449829.773,0.16671304404735565,0.13729310035705566,-9.934136390686035
1776636449839.6868,0.16671304404735565,0.13729310035705566,-9.94394302368164
1776636449849.6006,0.16671304404735565,0.127486452460289,-9.94394302368164
1776636449859.5144,0.18632633984088898,0.13729310035705566,-9.92432975769043
1776636449869.4292,0.18632633984088898,0.127486452460289,-9.92432975769043
1776636449879.343,0.18632633984088898,0.127486452460289,-9.92432975769043
1776636449889.258,0.18632633984088898,0.127486452460289,-9.92432975769043
1776636449899.1719,0.18632633984088898,0.127486452460289,-9.934136390686035
1776636449909.0857,0.16671304404735565,0.127486452460289,-9.94394302368164
1776636449918.9995,0.18632633984088898,0.14709974825382233,-9.94394302368164
1776636449928.9133,0.16671304404735565,0.14709974825382233,-9.914523124694824
1776636449938.8271,0.16671304404735565,0.14709974825382233,-9.92432975769043
1776636449948.741,0.18632633984088898,0.13729310035705566,-9.914523124694824
1776636449958.6548,0.17651969194412231,0.13729310035705566,-9.904716491699219
1776636449968.5676,0.17651969194412231,0.13729310035705566,-9.934136390686035
1776636449978.4824,0.17651969194412231,0.13729310035705566,-9.94394302368164
1776636449988.3962,0.16671304404735565,0.127486452460289,-9.94394302368164
1776636449998.31,0.17651969194412231,0.127486452460289,-9.94394302368164
1776636450008.2239,0.18632633984088898,0.13729310035705566,-9.934136390686035
1776636450018.1387,0.17651969194412231,0.13729310035705566,-9.934136390686035
1776636450028.0525,0.17651969194412231,0.127486452460289,-9.92432975769043
1776636450037.9663,0.17651969194412231,0.13729310035705566,-9.92432975769043
1776636450047.8801,0.17651969194412231,0.14709974825382233,-9.92432975769043
1776636450057.794,0.16671304404735565,0.156906396150589,-9.94394302368164
1776636450067.7087,0.18632633984088898,0.13729310035705566,-9.934136390686035
1776636450077.6226,0.16671304404735565,0.14709974825382233,-9.92432975769043
1776636450087.5374,0.17651969194412231,0.13729310035705566,-9.914523124694824
1776636450097.4512,0.18632633984088898,0.13729310035705566,-9.92432975769043
1776636450107.3662,0.17651969194412231,0.13729310035705566,-9.92432975769043
1776636450117.281,0.16671304404735565,0.156906396150589,-9.92432975769043
1776636450127.1958,0.17651969194412231,0.14709974825382233,-9.92432975769043
1776636450137.1106,0.16671304404735565,0.127486452460289,-9.934136390686035
1776636450147.0254,0.16671304404735565,0.13729310035705566,-9.934136390686035
1776636450156.9402,0.16671304404735565,0.127486452460289,-9.92432975769043
1776636450166.855,0.17651969194412231,0.13729310035705566,-9.934136390686035
1776636450176.7698,0.17651969194412231,0.13729310035705566,-9.94394302368164
1776636450186.6846,0.17651969194412231,0.13729310035705566,-9.94394302368164
1776636450196.5994,0.19613298773765564,0.127486452460289,-9.92432975769043
1776636450206.5132,0.18632633984088898,0.127486452460289,-9.914523124694824
1776636450216.428,0.17651969194412231,0.13729310035705566,-9.914523124694824
1776636450226.3428,0.18632633984088898,0.13729310035705566,-9.92432975769043
1776636450236.2578,0.17651969194412231,0.127486452460289,-9.94394302368164
1776636450246.1726,0.18632633984088898,0.127486452460289,-9.934136390686035
1776636450256.0884,0.16671304404735565,0.127486452460289,-9.934136390686035
1776636450266.0022,0.16671304404735565,0.13729310035705566,-9.94394302368164
1776636450275.918,0.17651969194412231,0.127486452460289,-9.934136390686035
1776636450285.8328,0.16671304404735565,0.127486452460289,-9.92432975769043
1776636450295.7466,0.16671304404735565,0.127486452460289,-9.934136390686035
1776636450305.6614,0.17651969194412231,0.13729310035705566,-9.92432975769043
1776636450315.5742,0.17651969194412231,0.127486452460289,-9.914523124694824
1776636450325.488,0.18632633984088898,0.13729310035705566,-9.92432975769043
1776636450335.4028,0.17651969194412231,0.127486452460289,-9.934136390686035
1776636450345.3176,0.16671304404735565,0.13729310035705566,-9.934136390686035
1776636450355.2314,0.16671304404735565,0.13729310035705566,-9.914523124694824
1776636450365.1462,0.17651969194412231,0.13729310035705566,-9.92432975769043
1776636450375.061,0.17651969194412231,0.127486452460289,-9.914523124694824
1776636450384.9758,0.16671304404735565,0.14709974825382233,-9.92432975769043
1776636450394.8906,0.156906396150589,0.13729310035705566,-9.94394302368164
1776636450404.8054,0.17651969194412231,0.13729310035705566,-9.94394302368164
1776636450414.7202,0.17651969194412231,0.14709974825382233,-9.92432975769043
1776636450424.634,0.17651969194412231,0.13729310035705566,-9.934136390686035
1776636450434.5488,0.17651969194412231,0.11767979711294174,-9.92432975769043
1776636450444.4636,0.17651969194412231,0.13729310035705566,-9.934136390686035
1776636450454.3774,0.17651969194412231,0.14709974825382233,-9.934136390686035
1776636450464.2922,0.17651969194412231,0.127486452460289,-9.934136390686035
1776636450474.206,0.16671304404735565,0.13729310035705566,-9.92432975769043
1776636450484.1199,0.16671304404735565,0.14709974825382233,-9.92432975769043
1776636450494.0347,0.16671304404735565,0.14709974825382233,-9.94394302368164
1776636450503.9485,0.156906396150589,0.13729310035705566,-9.934136390686035
1776636450513.8623,0.17651969194412231,0.13729310035705566,-9.92432975769043
1776636450523.777,0.18632633984088898,0.13729310035705566,-9.914523124694824
1776636450533.691,0.18632633984088898,0.13729310035705566,-9.914523124694824
1776636450543.6045,0.18632633984088898,0.127486452460289,-9.914523124694824
1776636450553.5183,0.17651969194412231,0.13729310035705566,-9.914523124694824
1776636450563.433,0.18632633984088898,0.14709974825382233,-9.934136390686035
1776636450573.348,0.18632633984088898,0.13729310035705566,-9.94394302368164
1776636450583.2627,0.16671304404735565,0.13729310035705566,-9.934136390686035
1776636450593.1775,0.156906396150589,0.14709974825382233,-9.92432975769043
1776636450603.0913,0.16671304404735565,0.14709974825382233,-9.92432975769043
1776636450613.006,0.18632633984088898,0.14709974825382233,-9.92432975769043
1776636450622.921,0.17651969194412231,0.14709974825382233,-9.934136390686035
1776636450632.8357,0.18632633984088898,0.13729310035705566,-9.934136390686035
1776636450642.7495,0.17651969194412231,0.127486452460289,-9.934136390686035
1776636450652.6633,0.17651969194412231,0.14709974825382233,-9.92432975769043
1776636450662.5771,0.17651969194412231,0.13729310035705566,-9.92432975769043
1776636450672.492,0.16671304404735565,0.14709974825382233,-9.92432975769043
1776636450682.4058,0.16671304404735565,0.13729310035705566,-9.914523124694824
1776636450692.3193,0.16671304404735565,0.13729310035705566,-9.914523124694824
1776636450702.2332,0.17651969194412231,0.14709974825382233,-9.92432975769043
1776636450712.148,0.18632633984088898,0.127486452460289,-9.92432975769043
1776636450722.0627,0.18632633984088898,0.13729310035705566,-9.92432975769043
1776636450731.9766,0.17651969194412231,0.13729310035705566,-9.934136390686035
1776636450741.8923,0.18632633984088898,0.14709974825382233,-9.92432975769043
1776636450751.807,0.18632633984088898,0.14709974825382233,-9.92432975769043
1776636450761.7227,0.17651969194412231,0.127486452460289,-9.92432975769043
1776636450771.6372,0.17651969194412231,0.13729310035705566,-9.934136390686035
1776636450781.5518,0.16671304404735565,0.127486452460289,-9.92432975769043
1776636450791.4675,0.17651969194412231,0.14709974825382233,-9.934136390686035
1776636450801.382,0.16671304404735565,0.13729310035705566,-9.92432975769043
1776636450811.2969,0.17651969194412231,0.127486452460289,-9.92432975769043
1776636450821.2124,0.16671304404735565,0.13729310035705566,-9.94394302368164
1776636450831.1282,0.17651969194412231,0.13729310035705566,-9.92432975769043
1776636450841.0427,0.17651969194412231,0.14709974825382233,-9.92432975769043
1776636450850.9585,0.17651969194412231,0.13729310035705566,-9.914523124694824
1776636450860.872,0.16671304404735565,0.13729310035705566,-9.914523124694824
1776636450870.7866,0.16671304404735565,0.13729310035705566,-9.914523124694824
1776636450880.7014,0.17651969194412231,0.11767979711294174,-9.914523124694824
1776636450890.616,0.16671304404735565,0.14709974825382233,-9.92432975769043
1776636450900.5295,0.18632633984088898,0.13729310035705566,-9.94394302368164
1776636450910.4443,0.17651969194412231,0.13729310035705566,-9.934136390686035
1776636450920.359,0.17651969194412231,0.127486452460289,-9.934136390686035
1776636450930.2744,0.18632633984088898,0.127486452460289,-9.92432975769043
1776636450940.1892,0.17651969194412231,0.13729310035705566,-9.914523124694824
1776636450950.1038,0.16671304404735565,0.13729310035705566,-9.92432975769043
1776636450960.0173,0.17651969194412231,0.127486452460289,-9.904716491699219
1776636450969.933,0.17651969194412231,0.13729310035705566,-9.904716491699219
1776636450979.8477,0.18632633984088898,0.13729310035705566,-9.92432975769043
1776636450989.7612,0.17651969194412231,0.13729310035705566,-9.914523124694824
1776636450999.676,0.18632633984088898,0.13729310035705566,-9.92432975769043
1776636451009.5896,0.17651969194412231,0.13729310035705566,-9.92432975769043
1776636451019.5042,0.16671304404735565,0.13729310035705566,-9.934136390686035
1776636451029.419,0.18632633984088898,0.13729310035705566,-9.934136390686035
1776636451039.3335,0.17651969194412231,0.14709974825382233,-9.934136390686035
1776636451049.248,0.18632633984088898,0.156906396150589,-9.914523124694824
1776636451059.1638,0.18632633984088898,0.127486452460289,-9.92432975769043
1776636451069.0784,0.16671304404735565,0.14709974825382233,-9.914523124694824
1776636451078.993,0.17651969194412231,0.13729310035705566,-9.92432975769043
1776636451088.9077,0.16671304404735565,0.127486452460289,-9.934136390686035
1776636451098.8213,0.18632633984088898,0.127486452460289,-9.914523124694824
1776636451108.7349,0.16671304404735565,0.14709974825382233,-9.934136390686035
1776636451118.6494,0.17651969194412231,0.13729310035705566,-9.934136390686035
1776636451128.5642,0.17651969194412231,0.13729310035705566,-9.92432975769043
1776636451138.4778,0.17651969194412231,0.13729310035705566,-9.904716491699219
1776636451148.3923,0.18632633984088898,0.14709974825382233,-9.92432975769043
1776636451158.3071,0.16671304404735565,0.14709974825382233,-9.934136390686035
1776636451168.2207,0.18632633984088898,0.13729310035705566,-9.92432975769043
1776636451178.1353,0.18632633984088898,0.127486452460289,-9.934136390686035
1776636451188.0479,0.17651969194412231,0.14709974825382233,-9.934136390686035
1776636451197.9614,0.17651969194412231,0.14709974825382233,-9.92432975769043
1776636451207.8762,0.17651969194412231,0.14709974825382233,-9.94394302368164
1776636451217.7898,0.16671304404735565,0.13729310035705566,-9.914523124694824
1776636451227.7034,0.17651969194412231,0.14709974825382233,-9.92432975769043
1776636451237.617,0.18632633984088898,0.13729310035705566,-9.92432975769043
1776636451247.5305,0.18632633984088898,0.156906396150589,-9.92432975769043
1776636451257.445,0.17651969194412231,0.13729310035705566,-9.92432975769043
1776636451267.3599,0.17651969194412231,0.13729310035705566,-9.934136390686035
1776636451277.2734,0.17651969194412231,0.14709974825382233,-9.92432975769043
1776636451287.188,0.17651969194412231,0.13729310035705566,-9.92432975769043
1776636451297.1025,0.16671304404735565,0.13729310035705566,-9.914523124694824
1776636451307.0164,0.16671304404735565,0.13729310035705566,-9.92432975769043
1776636451316.93,0.16671304404735565,0.127486452460289,-9.92432975769043
1776636451326.8445,0.17651969194412231,0.13729310035705566,-9.914523124694824
1776636451336.759,0.16671304404735565,0.13729310035705566,-9.94394302368164
1776636451346.6736,0.16671304404735565,0.14709974825382233,-9.94394302368164
1776636451356.5884,0.17651969194412231,0.13729310035705566,-9.953749656677246
1776636451366.503,0.18632633984088898,0.127486452460289,-9.92432975769043
1776636451376.4175,0.16671304404735565,0.14709974825382233,-9.92432975769043
1776636451386.333,0.17651969194412231,0.13729310035705566,-9.94394302368164
1776636451396.2466,0.18632633984088898,0.13729310035705566,-9.92432975769043
1776636451406.1604,0.18632633984088898,0.13729310035705566,-9.934136390686035
1776636451416.074,0.18632633984088898,0.13729310035705566,-9.934136390686035
1776636451425.9885,0.16671304404735565,0.14709974825382233,-9.934136390686035
1776636451435.902,0.18632633984088898,0.13729310035705566,-9.92432975769043
1776636451445.8167,0.16671304404735565,0.13729310035705566,-9.92432975769043
1776636451455.7312,0.17651969194412231,0.14709974825382233,-9.92432975769043
1776636451465.645,0.17651969194412231,0.14709974825382233,-9.92432975769043
1776636451475.5596,0.17651969194412231,0.14709974825382233,-9.92432975769043
1776636451485.4731,0.18632633984088898,0.127486452460289,-9.934136390686035
1776636451495.3867,0.17651969194412231,0.127486452460289,-9.94394302368164
1776636451505.3013,0.16671304404735565,0.13729310035705566,-9.94394302368164
1776636451515.2148,0.17651969194412231,0.14709974825382233,-9.92432975769043
1776636451525.1274,0.16671304404735565,0.13729310035705566,-9.914523124694824
1776636451535.042,0.18632633984088898,0.127486452460289,-9.92432975769043
1776636451544.9556,0.18632633984088898,0.14709974825382233,-9.92432975769043
1776636451554.8691,0.17651969194412231,0.13729310035705566,-9.94394302368164
1776636451564.784,0.16671304404735565,0.13729310035705566,-9.94394302368164
1776636451574.6975,0.18632633984088898,0.13729310035705566,-9.92432975769043
1776636451584.612,0.16671304404735565,0.14709974825382233,-9.914523124694824
1776636451594.5256,0.156906396150589,0.14709974825382233,-9.92432975769043
1776636451604.4392,0.17651969194412231,0.13729310035705566,-9.92432975769043
1776636451614.3528,0.16671304404735565,0.13729310035705566,-9.934136390686035
1776636451624.2654,0.18632633984088898,0.14709974825382233,-9.92432975769043
1776636451634.178,0.18632633984088898,0.127486452460289,-9.94394302368164
1776636451644.0916,0.18632633984088898,0.127486452460289,-9.94394302368164
1776636451654.0051,0.18632633984088898,0.13729310035705566,-9.92432975769043
1776636451663.9197,0.18632633984088898,0.11767979711294174,-9.92432975769043
1776636451673.8333,0.17651969194412231,0.11767979711294174,-9.92432975769043
1776636451683.7468,0.16671304404735565,0.14709974825382233,-9.92432975769043
1776636451693.6604,0.16671304404735565,0.13729310035705566,-9.934136390686035
1776636451703.573,0.16671304404735565,0.13729310035705566,-9.934136390686035
1776636451713.4866,0.17651969194412231,0.13729310035705566,-9.934136390686035
1776636451723.4001,0.18632633984088898,0.14709974825382233,-9.92432975769043
1776636451733.3147,0.16671304404735565,0.13729310035705566,-9.92432975769043
1776636451743.2288,0.18632633984088898,0.13729310035705566,-9.94394302368164
1776636451753.1428,0.17651969194412231,0.13729310035705566,-9.92432975769043
1776636451763.057,0.17651969194412231,0.14709974825382233,-9.914523124694824
1776636451772.971,0.16671304404735565,0.13729310035705566,-9.934136390686035
1776636451782.8848,0.16671304404735565,0.13729310035705566,-9.934136390686035
1776636451792.7979,0.16671304404735565,0.13729310035705566,-9.92432975769043
1776636451802.712,0.16671304404735565,0.13729310035705566,-9.92432975769043
1776636451812.626,0.17651969194412231,0.13729310035705566,-9.934136390686035
1776636451822.541,0.18632633984088898,0.13729310035705566,-9.94394302368164
1776636451832.4548,0.17651969194412231,0.127486452460289,-9.934136390686035
1776636451842.3699,0.16671304404735565,0.14709974825382233,-9.92432975769043
1776636451852.285,0.17651969194412231,0.14709974825382233,-9.92432975769043
1776636451862.2,0.16671304404735565,0.13729310035705566,-9.92432975769043
1776636451872.115,0.17651969194412231,0.127486452460289,-9.94394302368164
1776636451882.03,0.16671304404735565,0.11767979711294174,-9.934136390686035
1776636451891.945,0.17651969194412231,0.127486452460289,-9.934136390686035
1776636451901.859,0.18632633984088898,0.14709974825382233,-9.92432975769043
1776636451911.774,0.17651969194412231,0.13729310035705566,-9.92432975769043
1776636451921.688,0.16671304404735565,0.11767979711294174,-9.934136390686035
1776636451931.603,0.17651969194412231,0.127486452460289,-9.92432975769043
1776636451941.517,0.16671304404735565,0.13729310035705566,-9.914523124694824
1776636451951.4321,0.18632633984088898,0.14709974825382233,-9.914523124694824
1776636451961.3462,0.17651969194412231,0.14709974825382233,-9.92432975769043
1776636451971.261,0.16671304404735565,0.13729310035705566,-9.934136390686035
1776636451981.175,0.156906396150589,0.13729310035705566,-9.92432975769043
1776636451991.089,0.16671304404735565,0.14709974825382233,-9.934136390686035
1776636452001.0032,0.16671304404735565,0.13729310035705566,-9.914523124694824
1776636452010.9182,0.17651969194412231,0.14709974825382233,-9.92432975769043
1776636452020.8323,0.17651969194412231,0.156906396150589,-9.92432975769043
1776636452030.7473,0.18632633984088898,0.156906396150589,-9.934136390686035
1776636452040.6611,0.18632633984088898,0.13729310035705566,-9.94394302368164
1776636452050.5752,0.18632633984088898,0.13729310035705566,-9.934136390686035
1776636452060.4902,0.17651969194412231,0.13729310035705566,-9.92432975769043
1776636452070.4043,0.16671304404735565,0.13729310035705566,-9.914523124694824
1776636452080.3184,0.17651969194412231,0.14709974825382233,-9.904716491699219
1776636452090.2324,0.17651969194412231,0.14709974825382233,-9.914523124694824
1776636452100.1462,0.16671304404735565,0.13729310035705566,-9.934136390686035
1776636452110.0613,0.17651969194412231,0.13729310035705566,-9.914523124694824
1776636452119.9753,0.17651969194412231,0.14709974825382233,-9.92432975769043
1776636452129.8904,0.17651969194412231,0.11767979711294174,-9.934136390686035
1776636452139.8054,0.18632633984088898,0.14709974825382233,-9.934136390686035
1776636452149.7205,0.19613298773765564,0.156906396150589,-9.92432975769043
1776636452159.6345,0.17651969194412231,0.14709974825382233,-9.92432975769043
1776636452169.5496,0.16671304404735565,0.127486452460289,-9.934136390686035
1776636452179.4646,0.17651969194412231,0.13729310035705566,-9.934136390686035
1776636452189.3796,0.17651969194412231,0.127486452460289,-9.914523124694824
1776636452199.2944,0.17651969194412231,0.13729310035705566,-9.914523124694824
1776636452209.2104,0.16671304404735565,0.127486452460289,-9.94394302368164
1776636452219.1245,0.16671304404735565,0.13729310035705566,-9.934136390686035
1776636452229.0396,0.17651969194412231,0.14709974825382233,-9.92432975769043
1776636452238.9546,0.17651969194412231,0.14709974825382233,-9.92432975769043
1776636452248.8687,0.16671304404735565,0.127486452460289,-9.934136390686035
1776636452258.7847,0.18632633984088898,0.13729310035705566,-9.92432975769043
1776636452268.6997,0.17651969194412231,0.13729310035705566,-9.92432975769043
1776636452278.6138,0.18632633984088898,0.127486452460289,-9.934136390686035
1776636452288.5288,0.17651969194412231,0.127486452460289,-9.92432975769043
1776636452298.4448,0.18632633984088898,0.13729310035705566,-9.914523124694824
1776636452308.3599,0.17651969194412231,0.13729310035705566,-9.92432975769043
1776636452318.274,0.16671304404735565,0.127486452460289,-9.92432975769043
1776636452328.189,0.18632633984088898,0.14709974825382233,-9.94394302368164
1776636452338.1038,0.18632633984088898,0.127486452460289,-9.934136390686035
1776636452348.0188,0.17651969194412231,0.13729310035705566,-9.934136390686035
1776636452357.9338,0.18632633984088898,0.13729310035705566,-9.92432975769043
1776636452367.8489,0.17651969194412231,0.14709974825382233,-9.934136390686035
1776636452377.765,0.16671304404735565,0.13729310035705566,-9.934136390686035
1776636452387.68,0.16671304404735565,0.13729310035705566,-9.94394302368164
1776636452397.595,0.17651969194412231,0.14709974825382233,-9.934136390686035
1776636452407.511,0.17651969194412231,0.13729310035705566,-9.934136390686035
1776636452417.427,0.17651969194412231,0.14709974825382233,-9.92432975769043
1776636452427.341,0.19613298773765564,0.14709974825382233,-9.904716491699219
1776636452437.256,0.17651969194412231,0.14709974825382233,-9.914523124694824
1776636452447.1702,0.16671304404735565,0.14709974825382233,-9.914523124694824
1776636452457.0842,0.16671304404735565,0.11767979711294174,-9.92432975769043
1776636452466.9993,0.18632633984088898,0.13729310035705566,-9.94394302368164
1776636452476.9143,0.17651969194412231,0.14709974825382233,-9.94394302368164
1776636452486.8284,0.17651969194412231,0.14709974825382233,-9.934136390686035
1776636452496.7434,0.16671304404735565,0.13729310035705566,-9.934136390686035
1776636452506.6575,0.17651969194412231,0.127486452460289,-9.914523124694824
1776636452516.5725,0.18632633984088898,0.13729310035705566,-9.92432975769043
1776636452526.4875,0.18632633984088898,0.11767979711294174,-9.914523124694824
1776636452536.4023,0.17651969194412231,0.13729310035705566,-9.914523124694824
1776636452546.3174,0.17651969194412231,0.127486452460289,-9.92432975769043
1776636452556.2336,0.17651969194412231,0.127486452460289,-9.94394302368164
1776636452566.1497,0.17651969194412231,0.13729310035705566,-9.94394302368164
1776636452576.0635,0.17651969194412231,0.13729310035705566,-9.92432975769043
1776636452585.9785,0.18632633984088898,0.13729310035705566,-9.914523124694824
1776636452595.8926,0.17651969194412231,0.13729310035705566,-9.92432975769043
1776636452605.8076,0.17651969194412231,0.13729310035705566,-9.914523124694824
1776636452615.7227,0.17651969194412231,0.14709974825382233,-9.904716491699219
1776636452625.6367,0.17651969194412231,0.14709974825382233,-9.92432975769043
1776636452635.5518,0.17651969194412231,0.14709974825382233,-9.94394302368164
1776636452645.4668,0.17651969194412231,0.13729310035705566,-9.934136390686035
1776636452655.3809,0.18632633984088898,0.14709974825382233,-9.934136390686035
1776636452665.295,0.18632633984088898,0.13729310035705566,-9.934136390686035
1776636452675.209,0.16671304404735565,0.127486452460289,-9.92432975769043
1776636452685.124,0.19613298773765564,0.13729310035705566,-9.92432975769043
1776636452695.039,0.18632633984088898,0.127486452460289,-9.92432975769043
1776636452704.954,0.17651969194412231,0.13729310035705566,-9.934136390686035
1776636452714.8682,0.17651969194412231,0.13729310035705566,-9.94394302368164
1776636452724.7822,0.17651969194412231,0.156906396150589,-9.92432975769043
1776636452734.696,0.18632633984088898,0.14709974825382233,-9.934136390686035
1776636452744.6113,0.18632633984088898,0.13729310035705566,-9.934136390686035
1776636452754.5266,0.17651969194412231,0.13729310035705566,-9.92432975769043
1776636452764.442,0.16671304404735565,0.13729310035705566,-9.94394302368164
1776636452774.3572,0.17651969194412231,0.14709974825382233,-9.934136390686035
1776636452784.2725,0.18632633984088898,0.14709974825382233,-9.934136390686035
1776636452794.1875,0.17651969194412231,0.14709974825382233,-9.92432975769043
1776636452804.1018,0.17651969194412231,0.13729310035705566,-9.92432975769043
1776636452814.016,0.17651969194412231,0.127486452460289,-9.934136390686035
1776636452823.9314,0.16671304404735565,0.13729310035705566,-9.914523124694824
1776636452833.8455,0.18632633984088898,0.127486452460289,-9.92432975769043
1776636452843.7607,0.16671304404735565,0.13729310035705566,-9.934136390686035
1776636452853.675,0.16671304404735565,0.127486452460289,-9.94394302368164
1776636452863.5903,0.18632633984088898,0.14709974825382233,-9.934136390686035
1776636452873.5046,0.18632633984088898,0.14709974825382233,-9.92432975769043
1776636452883.4197,0.17651969194412231,0.13729310035705566,-9.914523124694824
1776636452893.334,0.16671304404735565,0.127486452460289,-9.914523124694824
1776636452903.2483,0.16671304404735565,0.13729310035705566,-9.92432975769043
1776636452913.1636,0.18632633984088898,0.13729310035705566,-9.94394302368164
1776636452923.0789,0.17651969194412231,0.14709974825382233,-9.934136390686035
1776636452932.994,0.18632633984088898,0.14709974825382233,-9.92432975769043
1776636452942.9082,0.16671304404735565,0.13729310035705566,-9.92432975769043
1776636452952.8235,0.16671304404735565,0.13729310035705566,-9.934136390686035
1776636452962.7378,0.18632633984088898,0.13729310035705566,-9.92432975769043
1776636452972.652,0.17651969194412231,0.14709974825382233,-9.914523124694824
1776636452982.5671,0.16671304404735565,0.14709974825382233,-9.934136390686035
1776636452992.4824,0.17651969194412231,0.13729310035705566,-9.934136390686035
1776636453002.3977,0.18632633984088898,0.13729310035705566,-9.914523124694824
1776636453012.313,0.18632633984088898,0.13729310035705566,-9.92432975769043
1776636453022.2273,0.18632633984088898,0.14709974825382233,-9.934136390686035
1776636453032.1426,0.17651969194412231,0.13729310035705566,-9.934136390686035
1776636453042.0576,0.19613298773765564,0.13729310035705566,-9.934136390686035
1776636453051.973,0.16671304404735565,0.13729310035705566,-9.92432975769043
1776636453061.8882,0.16671304404735565,0.14709974825382233,-9.914523124694824
1776636453071.8035,0.19613298773765564,0.13729310035705566,-9.92432975769043
1776636453081.7188,0.17651969194412231,0.14709974825382233,-9.934136390686035
1776636453091.633,0.17651969194412231,0.13729310035705566,-9.92432975769043
1776636453101.547,0.17651969194412231,0.13729310035705566,-9.92432975769043
1776636453111.4634,0.17651969194412231,0.13729310035705566,-9.934136390686035
1776636453121.3777,0.17651969194412231,0.11767979711294174,-9.92432975769043
1776636453131.293,0.17651969194412231,0.13729310035705566,-9.92432975769043
1776636453141.2083,0.19613298773765564,0.127486452460289,-9.92432975769043
1776636453151.1226,0.18632633984088898,0.14709974825382233,-9.934136390686035
1776636453161.0366,0.16671304404735565,0.14709974825382233,-9.92432975769043
1776636453170.952,0.17651969194412231,0.13729310035705566,-9.92432975769043
1776636453180.8662,0.18632633984088898,0.14709974825382233,-9.934136390686035
1776636453190.7805,0.17651969194412231,0.14709974825382233,-9.934136390686035
1776636453200.6948,0.17651969194412231,0.127486452460289,-9.934136390686035
1776636453210.609,0.17651969194412231,0.13729310035705566,-9.92432975769043
1776636453220.5242,0.16671304404735565,0.11767979711294174,-9.934136390686035
1776636453230.4395,0.16671304404735565,0.127486452460289,-9.934136390686035
1776636453240.3547,0.17651969194412231,0.127486452460289,-9.92432975769043
1776636453250.27,0.17651969194412231,0.14709974825382233,-9.934136390686035
1776636453260.1853,0.17651969194412231,0.13729310035705566,-9.94394302368164
1776636453270.1006,0.17651969194412231,0.13729310035705566,-9.92432975769043
1776636453280.0146,0.17651969194412231,0.13729310035705566,-9.914523124694824
1776636453289.929,0.16671304404735565,0.14709974825382233,-9.934136390686035
1776636453299.8433,0.19613298773765564,0.127486452460289,-9.934136390686035
1776636453309.7585,0.19613298773765564,0.14709974825382233,-9.92432975769043
1776636453319.6729,0.19613298773765564,0.14709974825382233,-9.934136390686035
1776636453329.588,0.18632633984088898,0.14709974825382233,-9.92432975769043
1776636453339.5012,0.17651969194412231,0.127486452460289,-9.934136390686035
1776636453349.4155,0.18632633984088898,0.13729310035705566,-9.934136390686035
1776636453359.3308,0.18632633984088898,0.13729310035705566,-9.92432975769043
1776636453369.246,0.17651969194412231,0.13729310035705566,-9.934136390686035
1776636453379.1602,0.17651969194412231,0.127486452460289,-9.934136390686035
1776636453389.0745,0.17651969194412231,0.13729310035705566,-9.92432975769043
1776636453398.9888,0.156906396150589,0.127486452460289,-9.92432975769043
1776636453408.904,0.17651969194412231,0.13729310035705566,-9.94394302368164
1776636453418.8193,0.18632633984088898,0.127486452460289,-9.92432975769043
1776636453428.7346,0.19613298773765564,0.13729310035705566,-9.914523124694824
1776636453438.649,0.18632633984088898,0.13729310035705566,-9.92432975769043
1776636453448.563,0.18632633984088898,0.127486452460289,-9.914523124694824
1776636453458.4773,0.18632633984088898,0.13729310035705566,-9.934136390686035
1776636453468.3906,0.17651969194412231,0.13729310035705566,-9.92432975769043
1776636453478.305,0.19613298773765564,0.14709974825382233,-9.934136390686035
1776636453488.219,0.18632633984088898,0.13729310035705566,-9.934136390686035
1776636453498.1333,0.16671304404735565,0.14709974825382233,-9.934136390686035
1776636453508.0486,0.16671304404735565,0.13729310035705566,-9.934136390686035
1776636453517.962,0.16671304404735565,0.13729310035705566,-9.934136390686035
1776636453527.8762,0.16671304404735565,0.13729310035705566,-9.934136390686035
1776636453537.7903,0.17651969194412231,0.127486452460289,-9.914523124694824
1776636453547.7036,0.16671304404735565,0.13729310035705566,-9.914523124694824
1776636453557.618,0.18632633984088898,0.13729310035705566,-9.934136390686035
1776636453567.5312,0.17651969194412231,0.14709974825382233,-9.934136390686035
1776636453577.4443,0.17651969194412231,0.13729310035705566,-9.934136390686035
1776636453587.3586,0.17651969194412231,0.127486452460289,-9.934136390686035
1776636453597.272,0.18632633984088898,0.13729310035705566,-9.934136390686035
1776636453607.184,0.18632633984088898,0.13729310035705566,-9.92432975769043
1776636453617.0984,0.19613298773765564,0.14709974825382233,-9.934136390686035
1776636453627.0117,0.18632633984088898,0.14709974825382233,-9.94394302368164
1776636453636.925,0.17651969194412231,0.13729310035705566,-9.92432975769043
1776636453646.8381,0.17651969194412231,0.13729310035705566,-9.934136390686035
1776636453656.7524,0.16671304404735565,0.13729310035705566,-9.92432975769043
1776636453666.6667,0.16671304404735565,0.127486452460289,-9.914523124694824
1776636453676.58,0.17651969194412231,0.14709974825382233,-9.92432975769043
1776636453686.4934,0.16671304404735565,0.13729310035705566,-9.94394302368164
1776636453696.4065,0.16671304404735565,0.127486452460289,-9.92432975769043
1776636453706.3198,0.18632633984088898,0.13729310035705566,-9.934136390686035
1776636453716.2341,0.17651969194412231,0.14709974825382233,-9.914523124694824
1776636453726.1484,0.17651969194412231,0.13729310035705566,-9.934136390686035
1776636453736.0625,0.17651969194412231,0.13729310035705566,-9.934136390686035
1776636453745.9766,0.16671304404735565,0.13729310035705566,-9.934136390686035
1776636453755.8904,0.18632633984088898,0.127486452460289,-9.934136390686035
1776636453765.8044,0.17651969194412231,0.13729310035705566,-9.94394302368164
1776636453775.7173,0.17651969194412231,0.13729310035705566,-9.934136390686035
1776636453785.631,0.17651969194412231,0.14709974825382233,-9.92432975769043
1776636453795.5452,0.17651969194412231,0.13729310035705566,-9.934136390686035
1776636453805.459,0.18632633984088898,0.14709974825382233,-9.914523124694824
1776636453815.373,0.17651969194412231,0.13729310035705566,-9.914523124694824
1776636453825.286,0.17651969194412231,0.13729310035705566,-9.934136390686035
1776636453835.1997,0.18632633984088898,0.14709974825382233,-9.934136390686035
1776636453845.1138,0.16671304404735565,0.156906396150589,-9.92432975769043
1776636453855.0276,0.17651969194412231,0.13729310035705566,-9.934136390686035
1776636453864.9414,0.17651969194412231,0.13729310035705566,-9.92432975769043
1776636453874.8555,0.17651969194412231,0.14709974825382233,-9.934136390686035
1776636453884.7693,0.18632633984088898,0.13729310035705566,-9.934136390686035
1776636453894.6833,0.16671304404735565,0.14709974825382233,-9.934136390686035
1776636453904.5962,0.17651969194412231,0.14709974825382233,-9.934136390686035
1776636453914.509,0.18632633984088898,0.127486452460289,-9.934136390686035
1776636453924.422,0.17651969194412231,0.127486452460289,-9.92432975769043
1776636453934.336,0.18632633984088898,0.14709974825382233,-9.934136390686035
1776636453944.2488,0.18632633984088898,0.13729310035705566,-9.94394302368164
1776636453954.1606,0.16671304404735565,0.127486452460289,-9.934136390686035
1776636453964.0747,0.16671304404735565,0.13729310035705566,-9.94394302368164
1776636453973.9866,0.17651969194412231,0.13729310035705566,-9.914523124694824
1776636453983.8994,0.17651969194412231,0.13729310035705566,-9.934136390686035
1776636453993.8125,0.16671304404735565,0.127486452460289,-9.914523124694824
1776636454003.7253,0.16671304404735565,0.13729310035705566,-9.92432975769043
1776636454013.6382,0.16671304404735565,0.13729310035705566,-9.92432975769043
1776636454023.5532,0.16671304404735565,0.13729310035705566,-9.914523124694824
1776636454033.468,0.17651969194412231,0.127486452460289,-9.914523124694824
1776636454043.3818,0.18632633984088898,0.13729310035705566,-9.934136390686035
1776636454053.296,0.17651969194412231,0.14709974825382233,-9.92432975769043
1776636454063.2097,0.17651969194412231,0.13729310035705566,-9.94394302368164
1776636454073.1248,0.17651969194412231,0.127486452460289,-9.94394302368164
1776636454083.0386,0.17651969194412231,0.127486452460289,-9.934136390686035
1776636454092.9524,0.17651969194412231,0.14709974825382233,-9.934136390686035
1776636454102.8665,0.17651969194412231,0.127486452460289,-9.934136390686035
1776636454112.7803,0.18632633984088898,0.13729310035705566,-9.934136390686035
1776636454122.695,0.18632633984088898,0.127486452460289,-9.934136390686035
1776636454132.6091,0.16671304404735565,0.14709974825382233,-9.92432975769043
1776636454142.524,0.16671304404735565,0.13729310035705566,-9.92432975769043
1776636454152.438,0.16671304404735565,0.13729310035705566,-9.92432975769043
1776636454162.3518,0.17651969194412231,0.127486452460289,-9.934136390686035
1776636454172.2656,0.18632633984088898,0.13729310035705566,-9.92432975769043
1776636454182.1807,0.17651969194412231,0.13729310035705566,-9.914523124694824
1776636454192.0945,0.16671304404735565,0.13729310035705566,-9.92432975769043
1776636454202.0093,0.156906396150589,0.14709974825382233,-9.92432975769043
1776636454211.9233,0.17651969194412231,0.13729310035705566,-9.92432975769043
1776636474033.7522,0.16671304404735565,-0.18632633984088898,9.590903282165527
1776636474043.6682,0.17651969194412231,-0.2059396505355835,9.581096649169922
1776636474053.584,0.16671304404735565,-0.2059396505355835,9.590903282165527
1776636474063.4998,0.17651969194412231,-0.19613298773765564,9.590903282165527
1776636474073.4158,0.17651969194412231,-0.2059396505355835,9.590903282165527
1776636474083.3306,0.156906396150589,-0.2059396505355835,9.600709915161133
1776636474093.2473,0.16671304404735565,-0.19613298773765564,9.600709915161133
1776636474103.162,0.17651969194412231,-0.18632633984088898,9.590903282165527
1776636474113.0781,0.17651969194412231,-0.2059396505355835,9.590903282165527
1776636474122.994,0.16671304404735565,-0.19613298773765564,9.581096649169922
1776636474132.9087,0.16671304404735565,-0.19613298773765564,9.581096649169922
1776636474142.8237,0.17651969194412231,-0.19613298773765564,9.590903282165527
1776636474152.7385,0.17651969194412231,-0.19613298773765564,9.600709915161133
1776636474162.6543,0.17651969194412231,-0.19613298773765564,9.600709915161133
1776636474172.57,0.16671304404735565,-0.19613298773765564,9.600709915161133
1776636474182.485,0.156906396150589,-0.2059396505355835,9.590903282165527
1776636474192.401,0.16671304404735565,-0.19613298773765564,9.590903282165527
1776636474202.3167,0.156906396150589,-0.2059396505355835,9.590903282165527
1776636474212.2327,0.156906396150589,-0.19613298773765564,9.581096649169922
1776636474222.1484,0.16671304404735565,-0.19613298773765564,9.581096649169922
1776636474232.0632,0.16671304404735565,-0.19613298773765564,9.590903282165527
1776636474241.979,0.17651969194412231,-0.19613298773765564,9.571290016174316
1776636474251.895,0.17651969194412231,-0.19613298773765564,9.590903282165527
1776636474261.8098,0.17651969194412231,-0.19613298773765564,9.590903282165527
1776636474271.7256,0.16671304404735565,-0.19613298773765564,9.610516548156738
1776636474281.6414,0.16671304404735565,-0.19613298773765564,9.610516548156738
1776636474291.5564,0.156906396150589,-0.19613298773765564,9.600709915161133
1776636474301.4712,0.16671304404735565,-0.19613298773765564,9.600709915161133
1776636474311.387,0.16671304404735565,-0.2059396505355835,9.581096649169922
1776636474321.3018,0.16671304404735565,-0.18632633984088898,9.561483383178711
1776636474331.2178,0.17651969194412231,-0.19613298773765564,9.581096649169922
1776636474341.1326,0.156906396150589,-0.2059396505355835,9.590903282165527
1776636474351.0474,0.18632633984088898,-0.19613298773765564,9.590903282165527
1776636474360.9622,0.17651969194412231,-0.19613298773765564,9.590903282165527
1776636474370.877,0.156906396150589,-0.2059396505355835,9.610516548156738
1776636474380.792,0.16671304404735565,-0.19613298773765564,9.590903282165527
1776636474390.7078,0.16671304404735565,-0.19613298773765564,9.581096649169922
1776636474400.6235,0.17651969194412231,-0.19613298773765564,9.581096649169922
1776636474410.5383,0.17651969194412231,-0.19613298773765564,9.581096649169922
1776636474420.4543,0.16671304404735565,-0.19613298773765564,9.600709915161133
1776636474430.37,0.16671304404735565,-0.21574629843235016,9.590903282165527
1776636474440.286,0.16671304404735565,-0.2059396505355835,9.590903282165527
1776636474450.2017,0.16671304404735565,-0.19613298773765564,9.590903282165527
1776636474460.1187,0.16671304404735565,-0.21574629843235016,9.590903282165527
1776636474470.0344,0.16671304404735565,-0.2059396505355835,9.590903282165527
1776636474479.9502,0.16671304404735565,-0.19613298773765564,9.561483383178711
1776636474489.8672,0.16671304404735565,-0.2059396505355835,9.581096649169922
1776636474499.782,0.17651969194412231,-0.19613298773765564,9.590903282165527
1776636474509.6968,0.17651969194412231,-0.2059396505355835,9.581096649169922
1776636474519.6125,0.16671304404735565,-0.2059396505355835,9.590903282165527
1776636474529.5283,0.16671304404735565,-0.2059396505355835,9.590903282165527
1776636474539.4443,0.16671304404735565,-0.2059396505355835,9.590903282165527
1776636474549.3591,0.16671304404735565,-0.2059396505355835,9.600709915161133
1776636474559.274,0.16671304404735565,-0.2059396505355835,9.590903282165527
1776636474569.1887,0.156906396150589,-0.19613298773765564,9.600709915161133
1776636474579.1035,0.16671304404735565,-0.18632633984088898,9.600709915161133
1776636474589.0195,0.17651969194412231,-0.19613298773765564,9.590903282165527
1776636474598.9343,0.16671304404735565,-0.19613298773765564,9.600709915161133
1776636474608.85,0.16671304404735565,-0.2059396505355835,9.600709915161133
1776636474618.765,0.17651969194412231,-0.19613298773765564,9.581096649169922
1776636474628.6797,0.17651969194412231,-0.19613298773765564,9.590903282165527
1776636474638.5955,0.16671304404735565,-0.19613298773765564,9.590903282165527
1776636474648.5115,0.17651969194412231,-0.19613298773765564,9.590903282165527
1776636474658.4272,0.18632633984088898,-0.2059396505355835,9.590903282165527
1776636474668.342,0.156906396150589,-0.18632633984088898,9.600709915161133
1776636474678.2578,0.17651969194412231,-0.2059396505355835,9.581096649169922
1776636474688.1748,0.16671304404735565,-0.18632633984088898,9.590903282165527
1776636474698.0906,0.16671304404735565,-0.18632633984088898,9.581096649169922
1776636474708.0054,0.17651969194412231,-0.19613298773765564,9.581096649169922
1776636474717.9202,0.16671304404735565,-0.19613298773765564,9.600709915161133
1776636474727.836,0.16671304404735565,-0.19613298773765564,9.600709915161133
1776636474737.7517,0.17651969194412231,-0.18632633984088898,9.600709915161133
1776636474747.6667,0.17651969194412231,-0.18632633984088898,9.600709915161133
1776636474757.5828,0.16671304404735565,-0.18632633984088898,9.590903282165527
1776636474767.4976,0.17651969194412231,-0.19613298773765564,9.590903282165527
1776636474777.4126,0.18632633984088898,-0.18632633984088898,9.561483383178711
1776636474787.3274,0.156906396150589,-0.19613298773765564,9.581096649169922
1776636474797.2422,0.16671304404735565,-0.19613298773765564,9.590903282165527
1776636474807.1572,0.16671304404735565,-0.19613298773765564,9.590903282165527
1776636474817.072,0.156906396150589,-0.19613298773765564,9.610516548156738
1776636474826.9858,0.156906396150589,-0.19613298773765564,9.610516548156738
1776636474836.901,0.16671304404735565,-0.2059396505355835,9.600709915161133
1776636474846.8147,0.16671304404735565,-0.19613298773765564,9.600709915161133
1776636474856.7297,0.156906396150589,-0.18632633984088898,9.590903282165527
1776636474866.6445,0.17651969194412231,-0.18632633984088898,9.581096649169922
1776636474876.5593,0.16671304404735565,-0.18632633984088898,9.581096649169922
1776636474886.4734,0.16671304404735565,-0.19613298773765564,9.590903282165527
1776636474896.3892,0.14709974825382233,-0.19613298773765564,9.590903282165527
1776636474906.304,0.156906396150589,-0.19613298773765564,9.590903282165527
1776636474916.218,0.16671304404735565,-0.19613298773765564,9.600709915161133
1776636474926.1328,0.16671304404735565,-0.19613298773765564,9.600709915161133
1776636474936.0479,0.16671304404735565,-0.21574629843235016,9.581096649169922
1776636474945.9626,0.17651969194412231,-0.18632633984088898,9.581096649169922
1776636474955.8774,0.17651969194412231,-0.19613298773765564,9.581096649169922
1776636474965.7935,0.16671304404735565,-0.2059396505355835,9.581096649169922
1776636474975.7083,0.16671304404735565,-0.19613298773765564,9.581096649169922
1776636474985.6243,0.16671304404735565,-0.19613298773765564,9.600709915161133
1776636474995.54,0.16671304404735565,-0.19613298773765564,9.590903282165527
1776636475005.4548,0.16671304404735565,-0.19613298773765564,9.581096649169922
1776636475015.3699,0.16671304404735565,-0.19613298773765564,9.590903282165527
1776636475025.2847,0.16671304404735565,-0.19613298773765564,9.581096649169922
1776636475035.1997,0.16671304404735565,-0.19613298773765564,9.581096649169922
1776636475045.1135,0.17651969194412231,-0.19613298773765564,9.600709915161133
1776636475055.0283,0.16671304404735565,-0.19613298773765564,9.600709915161133
1776636475064.9434,0.16671304404735565,-0.2059396505355835,9.610516548156738
1776636475074.8591,0.16671304404735565,-0.2059396505355835,9.590903282165527
1776636475084.774,0.17651969194412231,-0.19613298773765564,9.590903282165527
1776636475094.689,0.16671304404735565,-0.21574629843235016,9.581096649169922
1776636475104.6038,0.17651969194412231,-0.19613298773765564,9.600709915161133
1776636475114.5195,0.16671304404735565,-0.19613298773765564,9.600709915161133
1776636475124.4355,0.17651969194412231,-0.18632633984088898,9.581096649169922
1776636475134.3503,0.17651969194412231,-0.2059396505355835,9.581096649169922
1776636475144.2664,0.17651969194412231,-0.2059396505355835,9.581096649169922
1776636475154.1821,0.16671304404735565,-0.18632633984088898,9.590903282165527
1776636475164.099,0.18632633984088898,-0.2059396505355835,9.600709915161133
1776636475174.014,0.17651969194412231,-0.2059396505355835,9.590903282165527
1776636475183.9297,0.14709974825382233,-0.19613298773765564,9.600709915161133
1776636475193.8447,0.156906396150589,-0.22555294632911682,9.590903282165527
1776636475203.7615,0.16671304404735565,-0.21574629843235016,9.581096649169922
1776636475213.6775,0.16671304404735565,-0.19613298773765564,9.571290016174316
1776636475223.5933,0.16671304404735565,-0.19613298773765564,9.571290016174316
1776636475233.5093,0.16671304404735565,-0.2059396505355835,9.581096649169922
1776636475243.424,0.18632633984088898,-0.2059396505355835,9.590903282165527
1776636475253.3389,0.16671304404735565,-0.19613298773765564,9.600709915161133
1776636475263.254,0.17651969194412231,-0.21574629843235016,9.590903282165527
1776636475273.1687,0.16671304404735565,-0.19613298773765564,9.600709915161133
1776636475283.0835,0.17651969194412231,-0.19613298773765564,9.571290016174316
1776636475292.9985,0.17651969194412231,-0.19613298773765564,9.571290016174316
1776636475302.9143,0.16671304404735565,-0.19613298773765564,9.600709915161133
1776636475312.83,0.16671304404735565,-0.21574629843235016,9.571290016174316
1776636475322.745,0.17651969194412231,-0.2059396505355835,9.571290016174316
1776636475332.659,0.16671304404735565,-0.18632633984088898,9.600709915161133
1776636475342.5737,0.17651969194412231,-0.2059396505355835,9.590903282165527
1776636475352.4888,0.17651969194412231,-0.2059396505355835,9.590903282165527
1776636475362.4036,0.17651969194412231,-0.2059396505355835,9.590903282165527
1776636475372.3184,0.16671304404735565,-0.2059396505355835,9.590903282165527
1776636475382.2332,0.16671304404735565,-0.18632633984088898,9.581096649169922
1776636475392.1492,0.16671304404735565,-0.2059396505355835,9.600709915161133
1776636475402.064,0.16671304404735565,-0.2059396505355835,9.590903282165527
1776636475411.98,0.156906396150589,-0.19613298773765564,9.600709915161133
1776636475421.8948,0.16671304404735565,-0.2059396505355835,9.600709915161133
1776636475431.8096,0.16671304404735565,-0.2059396505355835,9.590903282165527
1776636475441.7244,0.16671304404735565,-0.19613298773765564,9.590903282165527
1776636475451.6404,0.17651969194412231,-0.18632633984088898,9.581096649169922
1776636475461.5562,0.18632633984088898,-0.2059396505355835,9.581096649169922
1776636475471.4712,0.16671304404735565,-0.2059396505355835,9.590903282165527
1776636475481.386,0.16671304404735565,-0.19613298773765564,9.590903282165527
1776636475491.3018,0.17651969194412231,-0.2059396505355835,9.590903282165527
1776636475501.2168,0.16671304404735565,-0.19613298773765564,9.600709915161133
1776636475511.1326,0.17651969194412231,-0.2059396505355835,9.600709915161133
1776636475521.0483,0.16671304404735565,-0.21574629843235016,9.590903282165527
1776636475530.9644,0.16671304404735565,-0.19613298773765564,9.590903282165527
1776636475540.8801,0.17651969194412231,-0.2059396505355835,9.581096649169922
1776636475550.795,0.16671304404735565,-0.2059396505355835,9.590903282165527
1776636475560.71,0.17651969194412231,-0.19613298773765564,9.590903282165527
1776636475570.6248,0.16671304404735565,-0.2059396505355835,9.590903282165527
1776636475580.5396,0.16671304404735565,-0.2059396505355835,9.581096649169922
1776636475590.4543,0.18632633984088898,-0.2059396505355835,9.590903282165527
1776636475600.3704,0.17651969194412231,-0.19613298773765564,9.600709915161133
1776636475610.2852,0.17651969194412231,-0.19613298773765564,9.581096649169922
1776636475620.2,0.16671304404735565,-0.18632633984088898,9.590903282165527
1776636475630.115,0.16671304404735565,-0.19613298773765564,9.581096649169922
1776636475640.0308,0.156906396150589,-0.19613298773765564,9.571290016174316
1776636475649.9456,0.16671304404735565,-0.2059396505355835,9.581096649169922
1776636475659.8594,0.16671304404735565,-0.2059396505355835,9.590903282165527
1776636475669.7744,0.156906396150589,-0.19613298773765564,9.610516548156738
1776636475679.6882,0.16671304404735565,-0.19613298773765564,9.581096649169922
1776636475689.602,0.16671304404735565,-0.2059396505355835,9.581096649169922
1776636475699.5159,0.17651969194412231,-0.19613298773765564,9.590903282165527
1776636475709.4297,0.16671304404735565,-0.19613298773765564,9.581096649169922
1776636475719.3435,0.156906396150589,-0.2059396505355835,9.581096649169922
1776636475729.2576,0.17651969194412231,-0.19613298773765564,9.581096649169922
1776636475739.1724,0.16671304404735565,-0.19613298773765564,9.590903282165527
1776636475749.0872,0.14709974825382233,-0.19613298773765564,9.590903282165527
1776636475759.002,0.16671304404735565,-0.19613298773765564,9.590903282165527
1776636475768.917,0.16671304404735565,-0.2059396505355835,9.600709915161133
1776636475778.8318,0.16671304404735565,-0.2059396505355835,9.590903282165527
1776636475788.7476,0.156906396150589,-0.2059396505355835,9.581096649169922
1776636475798.6626,0.156906396150589,-0.2059396505355835,9.600709915161133
1776636475808.5774,0.17651969194412231,-0.19613298773765564,9.590903282165527
1776636475818.4922,0.16671304404735565,-0.19613298773765564,9.590903282165527
1776636475828.407,0.16671304404735565,-0.19613298773765564,9.600709915161133
1776636475838.322,0.16671304404735565,-0.2059396505355835,9.581096649169922
1776636475848.2368,0.156906396150589,-0.19613298773765564,9.581096649169922
1776636475858.1516,0.16671304404735565,-0.2059396505355835,9.581096649169922
1776636475868.0654,0.16671304404735565,-0.19613298773765564,9.590903282165527
1776636475877.9802,0.17651969194412231,-0.21574629843235016,9.590903282165527
1776636475887.8943,0.16671304404735565,-0.2059396505355835,9.600709915161133
1776636475897.809,0.17651969194412231,-0.2059396505355835,9.600709915161133
1776636475907.7249,0.17651969194412231,-0.19613298773765564,9.571290016174316
1776636475917.6396,0.17651969194412231,-0.2059396505355835,9.581096649169922
1776636475927.5557,0.18632633984088898,-0.2059396505355835,9.590903282165527
1776636475937.4714,0.17651969194412231,-0.21574629843235016,9.590903282165527
1776636475947.3862,0.16671304404735565,-0.2059396505355835,9.600709915161133
1776636475957.301,0.156906396150589,-0.19613298773765564,9.590903282165527
1776636475967.215,0.16671304404735565,-0.17651969194412231,9.561483383178711
1776636475977.13,0.17651969194412231,-0.19613298773765564,9.590903282165527
1776636475987.0447,0.17651969194412231,-0.2059396505355835,9.600709915161133
1776636475996.9595,0.16671304404735565,-0.19613298773765564,9.581096649169922
1776636476006.8743,0.156906396150589,-0.19613298773765564,9.590903282165527
1776636476016.7893,0.156906396150589,-0.2059396505355835,9.600709915161133
1776636476026.7031,0.17651969194412231,-0.19613298773765564,9.581096649169922
1776636476036.619,0.16671304404735565,-0.19613298773765564,9.581096649169922
1776636476046.5327,0.18632633984088898,-0.19613298773765564,9.581096649169922
1776636476056.4487,0.16671304404735565,-0.18632633984088898,9.590903282165527
1776636476066.3625,0.16671304404735565,-0.19613298773765564,9.590903282165527
1776636476076.2773,0.17651969194412231,-0.19613298773765564,9.590903282165527
1776636476086.1921,0.17651969194412231,-0.19613298773765564,9.581096649169922
1776636476096.108,0.16671304404735565,-0.19613298773765564,9.600709915161133
1776636476106.024,0.156906396150589,-0.2059396505355835,9.590903282165527
1776636476115.9387,0.17651969194412231,-0.19613298773765564,9.571290016174316
1776636476125.8535,0.17651969194412231,-0.19613298773765564,9.571290016174316
1776636476135.7693,0.17651969194412231,-0.19613298773765564,9.590903282165527
1776636476145.683,0.17651969194412231,-0.2059396505355835,9.581096649169922
1776636476155.5981,0.16671304404735565,-0.19613298773765564,9.590903282165527
1776636476165.512,0.16671304404735565,-0.2059396505355835,9.600709915161133
1776636476175.4258,0.156906396150589,-0.19613298773765564,9.600709915161133
1776636476185.3406,0.16671304404735565,-0.19613298773765564,9.590903282165527
1776636476195.2563,0.17651969194412231,-0.2059396505355835,9.581096649169922
1776636476205.1711,0.16671304404735565,-0.19613298773765564,9.590903282165527
1776636476215.0862,0.16671304404735565,-0.19613298773765564,9.581096649169922
1776636476225.0,0.18632633984088898,-0.19613298773765564,9.590903282165527
1776636476234.9148,0.16671304404735565,-0.19613298773765564,9.600709915161133
1776636476244.8286,0.14709974825382233,-0.19613298773765564,9.590903282165527
1776636476254.7434,0.16671304404735565,-0.19613298773765564,9.590903282165527
1776636476264.6572,0.17651969194412231,-0.18632633984088898,9.581096649169922
1776636476274.572,0.17651969194412231,-0.19613298773765564,9.581096649169922
1776636476284.4858,0.14709974825382233,-0.19613298773765564,9.581096649169922
1776636476294.4006,0.156906396150589,-0.2059396505355835,9.590903282165527
1776636476304.3147,0.17651969194412231,-0.18632633984088898,9.600709915161133
1776636476314.2285,0.17651969194412231,-0.18632633984088898,9.590903282165527
1776636476324.1433,0.16671304404735565,-0.2059396505355835,9.610516548156738
1776636476334.0571,0.16671304404735565,-0.19613298773765564,9.610516548156738
1776636476343.971,0.18632633984088898,-0.2059396505355835,9.581096649169922
1776636476353.8848,0.17651969194412231,-0.2059396505355835,9.581096649169922
1776636476363.7986,0.17651969194412231,-0.19613298773765564,9.571290016174316
1776636476373.7124,0.17651969194412231,-0.2059396505355835,9.581096649169922
1776636476383.6262,0.156906396150589,-0.19613298773765564,9.590903282165527
1776636476393.54,0.16671304404735565,-0.2059396505355835,9.600709915161133
1776636476403.4539,0.16671304404735565,-0.2059396505355835,9.600709915161133
1776636476413.3687,0.17651969194412231,-0.19613298773765564,9.590903282165527
1776636476423.2825,0.17651969194412231,-0.18632633984088898,9.590903282165527
1776636476433.1963,0.156906396150589,-0.19613298773765564,9.581096649169922
1776636476443.111,0.156906396150589,-0.19613298773765564,9.590903282165527
1776636476453.025,0.17651969194412231,-0.19613298773765564,9.600709915161133
1776636476462.94,0.16671304404735565,-0.19613298773765564,9.600709915161133
1776636476472.8547,0.156906396150589,-0.19613298773765564,9.590903282165527
1776636476482.7686,0.17651969194412231,-0.18632633984088898,9.600709915161133
1776636476492.6833,0.16671304404735565,-0.19613298773765564,9.590903282165527
1776636476502.5981,0.16671304404735565,-0.2059396505355835,9.590903282165527
1776636476512.512,0.16671304404735565,-0.19613298773765564,9.571290016174316
1776636476522.4277,0.16671304404735565,-0.2059396505355835,9.600709915161133
1776636476532.3416,0.17651969194412231,-0.2059396505355835,9.610516548156738
1776636476542.2563,0.17651969194412231,-0.19613298773765564,9.590903282165527
1776636476552.1702,0.156906396150589,-0.2059396505355835,9.581096649169922
1776636476562.085,0.156906396150589,-0.2059396505355835,9.600709915161133
1776636476571.9988,0.16671304404735565,-0.19613298773765564,9.581096649169922
1776636476581.9138,0.16671304404735565,-0.2059396505355835,9.581096649169922
1776636476591.8286,0.16671304404735565,-0.2059396505355835,9.590903282165527
1776636476601.7434,0.156906396150589,-0.2059396505355835,9.600709915161133
1776636476611.6582,0.17651969194412231,-0.22555294632911682,9.600709915161133
1776636476621.574,0.16671304404735565,-0.2059396505355835,9.590903282165527
1776636476631.4888,0.16671304404735565,-0.19613298773765564,9.590903282165527
1776636476641.4036,0.16671304404735565,-0.2059396505355835,9.581096649169922
1776636476651.3184,0.16671304404735565,-0.19613298773765564,9.590903282165527
1776636476661.2332,0.156906396150589,-0.19613298773765564,9.590903282165527
1776636476671.149,0.156906396150589,-0.18632633984088898,9.590903282165527
1776636476681.065,0.16671304404735565,-0.2059396505355835,9.600709915161133
1776636476690.9807,0.17651969194412231,-0.19613298773765564,9.581096649169922
1776636476700.8965,0.156906396150589,-0.21574629843235016,9.590903282165527
1776636476710.8123,0.16671304404735565,-0.19613298773765564,9.600709915161133
1776636476720.727,0.17651969194412231,-0.19613298773765564,9.600709915161133
1776636476730.6428,0.16671304404735565,-0.19613298773765564,9.590903282165527
1776636476740.5576,0.17651969194412231,-0.19613298773765564,9.590903282165527
1776636476750.4727,0.16671304404735565,-0.2059396505355835,9.600709915161133
1776636476760.3875,0.156906396150589,-0.18632633984088898,9.590903282165527
1776636476770.301,0.16671304404735565,-0.18632633984088898,9.561483383178711
1776636476780.2158,0.17651969194412231,-0.18632633984088898,9.581096649169922
1776636476790.1306,0.16671304404735565,-0.2059396505355835,9.590903282165527
1776636476800.0454,0.16671304404735565,-0.2059396505355835,9.590903282165527
1776636476809.9592,0.16671304404735565,-0.19613298773765564,9.590903282165527
1776636476819.874,0.17651969194412231,-0.2059396505355835,9.600709915161133
1776636476829.7876,0.17651969194412231,-0.19613298773765564,9.590903282165527
1776636476839.7024,0.156906396150589,-0.17651969194412231,9.581096649169922
1776636476849.6162,0.16671304404735565,-0.19613298773765564,9.590903282165527
1776636476859.531,0.16671304404735565,-0.19613298773765564,9.581096649169922
1776636476869.4448,0.16671304404735565,-0.2059396505355835,9.590903282165527
1776636476879.3584,0.17651969194412231,-0.19613298773765564,9.590903282165527
1776636476889.2742,0.156906396150589,-0.19613298773765564,9.581096649169922
1776636476899.189,0.17651969194412231,-0.19613298773765564,9.590903282165527
1776636476909.1038,0.17651969194412231,-0.19613298773765564,9.590903282165527
1776636476919.0176,0.16671304404735565,-0.19613298773765564,9.571290016174316
1776636476928.9324,0.156906396150589,-0.2059396505355835,9.581096649169922
1776636476938.847,0.16671304404735565,-0.2059396505355835,9.610516548156738
1776636476948.7617,0.156906396150589,-0.21574629843235016,9.600709915161133
1776636476958.6755,0.16671304404735565,-0.19613298773765564,9.590903282165527
1776636476968.5903,0.18632633984088898,-0.2059396505355835,9.571290016174316
1776636476978.5051,0.18632633984088898,-0.2059396505355835,9.590903282165527
1776636476988.4187,0.18632633984088898,-0.19613298773765564,9.590903282165527
1776636476998.3325,0.16671304404735565,-0.19613298773765564,9.600709915161133
1776636477008.2463,0.16671304404735565,-0.19613298773765564,9.590903282165527
1776636477018.1611,0.156906396150589,-0.18632633984088898,9.581096649169922
1776636477028.0747,0.16671304404735565,-0.19613298773765564,9.590903282165527
1776636477037.9875,0.16671304404735565,-0.19613298773765564,9.571290016174316
1776636477047.9014,0.16671304404735565,-0.19613298773765564,9.590903282165527
1776636477057.814,0.16671304404735565,-0.19613298773765564,9.600709915161133
1776636477067.7268,0.17651969194412231,-0.2059396505355835,9.571290016174316
1776636477077.6404,0.16671304404735565,-0.19613298773765564,9.581096649169922
1776636477087.5542,0.16671304404735565,-0.19613298773765564,9.590903282165527
1776636477097.469,0.17651969194412231,-0.19613298773765564,9.590903282165527
1776636477107.3826,0.16671304404735565,-0.2059396505355835,9.590903282165527
1776636477117.2964,0.17651969194412231,-0.19613298773765564,9.581096649169922
1776636477127.2102,0.16671304404735565,-0.19613298773765564,9.590903282165527
1776636477137.1238,0.17651969194412231,-0.19613298773765564,9.600709915161133
1776636477147.0386,0.156906396150589,-0.2059396505355835,9.590903282165527
1776636477156.9524,0.16671304404735565,-0.2059396505355835,9.590903282165527
1776636477166.865,0.16671304404735565,-0.19613298773765564,9.600709915161133
1776636477176.7788,0.17651969194412231,-0.19613298773765564,9.600709915161133
1776636477186.6926,0.156906396150589,-0.2059396505355835,9.600709915161133
1776636477196.6062,0.16671304404735565,-0.2059396505355835,9.581096649169922
1776636477206.52,0.17651969194412231,-0.19613298773765564,9.590903282165527
1776636477216.4348,0.17651969194412231,-0.19613298773765564,9.571290016174316
1776636477226.3484,0.16671304404735565,-0.21574629843235016,9.571290016174316
1776636477236.2622,0.156906396150589,-0.2059396505355835,9.581096649169922
1776636477246.1768,0.156906396150589,-0.19613298773765564,9.590903282165527
1776636477256.0906,0.17651969194412231,-0.19613298773765564,9.600709915161133
1776636477266.0054,0.16671304404735565,-0.2059396505355835,9.600709915161133
1776636477275.92,0.16671304404735565,-0.19613298773765564,9.581096649169922
1776636477285.8337,0.156906396150589,-0.18632633984088898,9.581096649169922
1776636477295.7485,0.16671304404735565,-0.2059396505355835,9.581096649169922
1776636477305.662,0.16671304404735565,-0.19613298773765564,9.581096649169922
1776636477315.576,0.16671304404735565,-0.19613298773765564,9.600709915161133
1776636477325.4895,0.16671304404735565,-0.19613298773765564,9.600709915161133
1776636477335.4043,0.17651969194412231,-0.18632633984088898,9.581096649169922
1776636477345.318,0.16671304404735565,-0.18632633984088898,9.571290016174316
1776636477355.2317,0.16671304404735565,-0.19613298773765564,9.571290016174316
1776636477365.1465,0.17651969194412231,-0.19613298773765564,9.581096649169922
1776636477375.0603,0.16671304404735565,-0.19613298773765564,9.600709915161133
1776636477384.9749,0.156906396150589,-0.18632633984088898,9.590903282165527
1776636477394.8896,0.16671304404735565,-0.18632633984088898,9.600709915161133
1776636477404.8042,0.17651969194412231,-0.19613298773765564,9.600709915161133
1776636477414.719,0.16671304404735565,-0.19613298773765564,9.590903282165527
1776636477424.6328,0.16671304404735565,-0.2059396505355835,9.600709915161133
1776636477434.5464,0.17651969194412231,-0.2059396505355835,9.581096649169922
1776636477444.4592,0.156906396150589,-0.19613298773765564,9.581096649169922
1776636477454.3728,0.16671304404735565,-0.18632633984088898,9.590903282165527
1776636477464.2866,0.16671304404735565,-0.2059396505355835,9.590903282165527
1776636477474.1992,0.18632633984088898,-0.2059396505355835,9.590903282165527
1776636477484.114,0.16671304404735565,-0.19613298773765564,9.600709915161133
1776636477494.0276,0.17651969194412231,-0.19613298773765564,9.590903282165527
1776636477503.9424,0.17651969194412231,-0.18632633984088898,9.581096649169922
1776636477513.856,0.17651969194412231,-0.19613298773765564,9.590903282165527
1776636477523.7698,0.17651969194412231,-0.19613298773765564,9.571290016174316
1776636477533.6843,0.156906396150589,-0.19613298773765564,9.581096649169922
1776636477543.599,0.16671304404735565,-0.18632633984088898,9.590903282165527
1776636477553.514,0.16671304404735565,-0.2059396505355835,9.590903282165527
1776636477563.4285,0.16671304404735565,-0.2059396505355835,9.590903282165527
1776636477573.3433,0.17651969194412231,-0.19613298773765564,9.600709915161133
1776636477583.2578,0.156906396150589,-0.2059396505355835,9.590903282165527
1776636477593.1726,0.16671304404735565,-0.19613298773765564,9.571290016174316
1776636477603.0862,0.16671304404735565,-0.2059396505355835,9.600709915161133
1776636477613.001,0.16671304404735565,-0.2059396505355835,9.590903282165527
1776636477622.9155,0.17651969194412231,-0.18632633984088898,9.581096649169922
1776636477632.8293,0.17651969194412231,-0.19613298773765564,9.581096649169922
1776636477642.744,0.17651969194412231,-0.19613298773765564,9.590903282165527
1776636477652.6587,0.17651969194412231,-0.19613298773765564,9.590903282165527
1776636477662.5723,0.17651969194412231,-0.2059396505355835,9.600709915161133
1776636477672.487,0.16671304404735565,-0.2059396505355835,9.590903282165527
1776636477682.4006,0.17651969194412231,-0.2059396505355835,9.590903282165527
1776636477692.3154,0.17651969194412231,-0.2059396505355835,9.600709915161133
1776636477702.229,0.16671304404735565,-0.18632633984088898,9.600709915161133
1776636477712.1438,0.16671304404735565,-0.19613298773765564,9.600709915161133
1776636477722.0583,0.16671304404735565,-0.19613298773765564,9.581096649169922
1776636477731.9722,0.17651969194412231,-0.19613298773765564,9.571290016174316
1776636477741.8857,0.17651969194412231,-0.2059396505355835,9.581096649169922
1776636477751.8005,0.17651969194412231,-0.2059396505355835,9.581096649169922
1776636477761.7148,0.156906396150589,-0.2059396505355835,9.600709915161133
1776636477771.6294,0.16671304404735565,-0.2059396505355835,9.600709915161133
1776636477781.5452,0.16671304404735565,-0.2059396505355835,9.590903282165527
1776636477791.46,0.16671304404735565,-0.2059396505355835,9.581096649169922
1776636477801.3755,0.16671304404735565,-0.2059396505355835,9.581096649169922
1776636477811.2913,0.17651969194412231,-0.2059396505355835,9.581096649169922
1776636477821.205,0.17651969194412231,-0.2059396505355835,9.590903282165527
1776636477831.1206,0.17651969194412231,-0.2059396505355835,9.600709915161133
1776636477841.0354,0.16671304404735565,-0.2059396505355835,9.600709915161133
1776636477850.9502,0.18632633984088898,-0.2059396505355835,9.590903282165527
1776636477860.8657,0.16671304404735565,-0.19613298773765564,9.600709915161133
1776636477870.7805,0.16671304404735565,-0.2059396505355835,9.581096649169922
1776636477880.6953,0.17651969194412231,-0.19613298773765564,9.590903282165527
1776636477890.6099,0.18632633984088898,-0.19613298773765564,9.581096649169922
1776636477900.5266,0.17651969194412231,-0.2059396505355835,9.590903282165527
1776636477910.4414,0.17651969194412231,-0.19613298773765564,9.590903282165527
1776636477920.3562,0.156906396150589,-0.2059396505355835,9.590903282165527
1776636477930.2708,0.16671304404735565,-0.19613298773765564,9.600709915161133
1776636477940.1846,0.16671304404735565,-0.2059396505355835,9.590903282165527
1776636477950.099,0.17651969194412231,-0.19613298773765564,9.590903282165527
1776636477960.014,0.16671304404735565,-0.2059396505355835,9.590903282165527
1776636477969.9297,0.156906396150589,-0.2059396505355835,9.581096649169922
1776636477979.8455,0.16671304404735565,-0.2059396505355835,9.571290016174316
1776636477989.76,0.16671304404735565,-0.2059396505355835,9.571290016174316
1776636477999.6758,0.17651969194412231,-0.19613298773765564,9.590903282165527
1776636478009.5916,0.17651969194412231,-0.18632633984088898,9.610516548156738
1776636478019.5073,0.18632633984088898,-0.2059396505355835,9.590903282165527
1776636478029.4219,0.17651969194412231,-0.19613298773765564,9.590903282165527
1776636478039.3376,0.17651969194412231,-0.19613298773765564,9.600709915161133
1776636478049.2534,0.16671304404735565,-0.18632633984088898,9.590903282165527
1776636478059.1692,0.156906396150589,-0.18632633984088898,9.590903282165527
1776636478069.084,0.156906396150589,-0.19613298773765564,9.571290016174316
1776636478078.9985,0.16671304404735565,-0.19613298773765564,9.581096649169922
1776636478088.9133,0.16671304404735565,-0.21574629843235016,9.600709915161133
1776636478098.8281,0.156906396150589,-0.19613298773765564,9.610516548156738
1776636478108.744,0.156906396150589,-0.19613298773765564,9.590903282165527
1776636478118.6584,0.17651969194412231,-0.21574629843235016,9.590903282165527
1776636478128.5732,0.156906396150589,-0.21574629843235016,9.581096649169922
1776636478138.488,0.16671304404735565,-0.19613298773765564,9.581096649169922
1776636478148.4038,0.17651969194412231,-0.18632633984088898,9.590903282165527
1776636478158.3196,0.156906396150589,-0.2059396505355835,9.590903282165527
1776636478168.2341,0.16671304404735565,-0.19613298773765564,9.590903282165527
1776636478178.15,0.16671304404735565,-0.19613298773765564,9.590903282165527
1776636478188.0657,0.16671304404735565,-0.2059396505355835,9.590903282165527
1776636478197.9814,0.16671304404735565,-0.2059396505355835,9.600709915161133
1776636478207.8962,0.156906396150589,-0.2059396505355835,9.600709915161133
1776636478217.812,0.16671304404735565,-0.2059396505355835,9.590903282165527
1776636478227.7278,0.16671304404735565,-0.18632633984088898,9.581096649169922
1776636478237.6436,0.16671304404735565,-0.19613298773765564,9.581096649169922
1776636478247.5593,0.17651969194412231,-0.19613298773765564,9.590903282165527
1776636478257.4739,0.17651969194412231,-0.19613298773765564,9.590903282165527
1776636478267.3896,0.17651969194412231,-0.19613298773765564,9.600709915161133
1776636478277.3054,0.16671304404735565,-0.19613298773765564,9.600709915161133
1776636478287.2202,0.156906396150589,-0.2059396505355835,9.590903282165527
1776636478297.136,0.16671304404735565,-0.2059396505355835,9.581096649169922
1776636478307.0508,0.156906396150589,-0.2059396505355835,9.571290016174316
1776636478316.9656,0.16671304404735565,-0.19613298773765564,9.590903282165527
1776636478326.8801,0.16671304404735565,-0.19613298773765564,9.590903282165527
1776636478336.796,0.16671304404735565,-0.2059396505355835,9.590903282165527
1776636478346.7117,0.17651969194412231,-0.19613298773765564,9.590903282165527
1776636478356.6274,0.17651969194412231,-0.19613298773765564,9.581096649169922
1776636478366.5442,0.17651969194412231,-0.19613298773765564,9.590903282165527
1776636478376.46,0.16671304404735565,-0.19613298773765564,9.581096649169922
1776636478386.3767,0.16671304404735565,-0.2059396505355835,9.581096649169922
1776636478396.2937,0.17651969194412231,-0.2059396505355835,9.600709915161133
1776636478406.2104,0.16671304404735565,-0.21574629843235016,9.590903282165527
1776636478416.1262,0.16671304404735565,-0.19613298773765564,9.590903282165527
1776636478426.043,0.17651969194412231,-0.21574629843235016,9.590903282165527
1776636478435.9587,0.18632633984088898,-0.19613298773765564,9.581096649169922
1776636478445.8745,0.16671304404735565,-0.19613298773765564,9.590903282165527
1776636478455.7913,0.17651969194412231,-0.2059396505355835,9.600709915161133
1776636478465.706,0.16671304404735565,-0.19613298773765564,9.581096649169922
1776636478475.6218,0.156906396150589,-0.19613298773765564,9.581096649169922
1776636478485.5386,0.17651969194412231,-0.2059396505355835,9.581096649169922
1776636478495.4534,0.18632633984088898,-0.19613298773765564,9.590903282165527
1776636478505.3691,0.18632633984088898,-0.18632633984088898,9.600709915161133
1776636478515.285,0.156906396150589,-0.2059396505355835,9.590903282165527
1776636478525.2007,0.16671304404735565,-0.19613298773765564,9.590903282165527
1776636478535.1174,0.16671304404735565,-0.19613298773765564,9.600709915161133
1776636478545.0342,0.16671304404735565,-0.18632633984088898,9.610516548156738
1776636478554.95,0.16671304404735565,-0.19613298773765564,9.590903282165527
1776636478564.8657,0.16671304404735565,-0.2059396505355835,9.581096649169922
1776636478574.7805,0.18632633984088898,-0.2059396505355835,9.581096649169922
1776636478584.6973,0.16671304404735565,-0.19613298773765564,9.590903282165527
1776636478594.613,0.16671304404735565,-0.2059396505355835,9.590903282165527
1776636478604.53,0.17651969194412231,-0.19613298773765564,9.590903282165527
1776636478614.4458,0.16671304404735565,-0.19613298773765564,9.600709915161133
1776636478624.3616,0.16671304404735565,-0.19613298773765564,9.590903282165527
1776636478634.2773,0.16671304404735565,-0.2059396505355835,9.590903282165527
1776636478644.193,0.17651969194412231,-0.19613298773765564,9.571290016174316
1776636478654.109,0.17651969194412231,-0.19613298773765564,9.590903282165527
1776636478664.0256,0.16671304404735565,-0.19613298773765564,9.590903282165527
1776636478673.9424,0.16671304404735565,-0.18632633984088898,9.590903282165527
1776636478683.8594,0.156906396150589,-0.2059396505355835,9.581096649169922
1776636478693.7761,0.17651969194412231,-0.19613298773765564,9.590903282165527
1776636478703.6929,0.156906396150589,-0.19613298773765564,9.581096649169922
1776636478713.6096,0.156906396150589,-0.19613298773765564,9.590903282165527
1776636478723.5266,0.17651969194412231,-0.19613298773765564,9.590903282165527
1776636478733.4434,0.16671304404735565,-0.19613298773765564,9.581096649169922
1776636478743.3591,0.16671304404735565,-0.2059396505355835,9.581096649169922
1776636478753.276,0.156906396150589,-0.21574629843235016,9.581096649169922
1776636478763.192,0.16671304404735565,-0.19613298773765564,9.600709915161133
1776636478773.1067,0.16671304404735565,-0.19613298773765564,9.590903282165527
1776636478783.0225,0.17651969194412231,-0.19613298773765564,9.590903282165527
1776636478792.9373,0.17651969194412231,-0.2059396505355835,9.590903282165527
1776636478802.853,0.156906396150589,-0.2059396505355835,9.581096649169922
1776636478812.7686,0.156906396150589,-0.18632633984088898,9.581096649169922
1776636478822.6833,0.156906396150589,-0.19613298773765564,9.590903282165527
1776636478832.5981,0.17651969194412231,-0.19613298773765564,9.590903282165527
1776636478842.514,0.17651969194412231,-0.21574629843235016,9.590903282165527
1776636478852.4297,0.17651969194412231,-0.2059396505355835,9.581096649169922
1776636478862.3455,0.16671304404735565,-0.19613298773765564,9.581096649169922
1776636478872.2603,0.16671304404735565,-0.19613298773765564,9.600709915161133
1776636478882.1748,0.16671304404735565,-0.17651969194412231,9.600709915161133
1776636478892.0906,0.16671304404735565,-0.19613298773765564,9.600709915161133
1776636478902.0054,0.16671304404735565,-0.2059396505355835,9.600709915161133
1776636478911.9192,0.16671304404735565,-0.19613298773765564,9.571290016174316
1776636478921.834,0.16671304404735565,-0.2059396505355835,9.581096649169922
1776636478931.7498,0.16671304404735565,-0.2059396505355835,9.590903282165527
1776636478941.6643,0.18632633984088898,-0.2059396505355835,9.590903282165527
1776636478951.579,0.156906396150589,-0.2059396505355835,9.600709915161133
1776636478961.494,0.156906396150589,-0.2059396505355835,9.610516548156738
1776636478971.4097,0.156906396150589,-0.19613298773765564,9.600709915161133
1776636478981.3254,0.16671304404735565,-0.2059396505355835,9.590903282165527
1776636478991.24,0.156906396150589,-0.19613298773765564,9.571290016174316
1776636479001.1548,0.16671304404735565,-0.19613298773765564,9.581096649169922
1776636479011.0696,0.17651969194412231,-0.18632633984088898,9.581096649169922
1776636479020.9854,0.17651969194412231,-0.18632633984088898,9.581096649169922
1776636479030.9011,0.16671304404735565,-0.2059396505355835,9.600709915161133
1776636479040.8147,0.16671304404735565,-0.19613298773765564,9.600709915161133
1776636479050.7295,0.18632633984088898,-0.18632633984088898,9.610516548156738
1776636479060.6443,0.16671304404735565,-0.2059396505355835,9.590903282165527
1776636479070.559,0.16671304404735565,-0.2059396505355835,9.581096649169922
1776636479080.4736,0.16671304404735565,-0.19613298773765564,9.571290016174316
1776636479090.3884,0.156906396150589,-0.19613298773765564,9.571290016174316
1776636479100.3032,0.16671304404735565,-0.19613298773765564,9.581096649169922
1776636479110.219,0.17651969194412231,-0.19613298773765564,9.600709915161133
1776636479120.1335,0.17651969194412231,-0.2059396505355835,9.590903282165527
1776636479130.0483,0.17651969194412231,-0.19613298773765564,9.581096649169922
1776636479139.9631,0.16671304404735565,-0.19613298773765564,9.571290016174316
1776636479149.8767,0.16671304404735565,-0.2059396505355835,9.581096649169922
1776636479159.7915,0.16671304404735565,-0.21574629843235016,9.581096649169922
1776636479169.7063,0.17651969194412231,-0.21574629843235016,9.600709915161133
1776636479179.622,0.16671304404735565,-0.19613298773765564,9.610516548156738
1776636479189.5366,0.16671304404735565,-0.19613298773765564,9.610516548156738
1776636479199.4514,0.16671304404735565,-0.2059396505355835,9.590903282165527
1776636479209.3652,0.17651969194412231,-0.18632633984088898,9.581096649169922
1776636479219.2798,0.17651969194412231,-0.19613298773765564,9.571290016174316
1776636479229.1956,0.17651969194412231,-0.2059396505355835,9.571290016174316
1776636479239.1104,0.17651969194412231,-0.2059396505355835,9.571290016174316
1776636479249.0261,0.17651969194412231,-0.19613298773765564,9.590903282165527
1776636479258.9417,0.16671304404735565,-0.19613298773765564,9.600709915161133
1776636479268.8564,0.156906396150589,-0.19613298773765564,9.590903282165527
1776636479278.7712,0.17651969194412231,-0.2059396505355835,9.581096649169922
1776636479288.6868,0.16671304404735565,-0.2059396505355835,9.581096649169922
1776636479298.6025,0.156906396150589,-0.19613298773765564,9.581096649169922
1776636479308.5193,0.18632633984088898,-0.19613298773765564,9.581096649169922
1776636479318.434,0.16671304404735565,-0.19613298773765564,9.571290016174316
1776636479328.3486,0.16671304404735565,-0.19613298773765564,9.581096649169922
1776636479338.2644,0.156906396150589,-0.2059396505355835,9.581096649169922
1776636479348.1782,0.17651969194412231,-0.19613298773765564,9.581096649169922
1776636479358.0928,0.16671304404735565,-0.2059396505355835,9.610516548156738
1776636479368.0076,0.16671304404735565,-0.21574629843235016,9.581096649169922
1776636479377.9214,0.156906396150589,-0.19613298773765564,9.581096649169922
1776636479387.837,0.16671304404735565,-0.19613298773765564,9.571290016174316
1776636479397.7517,0.156906396150589,-0.2059396505355835,9.581096649169922
1776636479407.6665,0.16671304404735565,-0.19613298773765564,9.590903282165527
1776636479417.581,0.16671304404735565,-0.19613298773765564,9.581096649169922
1776636479427.4968,0.16671304404735565,-0.19613298773765564,9.610516548156738
1776636479437.4114,0.17651969194412231,-0.19613298773765564,9.581096649169922
1776636479447.3262,0.16671304404735565,-0.2059396505355835,9.600709915161133
1776636479457.242,0.156906396150589,-0.19613298773765564,9.590903282165527
1776636479467.1577,0.16671304404735565,-0.19613298773765564,9.590903282165527
1776636479477.0723,0.17651969194412231,-0.2059396505355835,9.590903282165527
1776636479486.987,0.17651969194412231,-0.2059396505355835,9.571290016174316
1776636479496.9016,0.17651969194412231,-0.19613298773765564,9.590903282165527
1776636479506.8164,0.16671304404735565,-0.2059396505355835,9.600709915161133
1776636479516.7312,0.156906396150589,-0.19613298773765564,9.581096649169922
1776636479526.6467,0.17651969194412231,-0.21574629843235016,9.600709915161133
1776636479536.5615,0.17651969194412231,-0.2059396505355835,9.600709915161133
1776636479546.476,0.17651969194412231,-0.19613298773765564,9.581096649169922
1776636479556.3909,0.17651969194412231,-0.2059396505355835,9.590903282165527
1776636479566.3057,0.16671304404735565,-0.21574629843235016,9.600709915161133
1776636479576.2202,0.156906396150589,-0.2059396505355835,9.590903282165527
1776636479586.135,0.16671304404735565,-0.2059396505355835,9.590903282165527
1776636479596.0505,0.16671304404735565,-0.2059396505355835,9.590903282165527
1776636479605.9653,0.156906396150589,-0.2059396505355835,9.581096649169922
1776636479615.88,0.156906396150589,-0.18632633984088898,9.581096649169922
1776636479625.7947,0.16671304404735565,-0.19613298773765564,9.600709915161133
1776636479635.7095,0.16671304404735565,-0.19613298773765564,9.590903282165527
1776636479645.623,0.17651969194412231,-0.21574629843235016,9.590903282165527
1776636479655.5378,0.17651969194412231,-0.2059396505355835,9.590903282165527
1776636479665.4514,0.17651969194412231,-0.19613298773765564,9.581096649169922
1776636479675.365,0.17651969194412231,-0.2059396505355835,9.590903282165527
1776636479685.2788,0.16671304404735565,-0.19613298773765564,9.590903282165527
1776636479695.1924,0.156906396150589,-0.18632633984088898,9.590903282165527
1776636479705.1072,0.16671304404735565,-0.19613298773765564,9.590903282165527
1776636479715.0208,0.16671304404735565,-0.2059396505355835,9.581096649169922
1776636479724.9355,0.156906396150589,-0.19613298773765564,9.590903282165527
1776636479734.849,0.16671304404735565,-0.18632633984088898,9.590903282165527
1776636479744.764,0.17651969194412231,-0.19613298773765564,9.600709915161133
1776636479754.6785,0.16671304404735565,-0.2059396505355835,9.581096649169922
1776636479764.5942,0.16671304404735565,-0.19613298773765564,9.590903282165527
1776636479774.5078,0.156906396150589,-0.19613298773765564,9.590903282165527
1776636479784.4226,0.16671304404735565,-0.2059396505355835,9.590903282165527
1776636479794.3372,0.17651969194412231,-0.19613298773765564,9.571290016174316
1776636479804.2517,0.17651969194412231,-0.19613298773765564,9.581096649169922
1776636479814.1655,0.16671304404735565,-0.2059396505355835,9.590903282165527
1776636479824.08,0.17651969194412231,-0.21574629843235016,9.590903282165527
1776636479833.9946,0.16671304404735565,-0.19613298773765564,9.581096649169922
1776636479843.9094,0.16671304404735565,-0.2059396505355835,9.581096649169922
1776636479853.824,0.17651969194412231,-0.2059396505355835,9.600709915161133
1776636479863.7388,0.18632633984088898,-0.2059396505355835,9.590903282165527
1776636479873.6523,0.17651969194412231,-0.18632633984088898,9.590903282165527
1776636479883.567,0.156906396150589,-0.18632633984088898,9.571290016174316
1776636479893.4807,0.16671304404735565,-0.19613298773765564,9.581096649169922
1776636479903.3943,0.17651969194412231,-0.21574629843235016,9.581096649169922
1776636479913.3079,0.16671304404735565,-0.2059396505355835,9.581096649169922
1776636479923.2214,0.16671304404735565,-0.19613298773765564,9.590903282165527
1776636479933.1353,0.16671304404735565,-0.19613298773765564,9.600709915161133
1776636479943.0498,0.17651969194412231,-0.19613298773765564,9.590903282165527
1776636479952.9634,0.16671304404735565,-0.18632633984088898,9.590903282165527
1776636479962.877,0.17651969194412231,-0.19613298773765564,9.590903282165527
1776636479972.7908,0.17651969194412231,-0.19613298773765564,9.590903282165527
1776636479982.7043,0.16671304404735565,-0.19613298773765564,9.610516548156738
1776636479992.618,0.16671304404735565,-0.19613298773765564,9.581096649169922
1776636480002.5315,0.16671304404735565,-0.2059396505355835,9.581096649169922
1776636480012.4463,0.16671304404735565,-0.19613298773765564,9.590903282165527
1776636480022.3608,0.16671304404735565,-0.2059396505355835,9.600709915161133
1776636480032.2754,0.14709974825382233,-0.2059396505355835,9.600709915161133
1776636480042.1902,0.16671304404735565,-0.19613298773765564,9.610516548156738
1776636480052.1038,0.17651969194412231,-0.2059396505355835,9.590903282165527
1776636480062.0183,0.16671304404735565,-0.19613298773765564,9.600709915161133
1776636480071.9329,0.17651969194412231,-0.19613298773765564,9.581096649169922
1776636480081.8477,0.18632633984088898,-0.2059396505355835,9.581096649169922
1776636480091.7622,0.18632633984088898,-0.21574629843235016,9.581096649169922
1776636480101.6768,0.17651969194412231,-0.19613298773765564,9.590903282165527
1776636480111.5916,0.17651969194412231,-0.2059396505355835,9.581096649169922
1776636480121.506,0.16671304404735565,-0.19613298773765564,9.600709915161133
1776636480131.4216,0.16671304404735565,-0.19613298773765564,9.581096649169922
1776636480141.3374,0.156906396150589,-0.19613298773765564,9.581096649169922
1776636480151.252,0.16671304404735565,-0.2059396505355835,9.581096649169922
1776636480161.1665,0.156906396150589,-0.19613298773765564,9.581096649169922
1776636480171.081,0.16671304404735565,-0.2059396505355835,9.590903282165527
1776636480180.9968,0.16671304404735565,-0.2059396505355835,9.581096649169922
1776636480190.9114,0.17651969194412231,-0.19613298773765564,9.590903282165527
1776636480200.825,0.17651969194412231,-0.19613298773765564,9.590903282165527
1776636480210.7395,0.17651969194412231,-0.21574629843235016,9.590903282165527
1776636480220.653,0.16671304404735565,-0.2059396505355835,9.571290016174316
1776636480230.5679,0.16671304404735565,-0.19613298773765564,9.590903282165527
1776636480240.4834,0.156906396150589,-0.19613298773765564,9.600709915161133
1776636480250.398,0.17651969194412231,-0.19613298773765564,9.610516548156738
1776636480260.3125,0.17651969194412231,-0.19613298773765564,9.600709915161133
1776636480270.2273,0.17651969194412231,-0.2059396505355835,9.590903282165527
1776636480280.1428,0.17651969194412231,-0.21574629843235016,9.600709915161133
1776636480290.0574,0.16671304404735565,-0.18632633984088898,9.590903282165527
1776636480299.9731,0.16671304404735565,-0.18632633984088898,9.590903282165527
1776636480309.8877,0.16671304404735565,-0.19613298773765564,9.581096649169922
1776636480319.8032,0.16671304404735565,-0.19613298773765564,9.590903282165527
1776636480329.7178,0.17651969194412231,-0.2059396505355835,9.610516548156738
1776636480339.6335,0.16671304404735565,-0.2059396505355835,9.610516548156738
1776636480349.548,0.16671304404735565,-0.19613298773765564,9.590903282165527
1776636480359.4626,0.156906396150589,-0.19613298773765564,9.590903282165527
1776636480369.3782,0.16671304404735565,-0.19613298773765564,9.581096649169922
1776636480379.2937,0.16671304404735565,-0.19613298773765564,9.581096649169922
1776636480389.2095,0.17651969194412231,-0.2059396505355835,9.581096649169922
1776636480399.124,0.16671304404735565,-0.21574629843235016,9.581096649169922
1776636480409.0386,0.16671304404735565,-0.2059396505355835,9.581096649169922
1776636480418.9531,0.16671304404735565,-0.19613298773765564,9.610516548156738
1776636480428.8677,0.16671304404735565,-0.19613298773765564,9.610516548156738
1776636480438.7812,0.16671304404735565,-0.2059396505355835,9.590903282165527
1776636480448.696,0.17651969194412231,-0.2059396505355835,9.581096649169922
1776636480458.6106,0.17651969194412231,-0.19613298773765564,9.581096649169922
1776636480468.5251,0.16671304404735565,-0.19613298773765564,9.581096649169922
1776636480478.4387,0.17651969194412231,-0.2059396505355835,9.590903282165527
1776636480488.3523,0.16671304404735565,-0.19613298773765564,9.581096649169922
1776636480498.2659,0.156906396150589,-0.18632633984088898,9.610516548156738
1776636480508.1794,0.16671304404735565,-0.19613298773765564,9.610516548156738
1776636480518.094,0.18632633984088898,-0.2059396505355835,9.590903282165527
1776636480528.0085,0.17651969194412231,-0.19613298773765564,9.590903282165527
1776636480537.923,0.16671304404735565,-0.19613298773765564,9.581096649169922
1776636480547.8367,0.17651969194412231,-0.18632633984088898,9.581096649169922
1776636480557.7515,0.156906396150589,-0.2059396505355835,9.590903282165527
1776636480567.665,0.17651969194412231,-0.2059396505355835,9.600709915161133
1776636480577.5786,0.17651969194412231,-0.2059396505355835,9.600709915161133
1776636480587.4932,0.16671304404735565,-0.19613298773765564,9.590903282165527
1776636480597.4067,0.17651969194412231,-0.2059396505355835,9.590903282165527
1776636480607.3203,0.17651969194412231,-0.19613298773765564,9.581096649169922
1776636480617.2349,0.16671304404735565,-0.21574629843235016,9.590903282165527
1776636480627.1494,0.156906396150589,-0.19613298773765564,9.590903282165527
1776636480637.064,0.16671304404735565,-0.18632633984088898,9.581096649169922
1776636480646.9785,0.16671304404735565,-0.19613298773765564,9.581096649169922
1776636480656.893,0.18632633984088898,-0.18632633984088898,9.590903282165527
1776636480666.8076,0.18632633984088898,-0.19613298773765564,9.581096649169922
1776636480676.7222,0.18632633984088898,-0.19613298773765564,9.590903282165527
1776636480686.6357,0.16671304404735565,-0.19613298773765564,9.590903282165527
1776636480696.5503,0.16671304404735565,-0.2059396505355835,9.581096649169922
1776636480706.4658,0.17651969194412231,-0.2059396505355835,9.581096649169922
1776636480716.3806,0.16671304404735565,-0.2059396505355835,9.600709915161133
1776636480726.2961,0.16671304404735565,-0.2059396505355835,9.600709915161133
1776636480736.2107,0.18632633984088898,-0.2059396505355835,9.590903282165527
1776636480746.1252,0.16671304404735565,-0.19613298773765564,9.581096649169922
1776636480756.0398,0.16671304404735565,-0.19613298773765564,9.590903282165527
1776636480765.9546,0.156906396150589,-0.2059396505355835,9.581096649169922
1776636480775.8704,0.16671304404735565,-0.2059396505355835,9.571290016174316
1776636480785.786,0.17651969194412231,-0.21574629843235016,9.590903282165527
1776636480795.7007,0.17651969194412231,-0.2059396505355835,9.600709915161133
1776636480805.6155,0.16671304404735565,-0.19613298773765564,9.600709915161133
1776636480815.5303,0.17651969194412231,-0.2059396505355835,9.600709915161133
1776636480825.4448,0.16671304404735565,-0.19613298773765564,9.581096649169922
1776636480835.3596,0.16671304404735565,-0.2059396505355835,9.561483383178711
1776636480845.2744,0.16671304404735565,-0.2059396505355835,9.581096649169922
1776636480855.1892,0.16671304404735565,-0.2059396505355835,9.581096649169922
1776636480865.1038,0.16671304404735565,-0.19613298773765564,9.600709915161133
1776636480875.0195,0.156906396150589,-0.19613298773765564,9.590903282165527
1776636480884.9343,0.156906396150589,-0.2059396505355835,9.600709915161133
1776636480894.85,0.17651969194412231,-0.2059396505355835,9.590903282165527
1776636480904.7659,0.17651969194412231,-0.18632633984088898,9.590903282165527
1776636480914.6826,0.16671304404735565,-0.22555294632911682,9.571290016174316
1776636480924.5981,0.17651969194412231,-0.2059396505355835,9.571290016174316
1776636480934.513,0.17651969194412231,-0.2059396505355835,9.590903282165527
1776636480944.4277,0.16671304404735565,-0.2059396505355835,9.590903282165527
1776636480954.3425,0.17651969194412231,-0.21574629843235016,9.590903282165527
1776636480964.257,0.16671304404735565,-0.2059396505355835,9.590903282165527
1776636480974.1729,0.14709974825382233,-0.19613298773765564,9.590903282165527
1776636480984.0876,0.17651969194412231,-0.19613298773765564,9.581096649169922
1776636480994.0024,0.16671304404735565,-0.18632633984088898,9.590903282165527
1776636481003.918,0.16671304404735565,-0.2059396505355835,9.581096649169922
1776636481013.8328,0.16671304404735565,-0.19613298773765564,9.590903282165527
1776636481023.7485,0.17651969194412231,-0.19613298773765564,9.600709915161133
1776636481033.6633,0.16671304404735565,-0.2059396505355835,9.590903282165527
1776636481043.5789,0.16671304404735565,-0.21574629843235016,9.581096649169922
1776636481053.4946,0.156906396150589,-0.2059396505355835,9.581096649169922
1776636481063.4094,0.16671304404735565,-0.2059396505355835,9.581096649169922
1776636481073.3242,0.17651969194412231,-0.2059396505355835,9.590903282165527
1776636481083.2388,0.16671304404735565,-0.2059396505355835,9.590903282165527
1776636481093.1536,0.16671304404735565,-0.19613298773765564,9.590903282165527
1776636481103.0693,0.16671304404735565,-0.2059396505355835,9.600709915161133
1776636481112.9849,0.17651969194412231,-0.19613298773765564,9.581096649169922
1776636481122.9006,0.17651969194412231,-0.19613298773765564,9.590903282165527
1776636481132.8154,0.17651969194412231,-0.19613298773765564,9.590903282165527
1776636481142.7312,0.17651969194412231,-0.2059396505355835,9.590903282165527
1776636481152.6458,0.17651969194412231,-0.18632633984088898,9.600709915161133
1776636481162.5605,0.17651969194412231,-0.19613298773765564,9.590903282165527
1776636481172.4763,0.16671304404735565,-0.2059396505355835,9.600709915161133
1776636481182.392,0.17651969194412231,-0.2059396505355835,9.590903282165527
1776636481192.3066,0.16671304404735565,-0.2059396505355835,9.600709915161133
1776636481202.2224,0.156906396150589,-0.2059396505355835,9.581096649169922
1776636481212.1382,0.17651969194412231,-0.19613298773765564,9.571290016174316
1776636481222.0527,0.16671304404735565,-0.19613298773765564,9.581096649169922
1776636481231.9685,0.16671304404735565,-0.19613298773765564,9.581096649169922
1776636481241.8843,0.17651969194412231,-0.21574629843235016,9.600709915161133
1776636481251.7988,0.16671304404735565,-0.2059396505355835,9.600709915161133
1776636481261.7146,0.16671304404735565,-0.21574629843235016,9.600709915161133
1776636481271.6313,0.17651969194412231,-0.2059396505355835,9.600709915161133
1776636481281.547,0.16671304404735565,-0.19613298773765564,9.600709915161133
1776636481291.4626,0.16671304404735565,-0.19613298773765564,9.590903282165527
1776636481301.3784,0.17651969194412231,-0.19613298773765564,9.600709915161133
1776636481311.2942,0.16671304404735565,-0.19613298773765564,9.561483383178711
1776636481321.21,0.16671304404735565,-0.19613298773765564,9.581096649169922
1776636481331.1255,0.17651969194412231,-0.2059396505355835,9.581096649169922
1776636481341.0422,0.17651969194412231,-0.2059396505355835,9.600709915161133
1776636481350.958,0.17651969194412231,-0.2059396505355835,9.590903282165527
1776636481360.8726,0.156906396150589,-0.19613298773765564,9.600709915161133
1776636481370.7874,0.16671304404735565,-0.18632633984088898,9.590903282165527
1776636481380.7021,0.17651969194412231,-0.2059396505355835,9.590903282165527
1776636481390.6167,0.17651969194412231,-0.19613298773765564,9.581096649169922
1776636481400.5325,0.16671304404735565,-0.19613298773765564,9.581096649169922
1776636481410.4473,0.16671304404735565,-0.2059396505355835,9.590903282165527
1776636481420.3618,0.16671304404735565,-0.2059396505355835,9.590903282165527
1776636481430.2776,0.156906396150589,-0.19613298773765564,9.581096649169922
1776636481440.193,0.156906396150589,-0.21574629843235016,9.581096649169922
1776636481450.109,0.156906396150589,-0.2059396505355835,9.590903282165527
1776636481460.0256,0.16671304404735565,-0.19613298773765564,9.600709915161133
1776636481469.9404,0.16671304404735565,-0.19613298773765564,9.590903282165527
1776636481479.855,0.156906396150589,-0.2059396505355835,9.581096649169922
1776636481489.7698,0.156906396150589,-0.18632633984088898,9.600709915161133
1776636481499.6843,0.17651969194412231,-0.19613298773765564,9.600709915161133
1776636481509.6,0.17651969194412231,-0.19613298773765564,9.581096649169922
1776636481519.5146,0.16671304404735565,-0.2059396505355835,9.581096649169922
1776636481529.4304,0.18632633984088898,-0.2059396505355835,9.600709915161133
1776636481539.3462,0.18632633984088898,-0.19613298773765564,9.581096649169922
1776636481549.2617,0.16671304404735565,-0.19613298773765564,9.581096649169922
1776636481559.1775,0.17651969194412231,-0.2059396505355835,9.600709915161133
1776636481569.0933,0.16671304404735565,-0.2059396505355835,9.600709915161133
1776636481579.0098,0.16671304404735565,-0.19613298773765564,9.600709915161133
1776636481588.9255,0.16671304404735565,-0.2059396505355835,9.590903282165527
1776636481598.8413,0.16671304404735565,-0.2059396505355835,9.610516548156738
1776636481608.7578,0.17651969194412231,-0.21574629843235016,9.600709915161133
1776636481618.6746,0.16671304404735565,-0.21574629843235016,9.571290016174316
1776636481628.5903,0.17651969194412231,-0.19613298773765564,9.590903282165527
1776636481638.505,0.17651969194412231,-0.2059396505355835,9.590903282165527
1776636481648.4197,0.16671304404735565,-0.2059396505355835,9.590903282165527
1776636481658.3342,0.156906396150589,-0.19613298773765564,9.590903282165527
1776636481668.25,0.16671304404735565,-0.2059396505355835,9.590903282165527
1776636481678.1658,0.16671304404735565,-0.19613298773765564,9.590903282165527
1776636481688.0813,0.17651969194412231,-0.2059396505355835,9.590903282165527
1776636481697.997,0.17651969194412231,-0.21574629843235016,9.600709915161133
1776636481707.9138,0.156906396150589,-0.21574629843235016,9.590903282165527
1776636481717.8303,0.16671304404735565,-0.2059396505355835,9.590903282165527
1776636481727.746,0.16671304404735565,-0.2059396505355835,9.581096649169922
1776636481737.6619,0.16671304404735565,-0.2059396505355835,9.571290016174316
1776636481747.5774,0.16671304404735565,-0.2059396505355835,9.581096649169922
1776636481757.4941,0.16671304404735565,-0.21574629843235016,9.581096649169922
1776636481767.409,0.16671304404735565,-0.19613298773765564,9.590903282165527
1776636481777.3247,0.17651969194412231,-0.19613298773765564,9.600709915161133
1776636481787.2395,0.16671304404735565,-0.2059396505355835,9.590903282165527
1776636481797.1553,0.14709974825382233,-0.2059396505355835,9.590903282165527
1776636481807.071,0.16671304404735565,-0.2059396505355835,9.590903282165527
1776636481816.9878,0.156906396150589,-0.2059396505355835,9.571290016174316
1776636481826.9036,0.156906396150589,-0.19613298773765564,9.581096649169922
1776636481836.8193,0.17651969194412231,-0.19613298773765564,9.581096649169922
1776636481846.735,0.16671304404735565,-0.19613298773765564,9.590903282165527
1776636481856.651,0.16671304404735565,-0.2059396505355835,9.600709915161133
1776636481866.5667,0.156906396150589,-0.21574629843235016,9.600709915161133
1776636481876.4824,0.17651969194412231,-0.21574629843235016,9.590903282165527
1776636481886.3992,0.18632633984088898,-0.2059396505355835,9.590903282165527
1776636481896.315,0.17651969194412231,-0.19613298773765564,9.590903282165527
1776636481906.2295,0.156906396150589,-0.2059396505355835,9.590903282165527
1776636481916.1443,0.17651969194412231,-0.21574629843235016,9.571290016174316
1776636481926.06,0.16671304404735565,-0.19613298773765564,9.581096649169922
1776636481935.9749,0.16671304404735565,-0.19613298773765564,9.600709915161133
1776636481945.8906,0.17651969194412231,-0.19613298773765564,9.610516548156738
1776636481955.8064,0.16671304404735565,-0.2059396505355835,9.600709915161133
1776636481965.7222,0.156906396150589,-0.2059396505355835,9.590903282165527
1776636481975.638,0.16671304404735565,-0.19613298773765564,9.590903282165527
1776636481985.5527,0.17651969194412231,-0.18632633984088898,9.571290016174316
1776636481995.4675,0.18632633984088898,-0.2059396505355835,9.590903282165527
1776636482005.382,0.17651969194412231,-0.2059396505355835,9.600709915161133
1776636482015.2969,0.16671304404735565,-0.19613298773765564,9.581096649169922
1776636482025.2126,0.17651969194412231,-0.2059396505355835,9.581096649169922
1776636482035.1274,0.17651969194412231,-0.2059396505355835,9.610516548156738
1776636482045.0422,0.18632633984088898,-0.18632633984088898,9.590903282165527
1776636482054.958,0.16671304404735565,-0.19613298773765564,9.581096649169922
1776636482064.8726,0.156906396150589,-0.21574629843235016,9.581096649169922
1776636482074.7874,0.156906396150589,-0.19613298773765564,9.581096649169922
1776636482084.7021,0.16671304404735565,-0.19613298773765564,9.581096649169922
1776636482094.616,0.156906396150589,-0.2059396505355835,9.600709915161133
1776636482104.5317,0.16671304404735565,-0.2059396505355835,9.571290016174316
1776636482114.4465,0.17651969194412231,-0.2059396505355835,9.581096649169922
1776636482124.361,0.16671304404735565,-0.19613298773765564,9.590903282165527
1776636482134.276,0.16671304404735565,-0.21574629843235016,9.581096649169922
1776636482144.1907,0.17651969194412231,-0.2059396505355835,9.590903282165527
1776636482154.1045,0.16671304404735565,-0.19613298773765564,9.590903282165527
1776636482164.018,0.16671304404735565,-0.19613298773765564,9.590903282165527
1776636482173.9329,0.16671304404735565,-0.21574629843235016,9.581096649169922
1776636482183.8467,0.16671304404735565,-0.19613298773765564,9.581096649169922
1776636482193.7615,0.16671304404735565,-0.19613298773765564,9.581096649169922
1776636482203.675,0.18632633984088898,-0.19613298773765564,9.590903282165527
1776636482213.5889,0.18632633984088898,-0.2059396505355835,9.590903282165527
1776636482223.5017,0.16671304404735565,-0.18632633984088898,9.600709915161133
1776636482233.4143,0.156906396150589,-0.19613298773765564,9.600709915161133
1776636482243.3271,0.16671304404735565,-0.19613298773765564,9.590903282165527
1776636482253.2397,0.16671304404735565,-0.2059396505355835,9.581096649169922
1776636482263.1526,0.14709974825382233,-0.19613298773765564,9.590903282165527
1776636482273.0652,0.16671304404735565,-0.19613298773765564,9.581096649169922
1776636482282.978,0.16671304404735565,-0.19613298773765564,9.590903282165527
1776636482292.8909,0.17651969194412231,-0.21574629843235016,9.590903282165527
1776636482302.8044,0.17651969194412231,-0.2059396505355835,9.571290016174316
1776636482312.7173,0.17651969194412231,-0.19613298773765564,9.581096649169922
1776636482322.63,0.156906396150589,-0.19613298773765564,9.610516548156738
1776636482332.5437,0.17651969194412231,-0.2059396505355835,9.590903282165527
1776636482342.4575,0.16671304404735565,-0.19613298773765564,9.590903282165527
1776636482352.371,0.16671304404735565,-0.2059396505355835,9.581096649169922
1776636482362.284,0.17651969194412231,-0.21574629843235016,9.590903282165527
1776636482372.1975,0.156906396150589,-0.19613298773765564,9.590903282165527
1776636482382.1113,0.16671304404735565,-0.2059396505355835,9.590903282165527
1776636482392.0251,0.156906396150589,-0.2059396505355835,9.590903282165527
1776636482401.9387,0.16671304404735565,-0.18632633984088898,9.581096649169922
1776636482411.8535,0.16671304404735565,-0.17651969194412231,9.600709915161133
1776636482421.7673,0.156906396150589,-0.2059396505355835,9.590903282165527
1776636482431.682,0.16671304404735565,-0.21574629843235016,9.590903282165527
1776636482441.5957,0.156906396150589,-0.18632633984088898,9.590903282165527
1776636482451.5095,0.16671304404735565,-0.19613298773765564,9.581096649169922
1776636482461.423,0.156906396150589,-0.19613298773765564,9.571290016174316
1776636482471.338,0.16671304404735565,-0.19613298773765564,9.581096649169922
1776636482481.2517,0.16671304404735565,-0.2059396505355835,9.581096649169922
1776636482491.1663,0.16671304404735565,-0.19613298773765564,9.590903282165527
1776636482501.081,0.16671304404735565,-0.19613298773765564,9.590903282165527
1776636482510.9949,0.16671304404735565,-0.2059396505355835,9.581096649169922
1776636482520.9094,0.16671304404735565,-0.19613298773765564,9.600709915161133
1776636482530.8242,0.16671304404735565,-0.19613298773765564,9.590903282165527
1776636482540.739,0.17651969194412231,-0.19613298773765564,9.590903282165527
1776636482550.6526,0.16671304404735565,-0.18632633984088898,9.581096649169922
1776636482560.5664,0.156906396150589,-0.2059396505355835,9.581096649169922
1776636482570.4812,0.16671304404735565,-0.2059396505355835,9.590903282165527
1776636482580.3958,0.156906396150589,-0.2059396505355835,9.600709915161133
1776636482590.3096,0.156906396150589,-0.19613298773765564,9.581096649169922
1776636482600.224,0.16671304404735565,-0.19613298773765564,9.600709915161133
1776636482610.139,0.16671304404735565,-0.19613298773765564,9.600709915161133
1776636482620.0537,0.17651969194412231,-0.19613298773765564,9.590903282165527
1776636482629.9673,0.17651969194412231,-0.19613298773765564,9.590903282165527
1776636482639.882,0.16671304404735565,-0.19613298773765564,9.600709915161133
1776636482649.7979,0.16671304404735565,-0.19613298773765564,9.590903282165527
1776636482659.7124,0.17651969194412231,-0.2059396505355835,9.581096649169922
1776636482669.6272,0.17651969194412231,-0.19613298773765564,9.581096649169922
1776636482679.541,0.156906396150589,-0.2059396505355835,9.590903282165527
1776636482689.4556,0.14709974825382233,-0.19613298773765564,9.590903282165527
1776636482699.3704,0.156906396150589,-0.19613298773765564,9.581096649169922
1776636482709.2852,0.16671304404735565,-0.2059396505355835,9.581096649169922
1776636482719.1997,0.16671304404735565,-0.19613298773765564,9.590903282165527
1776636482729.1145,0.17651969194412231,-0.18632633984088898,9.590903282165527
1776636482739.0293,0.18632633984088898,-0.21574629843235016,9.590903282165527
1776636482748.9438,0.17651969194412231,-0.2059396505355835,9.581096649169922
1776636482758.8586,0.156906396150589,-0.19613298773765564,9.590903282165527
1776636482768.7734,0.16671304404735565,-0.19613298773765564,9.571290016174316
1776636482778.6885,0.16671304404735565,-0.2059396505355835,9.590903282165527
1776636482788.6023,0.18632633984088898,-0.21574629843235016,9.581096649169922
1776636482798.517,0.17651969194412231,-0.19613298773765564,9.581096649169922
1776636482808.4321,0.16671304404735565,-0.18632633984088898,9.600709915161133
1776636482818.347,0.16671304404735565,-0.19613298773765564,9.590903282165527
1776636482828.2617,0.16671304404735565,-0.19613298773765564,9.600709915161133
1776636482838.1768,0.17651969194412231,-0.19613298773765564,9.590903282165527
1776636482848.0906,0.17651969194412231,-0.2059396505355835,9.590903282165527
1776636482858.0054,0.16671304404735565,-0.21574629843235016,9.581096649169922
1776636482867.9194,0.17651969194412231,-0.19613298773765564,9.600709915161133
1776636482877.8333,0.17651969194412231,-0.2059396505355835,9.581096649169922
1776636482887.748,0.16671304404735565,-0.19613298773765564,9.610516548156738
1776636482897.6628,0.17651969194412231,-0.17651969194412231,9.581096649169922
1776636482907.578,0.17651969194412231,-0.2059396505355835,9.590903282165527
1776636482917.4927,0.17651969194412231,-0.2059396505355835,9.590903282165527
1776636482927.4065,0.16671304404735565,-0.2059396505355835,9.581096649169922
1776636482937.3215,0.17651969194412231,-0.19613298773765564,9.581096649169922
1776636482947.2354,0.17651969194412231,-0.19613298773765564,9.581096649169922
1776636482957.1501,0.17651969194412231,-0.2059396505355835,9.590903282165527
1776636482967.0652,0.17651969194412231,-0.2059396505355835,9.581096649169922
1776636482976.98,0.16671304404735565,-0.2059396505355835,9.590903282165527
1776636482986.8948,0.16671304404735565,-0.2059396505355835,9.590903282165527
1776636482996.8108,0.16671304404735565,-0.19613298773765564,9.581096649169922
1776636483006.7256,0.16671304404735565,-0.2059396505355835,9.590903282165527
1776636483016.6404,0.17651969194412231,-0.19613298773765564,9.600709915161133
1776636483026.5564,0.18632633984088898,-0.2059396505355835,9.600709915161133
1776636483036.4712,0.17651969194412231,-0.19613298773765564,9.600709915161133
1776636483046.3872,0.16671304404735565,-0.2059396505355835,9.590903282165527
1776636483056.302,0.14709974825382233,-0.21574629843235016,9.581096649169922
1776636483066.2178,0.156906396150589,-0.19613298773765564,9.590903282165527
1776636483076.1338,0.16671304404735565,-0.18632633984088898,9.590903282165527
1776636483086.0486,0.17651969194412231,-0.2059396505355835,9.610516548156738
1776636483095.9644,0.156906396150589,-0.19613298773765564,9.600709915161133
1776636483105.8784,0.16671304404735565,-0.19613298773765564,9.590903282165527
1776636483115.7932,0.16671304404735565,-0.19613298773765564,9.600709915161133
1776636483125.709,0.16671304404735565,-0.2059396505355835,9.590903282165527
1776636483135.624,0.16671304404735565,-0.18632633984088898,9.590903282165527
1776636483145.5388,0.17651969194412231,-0.18632633984088898,9.581096649169922
1776636483155.4526,0.17651969194412231,-0.19613298773765564,9.581096649169922
1776636483165.3677,0.16671304404735565,-0.2059396505355835,9.600709915161133
1776636483175.2815,0.17651969194412231,-0.2059396505355835,9.590903282165527
1776636483185.1963,0.16671304404735565,-0.2059396505355835,9.600709915161133
1776636483195.11,0.17651969194412231,-0.2059396505355835,9.590903282165527
1776636483205.0251,0.17651969194412231,-0.21574629843235016,9.590903282165527
1776636483214.939,0.16671304404735565,-0.19613298773765564,9.590903282165527
1776636483224.8528,0.16671304404735565,-0.2059396505355835,9.581096649169922
1776636483234.7676,0.16671304404735565,-0.21574629843235016,9.571290016174316
1776636483244.6836,0.156906396150589,-0.19613298773765564,9.590903282165527
1776636483254.5984,0.16671304404735565,-0.19613298773765564,9.581096649169922
1776636483264.5132,0.16671304404735565,-0.2059396505355835,9.600709915161133
1776636483274.4272,0.16671304404735565,-0.18632633984088898,9.590903282165527
1776636483284.341,0.17651969194412231,-0.19613298773765564,9.600709915161133
1776636483294.255,0.16671304404735565,-0.2059396505355835,9.600709915161133
1776636483304.1687,0.17651969194412231,-0.19613298773765564,9.610516548156738
1776636483314.0835,0.16671304404735565,-0.2059396505355835,9.590903282165527
1776636483323.9976,0.17651969194412231,-0.2059396505355835,9.600709915161133
1776636483333.9114,0.17651969194412231,-0.2059396505355835,9.590903282165527
1776636483343.8252,0.156906396150589,-0.21574629843235016,9.581096649169922
1776636483353.739,0.16671304404735565,-0.19613298773765564,9.600709915161133
1776636483363.6519,0.17651969194412231,-0.19613298773765564,9.600709915161133
1776636483373.566,0.16671304404735565,-0.2059396505355835,9.581096649169922
1776636483383.4788,0.156906396150589,-0.21574629843235016,9.590903282165527
1776636483393.3926,0.17651969194412231,-0.2059396505355835,9.600709915161133
1776636483403.3064,0.18632633984088898,-0.2059396505355835,9.581096649169922
1776636483413.2212,0.17651969194412231,-0.2059396505355835,9.610516548156738
1776636483423.1353,0.16671304404735565,-0.19613298773765564,9.590903282165527
1776636483433.049,0.17651969194412231,-0.19613298773765564,9.581096649169922
1776636483442.963,0.16671304404735565,-0.2059396505355835,9.590903282165527
1776636483452.8777,0.16671304404735565,-0.19613298773765564,9.581096649169922
1776636483462.7915,0.156906396150589,-0.19613298773765564,9.590903282165527
1776636483472.7065,0.16671304404735565,-0.19613298773765564,9.571290016174316
1776636483482.6213,0.16671304404735565,-0.2059396505355835,9.581096649169922
1776636483492.5352,0.16671304404735565,-0.19613298773765564,9.581096649169922
1776636483502.449,0.17651969194412231,-0.18632633984088898,9.590903282165527
1776636483512.364,0.18632633984088898,-0.18632633984088898,9.590903282165527
1776636483522.2778,0.17651969194412231,-0.19613298773765564,9.581096649169922
1776636483532.1926,0.17651969194412231,-0.2059396505355835,9.571290016174316
1776636483542.1064,0.17651969194412231,-0.19613298773765564,9.571290016174316
1776636483552.0203,0.17651969194412231,-0.19613298773765564,9.581096649169922
1776636483561.9353,0.16671304404735565,-0.21574629843235016,9.600709915161133
1776636483571.849,0.156906396150589,-0.2059396505355835,9.581096649169922
1776636483581.764,0.156906396150589,-0.2059396505355835,9.590903282165527
1776636483591.6777,0.156906396150589,-0.2059396505355835,9.590903282165527
1776636483601.5928,0.16671304404735565,-0.19613298773765564,9.581096649169922
1776636483611.5076,0.16671304404735565,-0.19613298773765564,9.590903282165527
1776636483621.4224,0.16671304404735565,-0.19613298773765564,9.590903282165527
1776636483631.3381,0.16671304404735565,-0.19613298773765564,9.581096649169922
1776636483641.2522,0.17651969194412231,-0.2059396505355835,9.581096649169922
1776636483651.166,0.16671304404735565,-0.2059396505355835,9.600709915161133
1776636483661.0798,0.156906396150589,-0.21574629843235016,9.590903282165527
1776636483670.9937,0.17651969194412231,-0.2059396505355835,9.581096649169922
1776636483680.9084,0.17651969194412231,-0.21574629843235016,9.600709915161133
1776636483690.8235,0.156906396150589,-0.2059396505355835,9.590903282165527
1776636483700.7383,0.16671304404735565,-0.19613298773765564,9.590903282165527
1776636483710.652,0.16671304404735565,-0.19613298773765564,9.581096649169922
1776636483720.566,0.18632633984088898,-0.2059396505355835,9.571290016174316
1776636483730.4807,0.17651969194412231,-0.19613298773765564,9.600709915161133
1776636483740.3948,0.16671304404735565,-0.2059396505355835,9.590903282165527
1776636483750.3096,0.17651969194412231,-0.19613298773765564,9.581096649169922
1776636483760.2234,0.16671304404735565,-0.19613298773765564,9.571290016174316
1776636483770.1382,0.18632633984088898,-0.21574629843235016,9.581096649169922
1776636483780.053,0.156906396150589,-0.19613298773765564,9.590903282165527
1776636483789.9678,0.17651969194412231,-0.19613298773765564,9.581096649169922
1776636483799.8838,0.17651969194412231,-0.19613298773765564,9.590903282165527
1776636483809.7986,0.17651969194412231,-0.19613298773765564,9.610516548156738
1776636483819.7144,0.17651969194412231,-0.19613298773765564,9.590903282165527
1776636483829.6292,0.17651969194412231,-0.2059396505355835,9.581096649169922
1776636483839.544,0.16671304404735565,-0.2059396505355835,9.581096649169922
1776636483849.4578,0.156906396150589,-0.19613298773765564,9.571290016174316
1776636483859.3735,0.16671304404735565,-0.18632633984088898,9.581096649169922
1776636483869.2883,0.16671304404735565,-0.2059396505355835,9.590903282165527
1776636483879.2031,0.17651969194412231,-0.21574629843235016,9.581096649169922
1776636483889.1182,0.16671304404735565,-0.2059396505355835,9.590903282165527
1776636483899.034,0.17651969194412231,-0.2059396505355835,9.600709915161133
1776636483908.9497,0.156906396150589,-0.2059396505355835,9.581096649169922
1776636483918.8655,0.16671304404735565,-0.19613298773765564,9.571290016174316
1776636483928.7812,0.16671304404735565,-0.19613298773765564,9.581096649169922
1776636483938.697,0.16671304404735565,-0.18632633984088898,9.571290016174316
