1776636474028.377,-0.0010646508308127522,-0.0026616270188242197,0.006923720706254244
1776636474033.3794,-0.0015969761880114675,-0.003728023264557123,0.007988371886312962
1776636474038.3816,-0.005324999336153269,-0.0021293016616255045,0.005324999336153269
1776636474043.384,-0.0005323254154063761,-0.004260348621755838,0.0026616270188242197
1776636474048.3865,-0.004260348621755838,-0.003728023264557123,0.006923720706254244
1776636474053.389,-0.0021293016616255045,-0.0015969761880114675,0.0010646508308127522
1776636474058.3904,-0.0026616270188242197,-0.0031956976745277643,0.003728023264557123
1776636474063.3928,0.0021293016616255045,0.004792673978954554,0.005859069991856813
1776636474068.3953,-0.0010646508308127522,-0.0031956976745277643,0.0021293016616255045
1776636474073.3977,-0.0,-0.0015969761880114675,0.012250465340912342
1776636474078.4001,-0.005859069991856813,-0.0031956976745277643,0.0010646508308127522
1776636474083.4026,-0.0005323254154063761,-0.003728023264557123,0.010651743970811367
1776636474088.405,-0.003728023264557123,0.0015969761880114675,0.006391395349055529
1776636474093.4072,-0.0021293016616255045,-0.004260348621755838,0.008520697243511677
1776636474098.4097,-0.0031956976745277643,-0.0031956976745277643,0.0015969761880114675
1776636474103.412,-0.004792673978954554,-0.007456046529114246,0.004260348621755838
1776636474108.4146,-0.004260348621755838,-0.004260348621755838,0.006923720706254244
1776636474113.416,-0.004260348621755838,0.0,0.011184069328010082
1776636474118.4185,-0.0021293016616255045,0.0,0.006391395349055529
1776636474123.421,-0.0015969761880114675,0.0,0.005324999336153269
1776636474128.4233,-0.0021293016616255045,-0.0010646508308127522,0.007988371886312962
1776636474133.4258,-0.0005323254154063761,-0.0021293016616255045,0.003728023264557123
1776636474138.4282,-0.0021293016616255045,0.0005323254154063761,0.005324999336153269
1776636474143.4304,-0.004792673978954554,0.0005323254154063761,0.005324999336153269
1776636474148.4329,0.0010646508308127522,0.0005323254154063761,0.004792673978954554
1776636474153.4353,-0.005324999336153269,-0.0015969761880114675,0.005859069991856813
1776636474158.4377,-0.0,-0.0015969761880114675,0.004792673978954554
1776636474163.4402,-0.004792673978954554,-0.0026616270188242197,0.006923720706254244
1776636474168.4426,-0.0005323254154063761,-0.0026616270188242197,0.009054767899215221
1776636474173.445,-0.0021293016616255045,-0.0005323254154063761,0.005324999336153269
1776636474178.4465,-0.0021293016616255045,-0.0026616270188242197,0.004792673978954554
1776636474183.449,-0.0015969761880114675,0.0,0.003728023264557123
1776636474188.4514,-0.005324999336153269,0.0005323254154063761,0.004260348621755838
1776636474193.4536,0.0026616270188242197,-0.003728023264557123,0.006391395349055529
1776636474198.456,-0.0015969761880114675,0.0015969761880114675,0.005324999336153269
1776636474203.4585,-0.004260348621755838,0.0021293016616255045,0.007456046529114246
1776636474208.461,0.0010646508308127522,-0.004792673978954554,0.003728023264557123
1776636474213.4634,-0.0026616270188242197,0.0010646508308127522,0.004260348621755838
1776636474218.4648,-0.0026616270188242197,0.0010646508308127522,0.007988371886312962
1776636474223.4683,-0.004260348621755838,-0.004260348621755838,0.0015969761880114675
1776636474228.4697,-0.0,-0.0005323254154063761,0.006391395349055529
1776636474233.4722,-0.0015969761880114675,-0.0015969761880114675,0.0031956976745277643
1776636474238.4746,-0.005859069991856813,-0.005324999336153269,0.007456046529114246
1776636474243.4768,-0.0031956976745277643,-0.0010646508308127522,0.0021293016616255045
1776636474248.4792,-0.0015969761880114675,-0.0015969761880114675,0.004260348621755838
1776636474253.4817,-0.0026616270188242197,-0.0021293016616255045,0.007456046529114246
1776636474258.4841,-0.003728023264557123,-0.0021293016616255045,0.008520697243511677
1776636474263.4866,-0.0015969761880114675,-0.0021293016616255045,0.004260348621755838
1776636474268.489,-0.005859069991856813,-0.0010646508308127522,0.005324999336153269
1776636474273.4915,0.0005323254154063761,-0.0015969761880114675,0.006923720706254244
1776636474278.494,-0.0010646508308127522,-0.004260348621755838,0.007988371886312962
1776636474283.4954,-0.0026616270188242197,0.0,0.004260348621755838
1776636474288.4976,-0.004260348621755838,0.0,0.008520697243511677
1776636474293.5,-0.004792673978954554,0.0015969761880114675,0.004792673978954554
1776636474298.5024,-0.0026616270188242197,-0.005859069991856813,0.011184069328010082
1776636474303.505,-0.0005323254154063761,0.0,0.006391395349055529
1776636474308.5073,0.0021293016616255045,0.0,0.0015969761880114675
1776636474313.5098,-0.0021293016616255045,-0.0021293016616255045,0.008520697243511677
1776636474318.5122,0.0,0.0010646508308127522,0.008520697243511677
1776636474323.5146,-0.0026616270188242197,-0.003728023264557123,0.004792673978954554
1776636474328.517,-0.003728023264557123,-0.0015969761880114675,0.004792673978954554
1776636474333.5193,-0.004260348621755838,-0.0026616270188242197,0.004260348621755838
1776636474338.5208,-0.0015969761880114675,0.0,0.006391395349055529
1776636474343.5232,-0.0010646508308127522,-0.0021293016616255045,0.0021293016616255045
1776636474348.5256,-0.0031956976745277643,-0.0015969761880114675,0.003728023264557123
1776636474353.528,-0.0026616270188242197,-0.0005323254154063761,0.005324999336153269
1776636474358.5305,-0.005859069991856813,-0.004260348621755838,0.005859069991856813
1776636474363.533,-0.003728023264557123,0.0005323254154063761,0.004792673978954554
1776636474368.5354,-0.005324999336153269,-0.0031956976745277643,0.008520697243511677
1776636474373.5378,-0.004792673978954554,-0.0021293016616255045,0.003728023264557123
1776636474378.54,-0.0026616270188242197,-0.005324999336153269,0.006391395349055529
1776636474383.5425,-0.003728023264557123,-0.0010646508308127522,0.005859069991856813
1776636474388.545,-0.0010646508308127522,-0.0026616270188242197,0.007456046529114246
1776636474393.5464,-0.0015969761880114675,-0.0010646508308127522,0.004792673978954554
1776636474398.5488,0.0005323254154063761,0.004792673978954554,0.006391395349055529
1776636474403.5513,-0.0026616270188242197,-0.0026616270188242197,0.006391395349055529
1776636474408.5537,-0.0010646508308127522,-0.003728023264557123,0.005859069991856813
1776636474413.5562,0.0010646508308127522,0.003728023264557123,0.007456046529114246
1776636474418.5583,-0.0010646508308127522,0.0010646508308127522,0.004792673978954554
1776636474423.5608,-0.003728023264557123,-0.005859069991856813,0.0026616270188242197
1776636474428.5632,-0.005859069991856813,-0.0031956976745277643,0.006923720706254244
1776636474433.5657,-0.0015969761880114675,-0.0031956976745277643,0.004792673978954554
1776636474438.568,-0.003728023264557123,-0.006391395349055529,0.006391395349055529
1776636474443.5696,-0.004792673978954554,-0.0031956976745277643,0.003728023264557123
1776636474448.573,-0.0026616270188242197,-0.0005323254154063761,0.0015969761880114675
1776636474453.5745,-0.0015969761880114675,-0.005324999336153269,0.005324999336153269
1776636474458.5767,-0.0026616270188242197,-0.0031956976745277643,0.010119418613612652
1776636474463.579,-0.0010646508308127522,0.0021293016616255045,0.0026616270188242197
1776636474468.5815,-0.0031956976745277643,-0.0015969761880114675,0.010651743970811367
1776636474473.584,-0.0021293016616255045,-0.0021293016616255045,0.007456046529114246
1776636474478.5864,-0.005859069991856813,0.0015969761880114675,0.007456046529114246
1776636474483.5889,-0.0010646508308127522,0.0,0.003728023264557123
1776636474488.5913,-0.0021293016616255045,-0.004260348621755838,0.006923720706254244
1776636474493.5938,-0.0021293016616255045,0.0015969761880114675,0.004260348621755838
1776636474498.596,-0.0005323254154063761,-0.005324999336153269,0.0031956976745277643
1776636474503.5984,-0.0015969761880114675,-0.005324999336153269,0.005324999336153269
1776636474508.6008,-0.004260348621755838,-0.003728023264557123,0.006923720706254244
1776636474513.6023,-0.004792673978954554,-0.0015969761880114675,0.005324999336153269
1776636474518.6047,-0.003728023264557123,0.0010646508308127522,0.0021293016616255045
1776636474523.6072,-0.004260348621755838,-0.0005323254154063761,0.008520697243511677
1776636474528.6096,-0.0026616270188242197,0.0005323254154063761,0.007988371886312962
1776636474533.612,-0.003728023264557123,-0.005859069991856813,-0.0010646508308127522
1776636474538.6143,-0.0026616270188242197,-0.0015969761880114675,0.005324999336153269
1776636474543.6167,-0.004792673978954554,-0.004260348621755838,0.007988371886312962
1776636474548.6191,-0.0015969761880114675,-0.004260348621755838,0.0
1776636474553.6206,-0.0021293016616255045,0.0,0.009054767899215221
1776636474558.623,-0.0005323254154063761,0.0005323254154063761,0.0026616270188242197
1776636474563.6265,-0.003728023264557123,0.0005323254154063761,0.005324999336153269
1776636474568.628,-0.004260348621755838,-0.0015969761880114675,0.006923720706254244
1776636474573.6301,-0.0031956976745277643,-0.0010646508308127522,0.003728023264557123
1776636474578.6326,-0.0005323254154063761,-0.0015969761880114675,0.004260348621755838
1776636474583.635,-0.0031956976745277643,-0.0021293016616255045,0.007988371886312962
1776636474588.6375,-0.003728023264557123,0.0,0.005324999336153269
1776636474593.64,-0.0026616270188242197,-0.0021293016616255045,0.004792673978954554
1776636474598.6423,-0.0026616270188242197,-0.0015969761880114675,0.006923720706254244
1776636474603.6448,-0.0021293016616255045,-0.0015969761880114675,0.007988371886312962
1776636474608.6472,-0.0015969761880114675,-0.0026616270188242197,0.003728023264557123
1776636474613.6484,-0.0031956976745277643,0.0010646508308127522,0.005859069991856813
1776636474618.651,-0.0031956976745277643,-0.0021293016616255045,0.007456046529114246
1776636474623.6533,-0.0026616270188242197,0.0,0.0010646508308127522
1776636474628.6558,-0.0015969761880114675,-0.0005323254154063761,0.005859069991856813
1776636474633.6582,0.0010646508308127522,-0.0031956976745277643,0.006391395349055529
1776636474638.6606,-0.0015969761880114675,0.0005323254154063761,0.004260348621755838
1776636474643.6628,0.0005323254154063761,-0.0026616270188242197,0.004792673978954554
1776636474648.6653,0.003728023264557123,0.0010646508308127522,0.005859069991856813
1776636474653.6677,0.0010646508308127522,-0.003728023264557123,0.005324999336153269
1776636474658.6702,0.003728023264557123,0.0005323254154063761,0.007456046529114246
1776636474663.6716,0.004792673978954554,-0.0026616270188242197,0.005859069991856813
1776636474668.675,0.0026616270188242197,-0.0031956976745277643,0.010119418613612652
1776636474673.6765,0.0010646508308127522,-0.003728023264557123,0.004260348621755838
1776636474678.6787,-0.0005323254154063761,-0.0015969761880114675,0.005859069991856813
1776636474683.6812,0.0026616270188242197,-0.0010646508308127522,0.0031956976745277643
1776636474688.6836,-0.0021293016616255045,-0.0015969761880114675,0.004260348621755838
1776636474693.686,0.0,-0.004260348621755838,0.0
1776636474698.6885,0.0015969761880114675,0.0,0.007456046529114246
1776636474703.691,-0.0026616270188242197,-0.005324999336153269,0.005324999336153269
1776636474708.6934,-0.0,-0.003728023264557123,0.0026616270188242197
1776636474713.6956,-0.0031956976745277643,0.0005323254154063761,0.007456046529114246
1776636474718.698,0.0026616270188242197,-0.004792673978954554,0.004260348621755838
1776636474723.7004,-0.003728023264557123,0.0,0.0031956976745277643
1776636474728.702,-0.0021293016616255045,-0.0026616270188242197,0.006391395349055529
1776636474733.7043,-0.0015969761880114675,0.0,0.006391395349055529
1776636474738.7068,-0.004260348621755838,-0.0031956976745277643,0.005324999336153269
1776636474743.7092,-0.0010646508308127522,0.0026616270188242197,0.009587093256413937
1776636474748.7114,-0.0015969761880114675,-0.0021293016616255045,0.004792673978954554
1776636474753.714,-0.0031956976745277643,-0.0015969761880114675,0.0031956976745277643
1776636474758.7166,-0.0,-0.004260348621755838,0.006923720706254244
1776636474763.719,-0.004260348621755838,-0.0005323254154063761,0.004792673978954554
1776636474768.7214,-0.0015969761880114675,-0.0031956976745277643,0.005859069991856813
1776636474773.7239,-0.004260348621755838,-0.0021293016616255045,0.009587093256413937
1776636474778.7253,-0.0,-0.0021293016616255045,0.003728023264557123
1776636474783.7278,0.0026616270188242197,0.0005323254154063761,0.006923720706254244
1776636474788.7302,-0.0005323254154063761,-0.0015969761880114675,0.0021293016616255045
1776636474793.7327,-0.0021293016616255045,-0.0005323254154063761,0.004792673978954554
1776636474798.735,-0.003728023264557123,-0.005324999336153269,0.0010646508308127522
1776636474803.7375,-0.0005323254154063761,-0.0026616270188242197,0.005324999336153269
1776636474808.74,-0.005859069991856813,-0.0010646508308127522,0.006391395349055529
1776636474813.7424,-0.006391395349055529,0.0021293016616255045,0.0031956976745277643
1776636474818.7449,-0.004792673978954554,-0.0026616270188242197,0.0031956976745277643
1776636474823.7473,-0.005859069991856813,0.0015969761880114675,0.0031956976745277643
1776636474828.7498,-0.003728023264557123,-0.0005323254154063761,0.006923720706254244
1776636474833.7522,-0.0026616270188242197,-0.0005323254154063761,0.006391395349055529
1776636474838.7537,-0.0031956976745277643,-0.0021293016616255045,0.0
1776636474843.756,-0.005324999336153269,0.0,0.010651743970811367
1776636474848.7585,-0.004260348621755838,-0.004792673978954554,0.0021293016616255045
1776636474853.761,-0.0021293016616255045,-0.0026616270188242197,0.005324999336153269
1776636474858.7634,-0.0026616270188242197,0.0010646508308127522,0.0031956976745277643
1776636474863.7659,-0.003728023264557123,-0.0026616270188242197,0.0026616270188242197
1776636474868.7683,-0.0,-0.004260348621755838,0.0021293016616255045
1776636474873.7708,-0.004792673978954554,-0.0005323254154063761,0.007456046529114246
1776636474878.7732,-0.0031956976745277643,-0.0026616270188242197,0.003728023264557123
1776636474883.7756,-0.0010646508308127522,-0.0031956976745277643,0.0031956976745277643
1776636474888.778,-0.004260348621755838,-0.0015969761880114675,0.006923720706254244
1776636474893.7795,0.0015969761880114675,0.0015969761880114675,0.0021293016616255045
1776636474898.783,-0.0026616270188242197,-0.0010646508308127522,0.005859069991856813
1776636474903.7844,-0.003728023264557123,-0.003728023264557123,0.006923720706254244
1776636474908.7869,-0.003728023264557123,-0.0010646508308127522,0.006391395349055529
1776636474913.7893,-0.0005323254154063761,-0.005859069991856813,0.006391395349055529
1776636474918.7917,-0.0031956976745277643,-0.0031956976745277643,0.006391395349055529
1776636474923.7942,-0.0031956976745277643,-0.0021293016616255045,0.003728023264557123
1776636474928.7966,-0.0026616270188242197,0.0010646508308127522,0.007988371886312962
1776636474933.799,-0.0005323254154063761,-0.0015969761880114675,0.0010646508308127522
1776636474938.8015,-0.005859069991856813,-0.004792673978954554,0.006391395349055529
1776636474943.804,-0.0021293016616255045,-0.0005323254154063761,0.006923720706254244
1776636474948.8054,-0.0015969761880114675,-0.0031956976745277643,0.007456046529114246
1776636474953.8079,-0.004260348621755838,-0.006923720706254244,0.004792673978954554
1776636474958.81,-0.005324999336153269,0.0,0.006923720706254244
1776636474963.8125,-0.004260348621755838,-0.0031956976745277643,0.003728023264557123
1776636474968.815,-0.0031956976745277643,-0.0015969761880114675,0.009587093256413937
1776636474973.8174,-0.003728023264557123,-0.0005323254154063761,0.005324999336153269
1776636474978.8198,-0.006391395349055529,-0.0031956976745277643,0.004792673978954554
1776636474983.8223,-0.005859069991856813,0.0015969761880114675,0.0026616270188242197
1776636474988.8247,-0.003728023264557123,0.0010646508308127522,0.011184069328010082
1776636474993.8271,0.0015969761880114675,-0.0026616270188242197,0.004260348621755838
1776636474998.8296,-0.005859069991856813,-0.004792673978954554,0.007988371886312962
1776636475003.831,-0.0005323254154063761,-0.0021293016616255045,0.0031956976745277643
1776636475008.8335,-0.0,-0.003728023264557123,0.007456046529114246
1776636475013.836,-0.0026616270188242197,-0.0031956976745277643,0.0
1776636475018.8384,-0.0010646508308127522,-0.0021293016616255045,0.006391395349055529
1776636475023.8408,-0.0005323254154063761,-0.0015969761880114675,0.004792673978954554
1776636475028.8433,-0.0,-0.0005323254154063761,0.005324999336153269
1776636475033.8457,-0.0015969761880114675,0.0,0.005859069991856813
1776636475038.8481,-0.0026616270188242197,-0.005859069991856813,0.008520697243511677
1776636475043.8506,-0.004792673978954554,-0.006391395349055529,0.006923720706254244
1776636475048.853,-0.0026616270188242197,-0.004260348621755838,0.004792673978954554
1776636475053.8555,-0.005324999336153269,-0.0021293016616255045,0.007988371886312962
1776636475058.858,-0.004260348621755838,-0.0015969761880114675,0.005324999336153269
1776636475063.8604,-0.0031956976745277643,0.0005323254154063761,0.003728023264557123
1776636475068.8618,-0.0010646508308127522,0.0,0.004792673978954554
1776636475073.8643,-0.004792673978954554,-0.0031956976745277643,0.004792673978954554
1776636475078.8667,-0.0026616270188242197,0.0031956976745277643,0.005859069991856813
1776636475083.8691,-0.0015969761880114675,-0.0026616270188242197,0.007456046529114246
1776636475088.8716,-0.0015969761880114675,0.0,0.0031956976745277643
1776636475093.874,-0.0031956976745277643,-0.0026616270188242197,0.008520697243511677
1776636475098.8765,-0.0031956976745277643,0.0,0.004792673978954554
1776636475103.879,-0.0015969761880114675,-0.0010646508308127522,0.005324999336153269
1776636475108.8804,-0.0021293016616255045,-0.0010646508308127522,0.004792673978954554
1776636475113.8828,-0.0031956976745277643,-0.0021293016616255045,0.004792673978954554
1776636475118.8862,-0.005324999336153269,-0.004260348621755838,0.006391395349055529
1776636475123.8877,-0.003728023264557123,0.0010646508308127522,0.004792673978954554
1776636475128.8901,-0.003728023264557123,-0.0005323254154063761,0.005324999336153269
1776636475133.8926,-0.0015969761880114675,0.0005323254154063761,0.005859069991856813
1776636475138.8948,-0.0,-0.006923720706254244,0.006391395349055529
1776636475143.8972,-0.0021293016616255045,-0.004792673978954554,0.004260348621755838
1776636475148.8997,-0.004792673978954554,-0.0010646508308127522,0.010119418613612652
1776636475153.902,-0.0021293016616255045,-0.0010646508308127522,0.005859069991856813
1776636475158.9045,-0.0031956976745277643,-0.0021293016616255045,0.007988371886312962
1776636475163.906,-0.0031956976745277643,-0.0005323254154063761,0.007456046529114246
1776636475168.9094,-0.0010646508308127522,-0.005859069991856813,0.004792673978954554
1776636475173.911,-0.005859069991856813,-0.005859069991856813,0.007988371886312962
1776636475178.9133,-0.0,-0.0015969761880114675,0.005859069991856813
1776636475183.9158,0.0010646508308127522,0.0,0.012250465340912342
1776636475188.9182,-0.0031956976745277643,-0.003728023264557123,0.005324999336153269
1776636475193.9207,0.0010646508308127522,-0.004792673978954554,0.003728023264557123
1776636475198.923,0.0015969761880114675,0.0010646508308127522,0.009587093256413937
1776636475203.9255,-0.0031956976745277643,-0.0010646508308127522,0.0015969761880114675
1776636475208.928,-0.0010646508308127522,-0.0015969761880114675,0.008520697243511677
1776636475213.9304,-0.004260348621755838,-0.007456046529114246,0.0010646508308127522
1776636475218.932,-0.0026616270188242197,-0.0021293016616255045,0.006391395349055529
1776636475223.9343,0.0010646508308127522,0.0010646508308127522,0.006391395349055529
1776636475228.9368,-0.0031956976745277643,-0.0015969761880114675,0.003728023264557123
1776636475233.9392,-0.006923720706254244,-0.0031956976745277643,0.006391395349055529
1776636475238.9417,-0.0015969761880114675,0.0005323254154063761,0.006391395349055529
1776636475243.944,-0.0031956976745277643,-0.003728023264557123,0.005859069991856813
1776636475248.9465,-0.004260348621755838,-0.0026616270188242197,0.007456046529114246
1776636475253.949,-0.0010646508308127522,-0.0010646508308127522,0.0026616270188242197
1776636475258.9514,-0.0026616270188242197,-0.0026616270188242197,0.005324999336153269
1776636475263.9536,-0.004260348621755838,0.003728023264557123,0.004792673978954554
1776636475268.956,-0.0010646508308127522,-0.003728023264557123,0.004260348621755838
1776636475273.9585,-0.005324999336153269,-0.0026616270188242197,0.006923720706254244
1776636475278.961,-0.0015969761880114675,0.0005323254154063761,0.007988371886312962
1776636475283.9624,-0.0026616270188242197,-0.0015969761880114675,0.0031956976745277643
1776636475288.9648,-0.005859069991856813,-0.0021293016616255045,0.007456046529114246
1776636475293.9673,-0.004260348621755838,-0.0021293016616255045,0.010119418613612652
1776636475298.9697,-0.0026616270188242197,-0.004260348621755838,0.004260348621755838
1776636475303.9722,-0.004260348621755838,-0.0005323254154063761,0.0010646508308127522
1776636475308.9746,-0.0021293016616255045,-0.0015969761880114675,0.007988371886312962
1776636475313.977,-0.004260348621755838,-0.0015969761880114675,0.005324999336153269
1776636475318.9795,0.0005323254154063761,0.0021293016616255045,0.007988371886312962
1776636475323.982,-0.0021293016616255045,0.0,0.0031956976745277643
1776636475328.9844,-0.0021293016616255045,-0.0010646508308127522,0.005324999336153269
1776636475333.9868,0.0005323254154063761,0.0021293016616255045,0.0005323254154063761
1776636475338.9883,-0.0021293016616255045,-0.0026616270188242197,0.005859069991856813
1776636475343.9907,-0.004260348621755838,-0.0031956976745277643,0.006391395349055529
1776636475348.9932,-0.0,-0.0005323254154063761,0.009587093256413937
1776636475353.9956,-0.004260348621755838,-0.0026616270188242197,0.004260348621755838
1776636475358.9978,-0.004792673978954554,-0.0021293016616255045,0.007988371886312962
1776636475364.0002,-0.0010646508308127522,-0.0031956976745277643,0.0026616270188242197
1776636475369.0027,-0.0021293016616255045,0.0021293016616255045,0.010119418613612652
1776636475374.0051,-0.0005323254154063761,-0.0021293016616255045,0.005859069991856813
1776636475379.0076,-0.0026616270188242197,-0.004792673978954554,0.006391395349055529
1776636475384.009,-0.005324999336153269,-0.0015969761880114675,0.006923720706254244
1776636475389.0115,-0.0005323254154063761,-0.007456046529114246,0.0031956976745277643
1776636475394.014,-0.007456046529114246,-0.003728023264557123,0.009587093256413937
1776636475399.0164,-0.0,-0.005324999336153269,0.0031956976745277643
1776636475404.0188,-0.0026616270188242197,-0.0026616270188242197,0.005859069991856813
1776636475409.0212,-0.0021293016616255045,-0.0031956976745277643,0.006391395349055529
1776636475414.0237,-0.005859069991856813,0.0010646508308127522,0.005324999336153269
1776636475419.0261,-0.004260348621755838,0.0005323254154063761,0.007988371886312962
1776636475424.0286,-0.0010646508308127522,-0.0015969761880114675,0.004792673978954554
1776636475429.031,-0.004260348621755838,-0.0031956976745277643,0.005859069991856813
1776636475434.0334,-0.003728023264557123,-0.0005323254154063761,0.0010646508308127522
1776636475439.036,-0.0010646508308127522,-0.0005323254154063761,0.008520697243511677
1776636475444.0383,-0.0026616270188242197,-0.0026616270188242197,0.007988371886312962
1776636475449.0396,-0.004260348621755838,0.0005323254154063761,0.008520697243511677
1776636475454.042,-0.004792673978954554,-0.0031956976745277643,0.006923720706254244
1776636475459.0444,-0.004260348621755838,-0.005324999336153269,0.0026616270188242197
1776636475464.0469,-0.003728023264557123,0.0010646508308127522,0.009054767899215221
1776636475469.0493,-0.0021293016616255045,-0.007456046529114246,0.0026616270188242197
1776636475474.0518,-0.0021293016616255045,0.0005323254154063761,0.0026616270188242197
1776636475479.0542,0.0026616270188242197,0.0,0.006391395349055529
1776636475484.0566,0.0005323254154063761,-0.0015969761880114675,0.005324999336153269
1776636475489.059,-0.0010646508308127522,-0.003728023264557123,0.007456046529114246
1776636475494.0615,-0.004792673978954554,-0.0026616270188242197,0.0015969761880114675
1776636475499.063,-0.0010646508308127522,0.0015969761880114675,0.006923720706254244
1776636475504.0654,-0.003728023264557123,-0.0005323254154063761,0.004260348621755838
1776636475509.0679,-0.0010646508308127522,-0.004792673978954554,0.005859069991856813
1776636475514.0703,-0.0021293016616255045,-0.0005323254154063761,0.005324999336153269
1776636475519.0725,-0.003728023264557123,-0.0021293016616255045,0.005859069991856813
1776636475524.075,0.0005323254154063761,0.0015969761880114675,0.007456046529114246
1776636475529.0774,-0.0015969761880114675,-0.0010646508308127522,0.0015969761880114675
1776636475534.0798,0.0005323254154063761,-0.003728023264557123,0.004792673978954554
1776636475539.0823,0.0026616270188242197,0.0026616270188242197,0.004792673978954554
1776636475544.0847,-0.004260348621755838,-0.004260348621755838,0.0031956976745277643
1776636475549.0872,-0.0021293016616255045,-0.0010646508308127522,0.007988371886312962
1776636475554.0896,-0.0010646508308127522,-0.0015969761880114675,0.005859069991856813
1776636475559.092,0.0005323254154063761,-0.0021293016616255045,0.005324999336153269
1776636475564.0945,0.0010646508308127522,-0.0021293016616255045,0.003728023264557123
1776636475569.096,-0.0010646508308127522,-0.0010646508308127522,0.009587093256413937
1776636475574.0984,0.0015969761880114675,-0.0021293016616255045,0.006391395349055529
1776636475579.1008,0.0010646508308127522,-0.0010646508308127522,0.0026616270188242197
1776636475584.1033,0.0031956976745277643,-0.007456046529114246,0.006391395349055529
1776636475589.1057,-0.0010646508308127522,-0.003728023264557123,0.004260348621755838
1776636475594.108,0.0015969761880114675,0.0,0.003728023264557123
1776636475599.1104,0.0005323254154063761,-0.0015969761880114675,0.005324999336153269
1776636475604.1128,-0.0021293016616255045,-0.0010646508308127522,0.0015969761880114675
1776636475609.1152,-0.004260348621755838,0.0,0.005324999336153269
1776636475614.1177,0.0005323254154063761,-0.0031956976745277643,0.004792673978954554
1776636475619.1191,-0.0,-0.0021293016616255045,0.0021293016616255045
1776636475624.1216,-0.0015969761880114675,-0.0015969761880114675,0.005859069991856813
1776636475629.124,-0.0010646508308127522,0.0031956976745277643,0.003728023264557123
1776636475634.1265,0.0015969761880114675,-0.0031956976745277643,0.005859069991856813
1776636475639.129,0.0015969761880114675,-0.0015969761880114675,0.0026616270188242197
1776636475644.1313,-0.0010646508308127522,-0.004260348621755838,0.007988371886312962
1776636475649.1338,0.0010646508308127522,-0.005324999336153269,0.0021293016616255045
1776636475654.1362,-0.0,-0.0005323254154063761,0.010651743970811367
1776636475659.1384,-0.0010646508308127522,-0.003728023264557123,0.005859069991856813
1776636475664.14,-0.0021293016616255045,-0.0031956976745277643,0.006391395349055529
1776636475669.1433,-0.004260348621755838,-0.004260348621755838,0.009587093256413937
1776636475674.1448,-0.004260348621755838,-0.0021293016616255045,0.006923720706254244
1776636475679.1472,0.0005323254154063761,-0.005324999336153269,0.003728023264557123
1776636475684.1497,-0.004260348621755838,0.0,0.011184069328010082
1776636475689.152,-0.0031956976745277643,-0.0015969761880114675,0.0031956976745277643
1776636475694.1545,-0.0026616270188242197,-0.0031956976745277643,0.004792673978954554
1776636475699.157,-0.004260348621755838,0.0005323254154063761,0.0005323254154063761
1776636475704.1594,-0.005324999336153269,-0.0010646508308127522,0.005859069991856813
1776636475709.1619,-0.005324999336153269,-0.0021293016616255045,0.005859069991856813
1776636475714.1643,-0.006923720706254244,-0.005324999336153269,0.004260348621755838
1776636475719.1655,-0.0021293016616255045,-0.0026616270188242197,0.004792673978954554
1776636475724.168,-0.004792673978954554,-0.003728023264557123,0.006923720706254244
1776636475729.1704,-0.0005323254154063761,0.0,0.006391395349055529
1776636475734.1729,-0.0005323254154063761,-0.0015969761880114675,0.0015969761880114675
1776636475739.1753,-0.0010646508308127522,0.0010646508308127522,0.006923720706254244
1776636475744.1777,-0.0015969761880114675,-0.0021293016616255045,0.0031956976745277643
1776636475749.1802,-0.0015969761880114675,-0.0010646508308127522,0.0021293016616255045
1776636475754.1826,-0.0015969761880114675,-0.0005323254154063761,0.004792673978954554
1776636475759.185,-0.003728023264557123,-0.0021293016616255045,0.004260348621755838
1776636475764.1875,-0.0026616270188242197,-0.003728023264557123,0.006391395349055529
1776636475769.19,-0.0021293016616255045,-0.0010646508308127522,0.007988371886312962
1776636475774.1924,-0.0031956976745277643,-0.003728023264557123,0.003728023264557123
1776636475779.1948,-0.0026616270188242197,-0.0010646508308127522,0.004260348621755838
1776636475784.196,-0.003728023264557123,-0.003728023264557123,0.007988371886312962
1776636475789.1985,-0.005324999336153269,-0.005324999336153269,0.005324999336153269
1776636475794.201,-0.0010646508308127522,-0.004260348621755838,0.008520697243511677
1776636475799.2034,-0.0005323254154063761,-0.003728023264557123,0.005324999336153269
1776636475804.2058,-0.005324999336153269,-0.0015969761880114675,0.0021293016616255045
1776636475809.2083,-0.0015969761880114675,-0.0015969761880114675,0.0
1776636475814.2107,-0.004260348621755838,-0.0015969761880114675,0.003728023264557123
1776636475819.2131,-0.0021293016616255045,-0.006923720706254244,0.007456046529114246
1776636475824.2156,-0.005324999336153269,-0.0010646508308127522,0.004792673978954554
1776636475829.218,-0.0031956976745277643,0.0005323254154063761,0.007456046529114246
1776636475834.2205,-0.004792673978954554,-0.0021293016616255045,0.004792673978954554
1776636475839.223,-0.004260348621755838,-0.006391395349055529,0.008520697243511677
1776636475844.224,-0.0026616270188242197,-0.0031956976745277643,0.005859069991856813
1776636475849.2266,-0.0015969761880114675,0.004792673978954554,0.009587093256413937
1776636475854.229,-0.003728023264557123,-0.0031956976745277643,0.006391395349055529
1776636475859.2314,-0.0010646508308127522,-0.0021293016616255045,0.007988371886312962
1776636475864.234,-0.0026616270188242197,-0.004792673978954554,0.003728023264557123
1776636475869.2363,-0.005324999336153269,0.0026616270188242197,0.0021293016616255045
1776636475874.2388,-0.0031956976745277643,-0.0021293016616255045,0.005324999336153269
1776636475879.2412,-0.003728023264557123,-0.0026616270188242197,0.009054767899215221
1776636475884.2427,-0.0021293016616255045,0.0015969761880114675,0.006391395349055529
1776636475889.245,-0.0031956976745277643,-0.0005323254154063761,0.006391395349055529
1776636475894.2476,-0.0010646508308127522,-0.0010646508308127522,0.005859069991856813
1776636475899.2498,-0.0010646508308127522,-0.004792673978954554,0.007988371886312962
1776636475904.2522,-0.0015969761880114675,-0.0005323254154063761,0.006923720706254244
1776636475909.2546,-0.0010646508308127522,-0.0031956976745277643,0.007988371886312962
1776636475914.257,0.0031956976745277643,-0.004792673978954554,0.0031956976745277643
1776636475919.2595,0.0005323254154063761,-0.0010646508308127522,0.005859069991856813
1776636475924.262,-0.0015969761880114675,-0.0021293016616255045,0.007456046529114246
1776636475929.2644,0.0005323254154063761,-0.0015969761880114675,0.0026616270188242197
1776636475934.2668,-0.0026616270188242197,-0.0021293016616255045,0.005859069991856813
1776636475939.2683,-0.0021293016616255045,-0.0005323254154063761,0.005859069991856813
1776636475944.2717,-0.0031956976745277643,-0.005859069991856813,0.0026616270188242197
1776636475949.2732,-0.0015969761880114675,0.0,0.0026616270188242197
1776636475954.2754,-0.0021293016616255045,-0.0010646508308127522,0.005324999336153269
1776636475959.2778,-0.0031956976745277643,-0.0005323254154063761,0.0010646508308127522
1776636475964.2803,-0.005324999336153269,-0.0021293016616255045,0.0031956976745277643
1776636475969.2827,-0.005324999336153269,-0.0026616270188242197,0.005324999336153269
1776636475974.2852,-0.0010646508308127522,-0.0026616270188242197,0.003728023264557123
1776636475979.2876,-0.003728023264557123,-0.0021293016616255045,0.008520697243511677
1776636475984.29,-0.004260348621755838,-0.006391395349055529,0.007988371886312962
1776636475989.2925,-0.0031956976745277643,0.0005323254154063761,0.006923720706254244
1776636475994.294,-0.0026616270188242197,0.0010646508308127522,0.005324999336153269
1776636475999.2974,0.0026616270188242197,-0.004260348621755838,0.005324999336153269
1776636476004.2986,-0.004260348621755838,-0.005859069991856813,0.005859069991856813
1776636476009.301,-0.0010646508308127522,-0.0010646508308127522,0.006923720706254244
1776636476014.3035,-0.0010646508308127522,0.0005323254154063761,0.004260348621755838
1776636476019.306,-0.003728023264557123,0.0005323254154063761,0.006923720706254244
1776636476024.3083,-0.0026616270188242197,-0.0031956976745277643,0.006923720706254244
1776636476029.3108,-0.007988371886312962,-0.0031956976745277643,0.008520697243511677
1776636476034.3132,-0.0,-0.005324999336153269,0.004792673978954554
1776636476039.3157,-0.0026616270188242197,0.0015969761880114675,0.007456046529114246
1776636476044.318,-0.0026616270188242197,-0.004260348621755838,0.0021293016616255045
1776636476049.3206,-0.0010646508308127522,-0.003728023264557123,0.009054767899215221
1776636476054.3218,-0.0021293016616255045,-0.0010646508308127522,0.003728023264557123
1776636476059.3242,-0.0021293016616255045,-0.0031956976745277643,0.007988371886312962
1776636476064.3267,-0.0031956976745277643,-0.0010646508308127522,0.004792673978954554
1776636476069.329,-0.0031956976745277643,-0.004260348621755838,0.004792673978954554
1776636476074.3315,-0.004260348621755838,-0.004260348621755838,0.006391395349055529
1776636476079.334,-0.0005323254154063761,-0.0010646508308127522,0.0015969761880114675
1776636476084.3364,0.0015969761880114675,0.004260348621755838,0.007988371886312962
1776636476089.3389,-0.0021293016616255045,-0.0010646508308127522,0.003728023264557123
1776636476094.3413,-0.004260348621755838,-0.005324999336153269,0.0026616270188242197
1776636476099.3435,-0.0031956976745277643,-0.0026616270188242197,0.007988371886312962
1776636476104.346,-0.004260348621755838,-0.0031956976745277643,0.006923720706254244
1776636476109.3474,-0.0015969761880114675,-0.0005323254154063761,0.007988371886312962
1776636476114.3499,-0.0031956976745277643,-0.0031956976745277643,0.008520697243511677
1776636476119.3533,-0.0015969761880114675,-0.0005323254154063761,0.007456046529114246
1776636476124.3547,-0.004260348621755838,-0.004260348621755838,0.006391395349055529
1776636476129.3572,-0.0010646508308127522,-0.003728023264557123,0.0031956976745277643
1776636476134.3596,-0.005859069991856813,-0.005859069991856813,0.008520697243511677
1776636476139.3618,-0.0015969761880114675,-0.0015969761880114675,0.005859069991856813
1776636476144.3643,-0.003728023264557123,-0.0031956976745277643,0.005324999336153269
1776636476149.3667,-0.0026616270188242197,-0.0021293016616255045,0.005324999336153269
1776636476154.3691,-0.0026616270188242197,-0.003728023264557123,0.0031956976745277643
1776636476159.3716,0.0005323254154063761,-0.0021293016616255045,0.0031956976745277643
1776636476164.374,-0.0015969761880114675,0.0,0.0031956976745277643
1776636476169.3755,-0.004260348621755838,0.0015969761880114675,0.007988371886312962
1776636476174.379,-0.0,-0.0015969761880114675,0.008520697243511677
1776636476179.3804,-0.0010646508308127522,-0.0005323254154063761,0.0031956976745277643
1776636476184.3826,-0.0026616270188242197,0.0,0.006923720706254244
1776636476189.385,-0.0010646508308127522,-0.0031956976745277643,0.009587093256413937
1776636476194.3875,0.0005323254154063761,-0.003728023264557123,0.003728023264557123
1776636476199.39,-0.003728023264557123,-0.0005323254154063761,0.005859069991856813
1776636476204.3923,-0.005324999336153269,-0.005324999336153269,0.010119418613612652
1776636476209.3948,-0.0015969761880114675,-0.0026616270188242197,0.004260348621755838
1776636476214.3972,-0.004260348621755838,-0.0015969761880114675,0.006391395349055529
1776636476219.3997,-0.003728023264557123,-0.0015969761880114675,0.006923720706254244
1776636476224.401,-0.0021293016616255045,-0.004792673978954554,0.006923720706254244
1776636476229.4033,-0.0021293016616255045,-0.0031956976745277643,0.0031956976745277643
1776636476234.4058,-0.0026616270188242197,-0.005324999336153269,0.004260348621755838
1776636476239.4082,0.0005323254154063761,0.0015969761880114675,0.009587093256413937
1776636476244.4106,0.0005323254154063761,-0.0005323254154063761,0.005859069991856813
1776636476249.413,-0.003728023264557123,-0.006391395349055529,0.0026616270188242197
1776636476254.4155,-0.003728023264557123,-0.003728023264557123,0.005859069991856813
1776636476259.418,-0.004260348621755838,0.0031956976745277643,0.006391395349055529
1776636476264.4202,-0.0015969761880114675,-0.0015969761880114675,0.007988371886312962
1776636476269.4216,-0.004260348621755838,0.0005323254154063761,0.005859069991856813
1776636476274.425,-0.003728023264557123,-0.0010646508308127522,0.008520697243511677
1776636476279.4265,-0.003728023264557123,0.0,0.007988371886312962
1776636476284.429,0.0005323254154063761,-0.0021293016616255045,0.005324999336153269
1776636476289.4314,-0.0,-0.0026616270188242197,0.005859069991856813
1776636476294.4338,-0.004792673978954554,0.0021293016616255045,0.005859069991856813
1776636476299.436,-0.003728023264557123,0.0031956976745277643,0.003728023264557123
1776636476304.4385,-0.0015969761880114675,-0.0005323254154063761,0.006391395349055529
1776636476309.441,-0.0005323254154063761,-0.004260348621755838,0.0010646508308127522
1776636476314.4434,-0.0031956976745277643,-0.0026616270188242197,0.006923720706254244
1776636476319.4458,-0.0026616270188242197,-0.003728023264557123,0.005859069991856813
1776636476324.4482,-0.004260348621755838,-0.004792673978954554,0.005859069991856813
1776636476329.4507,0.0005323254154063761,0.0026616270188242197,0.009054767899215221
1776636476334.4521,-0.004792673978954554,-0.0026616270188242197,0.005859069991856813
1776636476339.4543,-0.004260348621755838,-0.0010646508308127522,0.007456046529114246
1776636476344.4568,-0.0031956976745277643,-0.0031956976745277643,0.004792673978954554
1776636476349.4592,-0.0005323254154063761,-0.0015969761880114675,0.011184069328010082
1776636476354.4617,-0.004260348621755838,-0.0026616270188242197,0.004260348621755838
1776636476359.464,0.0026616270188242197,-0.0031956976745277643,0.0031956976745277643
1776636476364.4666,-0.004792673978954554,-0.0021293016616255045,0.006391395349055529
1776636476369.469,0.0005323254154063761,0.0,0.004792673978954554
1776636476374.4712,-0.0031956976745277643,-0.0010646508308127522,0.006391395349055529
1776636476379.4736,-0.0015969761880114675,-0.0015969761880114675,0.004260348621755838
1776636476384.476,-0.0015969761880114675,-0.0026616270188242197,0.006391395349055529
1776636476389.4775,-0.0026616270188242197,-0.0031956976745277643,0.010119418613612652
1776636476394.48,-0.0026616270188242197,0.0,0.006923720706254244
1776636476399.4824,-0.0010646508308127522,-0.0005323254154063761,0.005859069991856813
1776636476404.4849,-0.0031956976745277643,-0.0015969761880114675,0.004260348621755838
1776636476409.487,-0.0,-0.004260348621755838,0.0021293016616255045
1776636476414.4895,-0.003728023264557123,-0.0026616270188242197,0.004260348621755838
1776636476419.492,-0.0026616270188242197,-0.006391395349055529,0.010651743970811367
1776636476424.4944,-0.0021293016616255045,-0.0010646508308127522,0.0031956976745277643
1776636476429.4968,-0.0031956976745277643,0.0,0.006391395349055529
1776636476434.4993,-0.0015969761880114675,-0.004792673978954554,0.006923720706254244
1776636476439.5017,-0.0021293016616255045,-0.0010646508308127522,0.007456046529114246
1776636476444.504,-0.0015969761880114675,0.0,0.0031956976745277643
1776636476449.5054,-0.004260348621755838,-0.0021293016616255045,0.004260348621755838
1776636476454.5078,-0.006391395349055529,-0.0015969761880114675,0.009587093256413937
1776636476459.5103,-0.0005323254154063761,-0.0026616270188242197,0.004260348621755838
1776636476464.5127,-0.003728023264557123,-0.004792673978954554,0.003728023264557123
1776636476469.5151,-0.0031956976745277643,-0.0015969761880114675,0.009054767899215221
1776636476474.5176,-0.0,-0.0021293016616255045,0.005859069991856813
1776636476479.5198,-0.0031956976745277643,-0.004260348621755838,0.006391395349055529
1776636476484.5222,-0.0010646508308127522,-0.0010646508308127522,0.007456046529114246
1776636476489.5247,-0.0,-0.0021293016616255045,0.010119418613612652
1776636476494.527,-0.0010646508308127522,-0.0005323254154063761,0.0015969761880114675
1776636476499.5286,-0.0026616270188242197,-0.0015969761880114675,0.010119418613612652
1776636476504.531,-0.0031956976745277643,-0.0021293016616255045,0.009587093256413937
1776636476509.5332,-0.004260348621755838,-0.0010646508308127522,0.004260348621755838
1776636476514.5356,-0.003728023264557123,-0.0010646508308127522,0.006923720706254244
1776636476519.538,-0.0005323254154063761,0.005324999336153269,0.004792673978954554
1776636476524.5405,0.0010646508308127522,-0.0026616270188242197,0.005859069991856813
1776636476529.543,-0.003728023264557123,-0.0031956976745277643,0.0026616270188242197
1776636476534.5454,-0.003728023264557123,-0.0010646508308127522,0.0026616270188242197
1776636476539.5479,-0.003728023264557123,0.0015969761880114675,0.005859069991856813
1776636476544.55,-0.005859069991856813,0.0010646508308127522,0.006391395349055529
1776636476549.5525,-0.005324999336153269,-0.003728023264557123,0.004792673978954554
1776636476554.554,-0.004792673978954554,-0.0005323254154063761,0.008520697243511677
1776636476559.5564,-0.0015969761880114675,-0.004260348621755838,0.0005323254154063761
1776636476564.5588,-0.0031956976745277643,-0.003728023264557123,0.010119418613612652
1776636476569.5613,-0.0015969761880114675,-0.0021293016616255045,0.007988371886312962
1776636476574.5635,0.0,0.0,0.009054767899215221
1776636476579.566,-0.0021293016616255045,-0.003728023264557123,0.006923720706254244
1776636476584.5684,-0.004260348621755838,-0.0005323254154063761,0.004260348621755838
1776636476589.5708,-0.0031956976745277643,-0.0015969761880114675,0.0010646508308127522
1776636476594.5732,-0.004260348621755838,0.0,0.007456046529114246
1776636476599.5757,-0.0010646508308127522,0.0005323254154063761,0.005859069991856813
1776636476604.577,-0.004792673978954554,-0.0010646508308127522,0.0026616270188242197
1776636476609.5803,-0.0026616270188242197,0.0,0.008520697243511677
1776636476614.5828,-0.0015969761880114675,-0.003728023264557123,0.0026616270188242197
1776636476619.5842,0.0005323254154063761,-0.0021293016616255045,0.005324999336153269
1776636476624.5867,-0.0021293016616255045,-0.0015969761880114675,0.004792673978954554
1776636476629.589,0.0,0.0010646508308127522,0.004792673978954554
1776636476634.5913,-0.004260348621755838,-0.004792673978954554,0.009054767899215221
1776636476639.5938,-0.0010646508308127522,-0.0026616270188242197,0.007988371886312962
1776636476644.5962,-0.0021293016616255045,-0.005324999336153269,0.005859069991856813
1776636476649.5986,-0.004260348621755838,-0.004792673978954554,0.009587093256413937
1776636476654.601,-0.0021293016616255045,-0.0021293016616255045,0.008520697243511677
1776636476659.6035,-0.0,-0.0005323254154063761,0.006923720706254244
1776636476664.6047,-0.0021293016616255045,0.004260348621755838,0.008520697243511677
1776636476669.6072,-0.0005323254154063761,-0.0015969761880114675,0.008520697243511677
1776636476674.6096,-0.004260348621755838,-0.0015969761880114675,0.007988371886312962
1776636476679.612,-0.0005323254154063761,0.0005323254154063761,0.004792673978954554
1776636476684.6145,-0.004792673978954554,0.0021293016616255045,0.004792673978954554
1776636476689.617,-0.0010646508308127522,-0.003728023264557123,0.004792673978954554
1776636476694.6191,-0.0026616270188242197,-0.0005323254154063761,0.007456046529114246
1776636476699.6216,-0.0015969761880114675,-0.0010646508308127522,0.005859069991856813
1776636476704.624,0.0005323254154063761,-0.0015969761880114675,0.007988371886312962
1776636476709.6265,-0.0015969761880114675,0.0005323254154063761,-0.0015969761880114675
1776636476714.629,-0.0021293016616255045,-0.0031956976745277643,0.003728023264557123
1776636476719.6301,-0.0026616270188242197,0.0005323254154063761,0.003728023264557123
1776636476724.6326,0.0010646508308127522,-0.0005323254154063761,0.009587093256413937
1776636476729.635,-0.0031956976745277643,-0.0010646508308127522,0.006923720706254244
1776636476734.6375,-0.0021293016616255045,0.0015969761880114675,0.008520697243511677
1776636476739.64,-0.0015969761880114675,-0.0026616270188242197,0.003728023264557123
1776636476744.6423,-0.0010646508308127522,0.0005323254154063761,0.0026616270188242197
1776636476749.6445,-0.0026616270188242197,-0.0010646508308127522,0.007988371886312962
1776636476754.647,-0.0021293016616255045,0.0005323254154063761,0.0010646508308127522
1776636476759.6494,0.0005323254154063761,-0.003728023264557123,0.007456046529114246
1776636476764.6519,-0.0,-0.0005323254154063761,0.006923720706254244
1776636476769.6543,-0.0010646508308127522,0.0015969761880114675,0.008520697243511677
1776636476774.6565,0.0010646508308127522,-0.0026616270188242197,0.003728023264557123
1776636476779.658,0.0005323254154063761,0.0015969761880114675,0.006923720706254244
1776636476784.6604,-0.0005323254154063761,-0.0005323254154063761,0.011718139983713627
1776636476789.6626,-0.0026616270188242197,0.0005323254154063761,0.004792673978954554
1776636476794.665,-0.0021293016616255045,-0.0031956976745277643,0.003728023264557123
1776636476799.6675,-0.004260348621755838,0.0021293016616255045,0.006923720706254244
1776636476804.67,-0.003728023264557123,-0.006391395349055529,0.007988371886312962
1776636476809.672,-0.005859069991856813,-0.004792673978954554,0.006391395349055529
1776636476814.6746,-0.004260348621755838,-0.0005323254154063761,0.005859069991856813
1776636476819.677,-0.0,-0.0015969761880114675,0.003728023264557123
1776636476824.6794,-0.004260348621755838,-0.0015969761880114675,0.008520697243511677
1776636476829.6816,-0.004260348621755838,-0.004260348621755838,0.005859069991856813
1776636476834.684,-0.0010646508308127522,0.0,0.005859069991856813
1776636476839.6855,0.0015969761880114675,0.0021293016616255045,0.005324999336153269
1776636476844.6877,-0.0031956976745277643,-0.0031956976745277643,0.004792673978954554
1776636476849.6902,-0.0031956976745277643,-0.003728023264557123,0.004792673978954554
1776636476854.6926,0.0,0.0010646508308127522,0.006391395349055529
1776636476859.695,-0.004260348621755838,-0.0026616270188242197,0.006391395349055529
1776636476864.6973,-0.003728023264557123,-0.0021293016616255045,0.004792673978954554
1776636476869.6997,-0.006923720706254244,-0.004792673978954554,0.006923720706254244
1776636476874.7021,-0.007988371886312962,-0.004792673978954554,0.009587093256413937
1776636476879.7043,-0.0031956976745277643,-0.0026616270188242197,0.006391395349055529
1776636476884.7058,-0.005859069991856813,0.0,0.0031956976745277643
1776636476889.7092,-0.0021293016616255045,-0.003728023264557123,0.005859069991856813
1776636476894.7107,-0.0026616270188242197,0.0005323254154063761,0.009054767899215221
1776636476899.713,-0.005859069991856813,-0.003728023264557123,0.011184069328010082
1776636476904.7153,-0.0031956976745277643,-0.003728023264557123,0.009054767899215221
1776636476909.7178,-0.0021293016616255045,0.0010646508308127522,0.0021293016616255045
1776636476914.72,-0.003728023264557123,0.0010646508308127522,0.009054767899215221
1776636476919.7224,-0.0021293016616255045,-0.004260348621755838,0.0021293016616255045
1776636476924.7249,-0.0021293016616255045,-0.0015969761880114675,0.006391395349055529
1776636476929.7273,-0.0026616270188242197,-0.0031956976745277643,0.005859069991856813
1776636476934.7295,-0.0026616270188242197,-0.004792673978954554,0.005859069991856813
1776636476939.731,-0.003728023264557123,-0.0005323254154063761,0.007456046529114246
1776636476944.7344,-0.0010646508308127522,-0.0026616270188242197,0.008520697243511677
1776636476949.7356,-0.0010646508308127522,-0.0021293016616255045,0.0010646508308127522
1776636476954.738,-0.0031956976745277643,-0.0021293016616255045,0.008520697243511677
1776636476959.7405,-0.0010646508308127522,-0.003728023264557123,0.006923720706254244
1776636476964.7427,-0.0010646508308127522,-0.0005323254154063761,0.005859069991856813
1776636476969.745,-0.004792673978954554,0.0005323254154063761,0.005324999336153269
1776636476974.7476,0.0015969761880114675,-0.0031956976745277643,0.0005323254154063761
1776636476979.7498,-0.003728023264557123,-0.0015969761880114675,0.010119418613612652
1776636476984.7522,-0.003728023264557123,0.0,0.005324999336153269
1776636476989.7537,-0.0026616270188242197,-0.005324999336153269,0.006923720706254244
1776636476994.757,-0.005324999336153269,-0.004792673978954554,0.006923720706254244
1776636476999.7583,-0.0026616270188242197,-0.0031956976745277643,0.007456046529114246
1776636477004.7607,-0.0005323254154063761,0.0015969761880114675,0.004260348621755838
1776636477009.7632,-0.0021293016616255045,-0.0031956976745277643,0.007988371886312962
1776636477014.7654,-0.003728023264557123,-0.0015969761880114675,0.0005323254154063761
1776636477019.7678,-0.005859069991856813,-0.0010646508308127522,0.009587093256413937
1776636477024.7703,-0.0010646508308127522,-0.0005323254154063761,0.0026616270188242197
1776636477029.7725,-0.0010646508308127522,-0.003728023264557123,0.0026616270188242197
1776636477034.775,-0.003728023264557123,-0.005859069991856813,0.0005323254154063761
1776636477039.7773,-0.0005323254154063761,-0.0010646508308127522,0.003728023264557123
1776636477044.7795,-0.0021293016616255045,-0.0026616270188242197,0.004792673978954554
1776636477049.781,-0.0031956976745277643,-0.0015969761880114675,0.004792673978954554
1776636477054.7834,-0.0021293016616255045,0.0005323254154063761,0.010651743970811367
1776636477059.7856,-0.005324999336153269,0.0005323254154063761,0.0010646508308127522
1776636477064.788,0.0,0.0005323254154063761,0.012250465340912342
1776636477069.7905,-0.0031956976745277643,-0.0010646508308127522,0.005859069991856813
1776636477074.7927,-0.003728023264557123,-0.003728023264557123,0.0010646508308127522
1776636477079.7952,0.0005323254154063761,0.0,0.005859069991856813
1776636477084.7976,-0.0010646508308127522,0.0,0.003728023264557123
1776636477089.7998,-0.0026616270188242197,-0.004792673978954554,0.007456046529114246
1776636477094.8022,0.0005323254154063761,0.0005323254154063761,0.007988371886312962
1776636477099.8047,-0.0015969761880114675,0.0005323254154063761,0.0021293016616255045
1776636477104.807,-0.004792673978954554,-0.0026616270188242197,0.008520697243511677
1776636477109.8093,-0.0026616270188242197,0.0010646508308127522,0.005324999336153269
1776636477114.8108,0.0015969761880114675,-0.0026616270188242197,0.009587093256413937
1776636477119.813,-0.0026616270188242197,-0.0010646508308127522,0.005324999336153269
1776636477124.8154,-0.0026616270188242197,-0.0021293016616255045,0.003728023264557123
1776636477129.8179,-0.0015969761880114675,0.0005323254154063761,0.007988371886312962
1776636477134.82,-0.0005323254154063761,-0.0021293016616255045,0.003728023264557123
1776636477139.8225,-0.004792673978954554,-0.0031956976745277643,0.008520697243511677
1776636477144.825,-0.0021293016616255045,-0.0005323254154063761,0.0005323254154063761
1776636477149.8271,-0.0021293016616255045,-0.003728023264557123,0.006391395349055529
1776636477154.8296,0.0,0.0005323254154063761,0.005324999336153269
1776636477159.831,-0.0026616270188242197,0.0015969761880114675,0.005324999336153269
1776636477164.8342,-0.0031956976745277643,-0.0005323254154063761,0.005859069991856813
1776636477169.8357,-0.0031956976745277643,-0.0031956976745277643,0.007456046529114246
1776636477174.8381,-0.0005323254154063761,-0.003728023264557123,0.0031956976745277643
1776636477179.8403,0.0031956976745277643,0.0015969761880114675,0.005324999336153269
1776636477184.8428,-0.0,-0.0031956976745277643,0.003728023264557123
1776636477189.8452,-0.0010646508308127522,-0.003728023264557123,0.004260348621755838
1776636477194.8474,0.0,0.003728023264557123,0.004792673978954554
1776636477199.8499,0.0010646508308127522,-0.0021293016616255045,-0.0
1776636477204.8523,-0.0010646508308127522,0.0,0.007456046529114246
1776636477209.8545,0.0005323254154063761,0.0005323254154063761,0.007456046529114246
1776636477214.856,-0.005324999336153269,0.0010646508308127522,0.005859069991856813
1776636477219.8582,0.0015969761880114675,-0.003728023264557123,0.005324999336153269
1776636477224.8606,-0.0010646508308127522,0.003728023264557123,0.008520697243511677
1776636477229.863,-0.0,-0.003728023264557123,0.003728023264557123
1776636477234.8652,-0.004260348621755838,-0.0026616270188242197,0.010119418613612652
1776636477239.8677,-0.0015969761880114675,-0.0005323254154063761,0.008520697243511677
1776636477244.87,0.0010646508308127522,0.0,0.005859069991856813
1776636477249.8723,0.0010646508308127522,0.0,0.004792673978954554
1776636477254.8748,-0.0010646508308127522,0.0021293016616255045,0.0026616270188242197
1776636477259.8772,-0.0026616270188242197,-0.003728023264557123,0.005324999336153269
1776636477264.8794,-0.0021293016616255045,0.0,0.005324999336153269
1776636477269.8818,-0.0010646508308127522,-0.003728023264557123,0.004260348621755838
1776636477274.883,-0.004792673978954554,-0.004792673978954554,0.005324999336153269
1776636477279.8855,0.0010646508308127522,0.0026616270188242197,0.007988371886312962
1776636477284.888,-0.005324999336153269,-0.005324999336153269,0.006391395349055529
1776636477289.8901,-0.0021293016616255045,0.0010646508308127522,0.008520697243511677
1776636477294.8926,-0.0005323254154063761,-0.0015969761880114675,0.0021293016616255045
1776636477299.895,-0.0031956976745277643,0.0021293016616255045,0.007456046529114246
1776636477304.8972,-0.005859069991856813,-0.0026616270188242197,0.0026616270188242197
1776636477309.8997,-0.0010646508308127522,-0.003728023264557123,0.007456046529114246
1776636477314.902,-0.0021293016616255045,-0.0010646508308127522,0.004792673978954554
1776636477319.9033,-0.0021293016616255045,-0.0010646508308127522,0.006391395349055529
1776636477324.9058,-0.0015969761880114675,0.0,0.006923720706254244
1776636477329.908,-0.0005323254154063761,-0.0021293016616255045,0.004792673978954554
1776636477334.9104,-0.003728023264557123,-0.006391395349055529,0.006391395349055529
1776636477339.9128,-0.0015969761880114675,-0.0031956976745277643,0.006391395349055529
1776636477344.915,-0.0,-0.0026616270188242197,0.011184069328010082
1776636477349.9175,-0.0026616270188242197,0.0,0.0031956976745277643
1776636477354.92,-0.0031956976745277643,-0.0021293016616255045,0.0015969761880114675
1776636477359.922,-0.003728023264557123,-0.0021293016616255045,0.005324999336153269
1776636477364.9246,0.003728023264557123,0.0031956976745277643,0.007456046529114246
1776636477369.9268,-0.005324999336153269,0.0026616270188242197,0.005859069991856813
1776636477374.9292,-0.0031956976745277643,0.0005323254154063761,0.005324999336153269
1776636477379.9316,-0.0005323254154063761,-0.0015969761880114675,0.005324999336153269
1776636477384.9338,-0.0005323254154063761,-0.0031956976745277643,0.0021293016616255045
1776636477389.9353,-0.0026616270188242197,-0.0021293016616255045,0.008520697243511677
1776636477394.9375,-0.0021293016616255045,-0.0015969761880114675,0.008520697243511677
1776636477399.94,-0.005859069991856813,-0.0010646508308127522,0.007456046529114246
1776636477404.9424,-0.004792673978954554,0.0005323254154063761,0.0015969761880114675
1776636477409.9446,-0.005859069991856813,0.0010646508308127522,0.006391395349055529
1776636477414.947,-0.003728023264557123,-0.0021293016616255045,0.0021293016616255045
1776636477419.9492,-0.005859069991856813,-0.0026616270188242197,0.004260348621755838
1776636477424.9517,-0.004792673978954554,-0.003728023264557123,0.0031956976745277643
1776636477429.9531,-0.0015969761880114675,0.0021293016616255045,0.009054767899215221
1776636477434.9563,-0.0010646508308127522,-0.0021293016616255045,0.004792673978954554
1776636477439.9587,-0.0026616270188242197,-0.0015969761880114675,0.003728023264557123
1776636477444.96,-0.006923720706254244,-0.0010646508308127522,0.007988371886312962
1776636477449.9624,-0.0010646508308127522,-0.0005323254154063761,0.006923720706254244
1776636477454.9648,-0.003728023264557123,-0.0026616270188242197,0.003728023264557123
1776636477459.967,-0.0026616270188242197,-0.004792673978954554,0.004260348621755838
1776636477464.9695,-0.0031956976745277643,-0.0026616270188242197,0.003728023264557123
1776636477469.9717,-0.0026616270188242197,-0.004260348621755838,0.004792673978954554
1776636477474.974,-0.003728023264557123,0.0015969761880114675,0.007988371886312962
1776636477479.9766,-0.003728023264557123,-0.0015969761880114675,0.007456046529114246
1776636477484.9788,-0.0031956976745277643,0.0021293016616255045,0.008520697243511677
1776636477489.9812,-0.0031956976745277643,-0.0031956976745277643,0.0031956976745277643
1776636477494.9824,-0.004792673978954554,0.0010646508308127522,0.010119418613612652
1776636477499.9849,-0.006923720706254244,-0.004260348621755838,0.0031956976745277643
1776636477504.9873,-0.003728023264557123,-0.0026616270188242197,0.0031956976745277643
1776636477509.9895,-0.005324999336153269,-0.0031956976745277643,0.009587093256413937
1776636477514.992,-0.005324999336153269,-0.0021293016616255045,0.0031956976745277643
1776636477519.9941,-0.0015969761880114675,-0.0026616270188242197,0.005324999336153269
1776636477524.9966,-0.0021293016616255045,-0.0005323254154063761,0.009587093256413937
1776636477529.9988,-0.004260348621755838,-0.005859069991856813,0.0031956976745277643
1776636477535.0012,-0.0005323254154063761,-0.0015969761880114675,0.005859069991856813
1776636477540.0037,-0.004260348621755838,-0.0010646508308127522,0.009587093256413937
1776636477545.0059,-0.0026616270188242197,-0.004792673978954554,0.008520697243511677
1776636477550.0073,-0.004260348621755838,-0.0026616270188242197,0.004260348621755838
1776636477555.0095,-0.0010646508308127522,-0.0010646508308127522,0.0010646508308127522
1776636477560.012,-0.0015969761880114675,-0.0031956976745277643,0.009054767899215221
1776636477565.0142,-0.0021293016616255045,-0.003728023264557123,0.006923720706254244
1776636477570.0166,-0.0015969761880114675,-0.004260348621755838,0.005324999336153269
1776636477575.019,-0.0010646508308127522,-0.0010646508308127522,0.006923720706254244
1776636477580.0212,-0.0021293016616255045,-0.0010646508308127522,0.004792673978954554
1776636477585.0237,0.0,0.0010646508308127522,0.007456046529114246
1776636477590.026,0.0026616270188242197,-0.003728023264557123,0.007988371886312962
1776636477595.0283,-0.003728023264557123,0.0026616270188242197,0.005859069991856813
1776636477600.0308,-0.003728023264557123,-0.0015969761880114675,0.006391395349055529
1776636477605.032,-0.0015969761880114675,-0.0021293016616255045,0.004260348621755838
1776636477610.0344,-0.006391395349055529,-0.0010646508308127522,0.006923720706254244
1776636477615.0366,-0.0015969761880114675,-0.0010646508308127522,0.006923720706254244
1776636477620.039,-0.003728023264557123,0.0,0.009054767899215221
1776636477625.0413,-0.005324999336153269,-0.0015969761880114675,0.004260348621755838
1776636477630.0437,-0.0015969761880114675,0.0026616270188242197,0.007988371886312962
1776636477635.046,-0.003728023264557123,-0.0031956976745277643,0.004792673978954554
1776636477640.0483,-0.0021293016616255045,-0.0031956976745277643,0.0031956976745277643
1776636477645.0508,-0.004260348621755838,-0.0010646508308127522,0.009054767899215221
1776636477650.053,-0.0031956976745277643,0.0005323254154063761,0.006391395349055529
1776636477655.0554,-0.0026616270188242197,-0.004260348621755838,0.006923720706254244
1776636477660.0566,-0.006391395349055529,-0.003728023264557123,0.005324999336153269
1776636477665.059,-0.0031956976745277643,0.0005323254154063761,0.007456046529114246
1776636477670.0613,0.0005323254154063761,-0.0005323254154063761,0.004792673978954554
1776636477675.0637,0.0005323254154063761,0.0005323254154063761,0.0021293016616255045
1776636477680.066,-0.0010646508308127522,-0.0005323254154063761,0.005859069991856813
1776636477685.0684,-0.0005323254154063761,0.0,0.010119418613612652
1776636477690.0708,0.0005323254154063761,0.0021293016616255045,0.005324999336153269
1776636477695.073,-0.0,-0.0010646508308127522,0.0015969761880114675
1776636477700.0754,-0.0005323254154063761,-0.003728023264557123,0.008520697243511677
1776636477705.0776,-0.0031956976745277643,-0.004792673978954554,0.009054767899215221
1776636477710.08,-0.0031956976745277643,-0.0026616270188242197,0.004260348621755838
1776636477715.0813,-0.0005323254154063761,-0.0010646508308127522,0.003728023264557123
1776636477720.0837,-0.0031956976745277643,0.0015969761880114675,0.006391395349055529
1776636477725.086,0.0010646508308127522,0.003728023264557123,0.005324999336153269
1776636477730.0884,-0.0021293016616255045,-0.0026616270188242197,0.006923720706254244
1776636477735.0906,-0.0026616270188242197,-0.0010646508308127522,0.004792673978954554
1776636477740.093,-0.004260348621755838,-0.0031956976745277643,0.004792673978954554
1776636477745.0955,-0.004792673978954554,-0.006391395349055529,0.0026616270188242197
1776636477750.0977,-0.0021293016616255045,0.0005323254154063761,0.007456046529114246
1776636477755.1,-0.0,-0.0021293016616255045,0.007456046529114246
1776636477760.1028,-0.005859069991856813,-0.004260348621755838,0.009054767899215221
1776636477765.1057,0.0015969761880114675,-0.0010646508308127522,0.006391395349055529
1776636477770.1077,-0.0010646508308127522,-0.0010646508308127522,0.007988371886312962
1776636477775.1104,-0.0021293016616255045,-0.0021293016616255045,0.009054767899215221
1776636477780.1133,-0.003728023264557123,0.0,0.005324999336153269
1776636477785.1162,-0.0010646508308127522,-0.0010646508308127522,0.0026616270188242197
1776636477790.119,-0.0026616270188242197,-0.0021293016616255045,0.004260348621755838
1776636477795.1218,-0.0021293016616255045,0.0026616270188242197,0.007456046529114246
1776636477800.1248,-0.0031956976745277643,0.0010646508308127522,0.007988371886312962
1776636477805.1274,-0.0026616270188242197,0.0,0.0021293016616255045
1776636477810.1304,-0.006391395349055529,-0.004260348621755838,0.004260348621755838
1776636477815.1333,-0.004260348621755838,-0.0026616270188242197,0.008520697243511677
1776636477820.135,-0.0021293016616255045,-0.0015969761880114675,0.005859069991856813
1776636477825.138,-0.0021293016616255045,0.003728023264557123,0.005324999336153269
1776636477830.1406,-0.0021293016616255045,0.0005323254154063761,0.008520697243511677
1776636477835.1436,-0.004260348621755838,0.0,0.006923720706254244
1776636477840.1465,-0.0010646508308127522,0.0,0.003728023264557123
1776636477845.1492,-0.004260348621755838,0.0026616270188242197,0.0031956976745277643
1776636477850.152,-0.0010646508308127522,0.0021293016616255045,0.004260348621755838
1776636477855.155,-0.004260348621755838,0.0015969761880114675,0.003728023264557123
1776636477860.158,-0.0010646508308127522,-0.0005323254154063761,0.006923720706254244
1776636477865.1606,-0.0015969761880114675,-0.004792673978954554,0.004792673978954554
1776636477870.1636,-0.0031956976745277643,-0.0005323254154063761,0.0021293016616255045
1776636477875.1653,-0.003728023264557123,0.0,0.009587093256413937
1776636477880.1682,-0.0021293016616255045,-0.0026616270188242197,0.007456046529114246
1776636477885.1711,-0.0026616270188242197,0.0021293016616255045,0.004260348621755838
1776636477890.174,-0.003728023264557123,0.0021293016616255045,0.003728023264557123
1776636477895.1768,-0.0021293016616255045,0.0015969761880114675,0.0026616270188242197
1776636477900.1797,-0.004260348621755838,-0.0015969761880114675,0.007988371886312962
1776636477905.1826,-0.0021293016616255045,-0.0015969761880114675,0.008520697243511677
1776636477910.1853,-0.0026616270188242197,0.0021293016616255045,0.005859069991856813
1776636477915.1882,-0.0031956976745277643,-0.004260348621755838,0.0021293016616255045
1776636477920.1912,-0.004792673978954554,-0.0010646508308127522,0.007456046529114246
1776636477925.1929,-0.0010646508308127522,0.0005323254154063761,0.004792673978954554
1776636477930.1968,-0.0031956976745277643,-0.0026616270188242197,0.007456046529114246
1776636477935.1987,0.0021293016616255045,-0.0005323254154063761,0.004260348621755838
1776636477940.2014,-0.0031956976745277643,-0.005324999336153269,0.0026616270188242197
1776636477945.2043,-0.0005323254154063761,-0.0021293016616255045,0.010651743970811367
1776636477950.2073,-0.0005323254154063761,-0.0026616270188242197,0.0010646508308127522
1776636477955.21,-0.0026616270188242197,-0.0031956976745277643,0.003728023264557123
1776636477960.213,-0.0015969761880114675,-0.0026616270188242197,0.005324999336153269
1776636477965.2158,-0.0015969761880114675,-0.0031956976745277643,0.0026616270188242197
1776636477970.2188,-0.0026616270188242197,0.0015969761880114675,0.010651743970811367
1776636477975.2214,-0.003728023264557123,-0.0021293016616255045,0.006923720706254244
1776636477980.2234,-0.0026616270188242197,-0.006923720706254244,0.006391395349055529
1776636477985.2273,-0.0031956976745277643,-0.0031956976745277643,0.009587093256413937
1776636477990.229,0.0010646508308127522,-0.0015969761880114675,0.007456046529114246
1776636477995.232,-0.004792673978954554,-0.004792673978954554,0.007988371886312962
1776636478000.2349,-0.0005323254154063761,-0.0026616270188242197,0.0031956976745277643
1776636478005.2375,-0.0005323254154063761,-0.004260348621755838,0.006391395349055529
1776636478010.2405,-0.0015969761880114675,-0.004260348621755838,0.011718139983713627
1776636478015.2434,-0.0026616270188242197,0.0031956976745277643,0.004792673978954554
1776636478020.2463,-0.0015969761880114675,-0.0026616270188242197,0.006391395349055529
1776636478025.249,-0.004792673978954554,-0.0026616270188242197,0.005859069991856813
1776636478030.252,-0.0,-0.0026616270188242197,0.005324999336153269
1776636478035.254,-0.0005323254154063761,0.0031956976745277643,0.003728023264557123
1776636478040.2566,-0.0010646508308127522,-0.0005323254154063761,0.006391395349055529
1776636478045.2595,-0.0021293016616255045,-0.0010646508308127522,0.004260348621755838
1776636478050.2625,-0.003728023264557123,-0.0021293016616255045,0.006923720706254244
1776636478055.2654,-0.0021293016616255045,-0.0015969761880114675,0.004792673978954554
1776636478060.268,-0.005324999336153269,-0.0026616270188242197,0.0021293016616255045
1776636478065.271,-0.0005323254154063761,0.0010646508308127522,0.010651743970811367
1776636478070.274,0.0021293016616255045,-0.0015969761880114675,0.003728023264557123
1776636478075.2766,-0.0026616270188242197,-0.0031956976745277643,0.006923720706254244
1776636478080.2795,-0.004260348621755838,-0.0005323254154063761,0.007456046529114246
1776636478085.2825,-0.004792673978954554,-0.0031956976745277643,0.0026616270188242197
1776636478090.2854,-0.0010646508308127522,-0.0021293016616255045,0.007988371886312962
1776636478095.287,-0.005859069991856813,0.0,0.0026616270188242197
1776636478100.29,0.0005323254154063761,-0.0015969761880114675,0.005859069991856813
1776636478105.293,-0.0031956976745277643,-0.0026616270188242197,0.003728023264557123
1776636478110.296,-0.006391395349055529,-0.0010646508308127522,0.003728023264557123
1776636478115.2986,-0.0026616270188242197,-0.0021293016616255045,0.004260348621755838
1776636478120.3015,-0.0010646508308127522,-0.0026616270188242197,0.003728023264557123
1776636478125.3044,-0.0005323254154063761,-0.0015969761880114675,0.006923720706254244
1776636478130.3071,-0.0031956976745277643,-0.0010646508308127522,0.0005323254154063761
1776636478135.31,0.0005323254154063761,0.0010646508308127522,0.010119418613612652
1776636478140.313,0.0005323254154063761,-0.003728023264557123,0.0021293016616255045
1776636478145.316,0.0005323254154063761,0.0031956976745277643,0.006923720706254244
1776636478150.3176,-0.0021293016616255045,-0.0021293016616255045,0.007456046529114246
1776636478155.3206,-0.0021293016616255045,-0.0005323254154063761,0.004260348621755838
1776636478160.3235,-0.0031956976745277643,-0.0021293016616255045,0.004260348621755838
1776636478165.3264,-0.0021293016616255045,-0.0026616270188242197,0.005324999336153269
1776636478170.329,-0.0015969761880114675,-0.0010646508308127522,0.009587093256413937
1776636478175.332,-0.0026616270188242197,-0.0015969761880114675,0.0021293016616255045
1776636478180.335,-0.0031956976745277643,-0.0031956976745277643,0.007988371886312962
1776636478185.338,-0.0031956976745277643,-0.0015969761880114675,0.004260348621755838
1776636478190.3406,-0.005324999336153269,-0.0005323254154063761,0.006391395349055529
1776636478195.3435,-0.003728023264557123,-0.0010646508308127522,0.005324999336153269
1776636478200.3464,-0.003728023264557123,-0.0021293016616255045,0.009054767899215221
1776636478205.3484,-0.0031956976745277643,-0.003728023264557123,0.004260348621755838
1776636478210.351,-0.0026616270188242197,-0.0010646508308127522,0.007988371886312962
1776636478215.354,-0.005859069991856813,-0.003728023264557123,0.009587093256413937
1776636478220.357,-0.004260348621755838,0.0005323254154063761,0.005324999336153269
1776636478225.3599,0.0005323254154063761,0.0,0.005859069991856813
1776636478230.3625,-0.0021293016616255045,-0.0021293016616255045,0.006923720706254244
1776636478235.3655,-0.0015969761880114675,0.0010646508308127522,0.006923720706254244
1776636478240.3684,-0.0010646508308127522,-0.0021293016616255045,0.004260348621755838
1776636478245.3713,-0.004260348621755838,-0.0010646508308127522,0.007456046529114246
1776636478250.374,-0.004260348621755838,-0.0010646508308127522,0.003728023264557123
1776636478255.376,-0.0010646508308127522,0.0026616270188242197,0.007456046529114246
1776636478260.379,-0.0,-0.0015969761880114675,0.004792673978954554
1776636478265.3818,-0.0021293016616255045,0.0005323254154063761,0.005859069991856813
1776636478270.3845,-0.004792673978954554,-0.0031956976745277643,0.006923720706254244
1776636478275.3875,0.0005323254154063761,-0.0010646508308127522,0.007988371886312962
1776636478280.3904,-0.0015969761880114675,0.0,0.004260348621755838
1776636478285.3933,-0.0031956976745277643,-0.0026616270188242197,0.006391395349055529
1776636478290.3962,-0.004260348621755838,-0.0015969761880114675,0.004260348621755838
1776636478295.399,-0.0010646508308127522,0.0010646508308127522,0.0021293016616255045
1776636478300.4019,0.0,0.0,0.007988371886312962
1776636478305.4048,-0.0031956976745277643,-0.004260348621755838,0.0026616270188242197
1776636478310.4077,0.0005323254154063761,-0.004792673978954554,0.0026616270188242197
1776636478315.4094,-0.0010646508308127522,0.004260348621755838,0.004260348621755838
1776636478320.4124,0.0,0.0010646508308127522,0.009054767899215221
1776636478325.4153,-0.0015969761880114675,-0.003728023264557123,0.0021293016616255045
1776636478330.4182,-0.0,-0.004260348621755838,0.005859069991856813
1776636478335.4211,-0.004792673978954554,0.0010646508308127522,0.0031956976745277643
1776636478340.4238,-0.0005323254154063761,-0.0015969761880114675,0.004792673978954554
1776636478345.4268,0.0005323254154063761,0.0005323254154063761,0.0010646508308127522
1776636478350.4297,-0.0015969761880114675,-0.0015969761880114675,0.007988371886312962
1776636478355.4326,-0.0010646508308127522,-0.0031956976745277643,0.006391395349055529
1776636478360.4355,-0.0026616270188242197,-0.003728023264557123,0.007456046529114246
1776636478365.4373,-0.004792673978954554,-0.005324999336153269,0.004260348621755838
1776636478370.4402,0.0010646508308127522,-0.0021293016616255045,0.006923720706254244
1776636478375.443,-0.004792673978954554,-0.0031956976745277643,0.004792673978954554
1776636478380.446,-0.005324999336153269,-0.0026616270188242197,0.007988371886312962
1776636478385.4487,-0.004260348621755838,-0.0021293016616255045,0.0021293016616255045
1776636478390.4517,0.0,0.0005323254154063761,0.004792673978954554
1776636478395.4546,-0.005324999336153269,-0.0026616270188242197,0.005324999336153269
1776636478400.4575,-0.0026616270188242197,-0.0005323254154063761,0.005324999336153269
1776636478405.4604,-0.0031956976745277643,-0.0010646508308127522,0.007988371886312962
1776636478410.4631,-0.004260348621755838,-0.004792673978954554,0.005859069991856813
1776636478415.466,-0.005859069991856813,-0.004260348621755838,0.009587093256413937
1776636478420.468,-0.0005323254154063761,-0.0031956976745277643,0.004792673978954554
1776636478425.471,-0.0021293016616255045,-0.003728023264557123,0.011718139983713627
1776636478430.4739,-0.0015969761880114675,-0.003728023264557123,-0.0005323254154063761
1776636478435.4766,-0.0031956976745277643,0.0026616270188242197,0.006391395349055529
1776636478440.4795,-0.0021293016616255045,-0.0015969761880114675,0.0031956976745277643
1776636478445.4824,0.0005323254154063761,-0.003728023264557123,0.006923720706254244
1776636478450.4854,-0.0026616270188242197,-0.0021293016616255045,0.005859069991856813
1776636478455.4883,-0.003728023264557123,-0.0005323254154063761,0.0031956976745277643
1776636478460.4912,-0.0005323254154063761,-0.0026616270188242197,0.007988371886312962
1776636478465.494,-0.0015969761880114675,0.0005323254154063761,0.004792673978954554
1776636478470.4968,0.0010646508308127522,0.0005323254154063761,0.007456046529114246
1776636478475.4998,-0.0026616270188242197,-0.0021293016616255045,0.004792673978954554
1776636478480.5027,-0.004792673978954554,-0.0010646508308127522,0.007988371886312962
1776636478485.5046,-0.0010646508308127522,-0.0021293016616255045,0.004792673978954554
1776636478490.5073,-0.004260348621755838,-0.0010646508308127522,0.006923720706254244
1776636478495.5103,-0.0026616270188242197,-0.0015969761880114675,0.0015969761880114675
1776636478500.5132,-0.004792673978954554,0.0015969761880114675,0.005324999336153269
1776636478505.516,-0.0015969761880114675,-0.005324999336153269,0.005324999336153269
1776636478510.519,-0.0021293016616255045,-0.0010646508308127522,0.005859069991856813
1776636478515.522,-0.0031956976745277643,0.0021293016616255045,0.0026616270188242197
1776636478520.5247,-0.0021293016616255045,-0.0005323254154063761,0.0026616270188242197
1776636478525.5276,-0.0005323254154063761,-0.005324999336153269,0.007988371886312962
1776636478530.5295,-0.006391395349055529,-0.005324999336153269,0.006391395349055529
1776636478535.5325,-0.0026616270188242197,-0.0026616270188242197,0.007456046529114246
1776636478540.5354,-0.0026616270188242197,0.0,0.010651743970811367
1776636478545.538,-0.0021293016616255045,0.0015969761880114675,0.004260348621755838
1776636478550.541,-0.0015969761880114675,-0.0005323254154063761,0.008520697243511677
1776636478555.544,-0.0005323254154063761,-0.0010646508308127522,0.0026616270188242197
1776636478560.5469,-0.005324999336153269,-0.0010646508308127522,0.004260348621755838
1776636478565.5498,-0.0021293016616255045,-0.0010646508308127522,0.006391395349055529
1776636478570.5527,-0.0010646508308127522,-0.0015969761880114675,0.004792673978954554
1776636478575.5557,-0.0021293016616255045,-0.0015969761880114675,0.005859069991856813
1776636478580.5583,-0.0021293016616255045,-0.0021293016616255045,0.004792673978954554
1776636478585.5613,-0.0021293016616255045,-0.004260348621755838,0.0026616270188242197
1776636478590.5632,-0.004260348621755838,-0.003728023264557123,0.011718139983713627
1776636478595.5662,-0.0021293016616255045,-0.0005323254154063761,0.008520697243511677
1776636478600.569,-0.0005323254154063761,-0.0010646508308127522,0.004260348621755838
1776636478605.572,-0.0026616270188242197,-0.0010646508308127522,0.0005323254154063761
1776636478610.5747,-0.0031956976745277643,-0.005324999336153269,0.007988371886312962
1776636478615.5776,-0.0031956976745277643,0.0031956976745277643,0.003728023264557123
1776636478620.5806,-0.0010646508308127522,-0.003728023264557123,0.005324999336153269
1776636478625.5835,-0.0026616270188242197,-0.0010646508308127522,0.005324999336153269
1776636478630.5864,-0.0021293016616255045,-0.005859069991856813,0.0026616270188242197
1776636478635.5894,-0.0010646508308127522,-0.0005323254154063761,0.005859069991856813
1776636478640.591,-0.0010646508308127522,-0.0015969761880114675,0.005324999336153269
1776636478645.594,-0.0026616270188242197,0.0010646508308127522,0.005859069991856813
1776636478650.597,-0.0031956976745277643,-0.0021293016616255045,0.012250465340912342
1776636478655.5999,-0.0015969761880114675,0.0015969761880114675,0.006923720706254244
1776636478660.6028,0.0005323254154063761,0.0005323254154063761,0.006391395349055529
1776636478665.6057,-0.005859069991856813,-0.004792673978954554,0.005324999336153269
1776636478670.6086,-0.004260348621755838,-0.003728023264557123,0.006923720706254244
1776636478675.6116,-0.0026616270188242197,-0.0005323254154063761,0.009054767899215221
1776636478680.6143,-0.004260348621755838,-0.0021293016616255045,0.0021293016616255045
1776636478685.6172,-0.004792673978954554,0.0010646508308127522,0.009054767899215221
1776636478690.6191,-0.003728023264557123,-0.004260348621755838,0.0031956976745277643
1776636478695.622,-0.003728023264557123,-0.0005323254154063761,0.006923720706254244
1776636478700.625,-0.0015969761880114675,0.0015969761880114675,0.0015969761880114675
1776636478705.628,-0.0015969761880114675,-0.003728023264557123,0.004792673978954554
1776636478710.6309,-0.0015969761880114675,0.0010646508308127522,0.004792673978954554
1776636478715.6335,-0.004792673978954554,-0.004260348621755838,0.007456046529114246
1776636478720.6365,-0.0026616270188242197,-0.0021293016616255045,0.009054767899215221
1776636478725.6394,-0.0031956976745277643,0.0010646508308127522,0.006391395349055529
1776636478730.6423,-0.004260348621755838,-0.0026616270188242197,0.004792673978954554
1776636478735.6453,-0.003728023264557123,-0.0015969761880114675,0.006923720706254244
1776636478740.6482,-0.0026616270188242197,-0.0005323254154063761,0.0021293016616255045
1776636478745.6511,-0.0005323254154063761,0.0031956976745277643,0.006923720706254244
1776636478750.654,-0.0021293016616255045,0.0010646508308127522,0.004792673978954554
1776636478755.6558,0.0005323254154063761,-0.006391395349055529,0.004260348621755838
1776636478760.6582,-0.003728023264557123,-0.0031956976745277643,0.009587093256413937
1776636478765.6606,-0.0005323254154063761,-0.0031956976745277643,0.005859069991856813
1776636478770.6628,-0.0005323254154063761,-0.0005323254154063761,0.008520697243511677
1776636478775.6653,-0.0021293016616255045,-0.004260348621755838,0.003728023264557123
1776636478780.6677,-0.0021293016616255045,-0.0026616270188242197,0.006391395349055529
1776636478785.6702,-0.004792673978954554,-0.003728023264557123,0.011184069328010082
1776636478790.6724,0.0021293016616255045,-0.003728023264557123,0.004792673978954554
1776636478795.6748,-0.006923720706254244,-0.003728023264557123,0.006391395349055529
1776636478800.6772,-0.0026616270188242197,0.0,0.004260348621755838
1776636478805.6794,-0.0015969761880114675,-0.0026616270188242197,0.009054767899215221
1776636478810.681,-0.0005323254154063761,0.0015969761880114675,0.0031956976745277643
1776636478815.6833,-0.0005323254154063761,0.0015969761880114675,0.005859069991856813
1776636478820.6855,-0.005324999336153269,-0.004260348621755838,0.006923720706254244
1776636478825.688,-0.0015969761880114675,-0.0015969761880114675,0.006923720706254244
1776636478830.6904,-0.003728023264557123,0.0010646508308127522,0.005324999336153269
1776636478835.6929,-0.0021293016616255045,0.0005323254154063761,0.0026616270188242197
1776636478840.695,-0.0015969761880114675,0.0005323254154063761,0.007988371886312962
1776636478845.6975,-0.0031956976745277643,-0.0021293016616255045,0.004260348621755838
1776636478850.7,-0.0005323254154063761,0.0005323254154063761,0.0031956976745277643
1776636478855.7012,-0.005859069991856813,-0.0015969761880114675,0.005324999336153269
1776636478860.7036,-0.004792673978954554,-0.0031956976745277643,0.005859069991856813
1776636478865.706,-0.0031956976745277643,0.0015969761880114675,0.009587093256413937
1776636478870.7083,-0.0015969761880114675,-0.0021293016616255045,0.0021293016616255045
1776636478875.7107,0.0005323254154063761,0.0,0.006923720706254244
1776636478880.7131,-0.0015969761880114675,-0.0005323254154063761,0.006923720706254244
1776636478885.7156,-0.0010646508308127522,0.0005323254154063761,0.008520697243511677
1776636478890.7178,-0.0026616270188242197,-0.0010646508308127522,0.005859069991856813
1776636478895.7202,-0.003728023264557123,-0.0005323254154063761,0.0021293016616255045
1776636478900.7227,-0.0021293016616255045,0.0005323254154063761,0.004260348621755838
1776636478905.7239,-0.0005323254154063761,0.0005323254154063761,0.005859069991856813
1776636478910.7263,-0.003728023264557123,0.0,0.012250465340912342
1776636478915.7288,-0.004260348621755838,-0.003728023264557123,0.005859069991856813
1776636478920.731,-0.0021293016616255045,-0.0021293016616255045,0.006391395349055529
1776636478925.7334,-0.0031956976745277643,0.0,0.005859069991856813
1776636478930.7358,-0.0015969761880114675,-0.0015969761880114675,0.006391395349055529
1776636478935.738,-0.0026616270188242197,-0.0005323254154063761,0.004260348621755838
1776636478940.7405,-0.0,-0.0005323254154063761,0.005859069991856813
1776636478945.743,-0.0,-0.0010646508308127522,0.009587093256413937
1776636478950.745,0.0021293016616255045,0.0,0.007988371886312962
1776636478955.7476,-0.0015969761880114675,0.0,0.0031956976745277643
1776636478960.75,0.0005323254154063761,0.0010646508308127522,0.005859069991856813
1776636478965.7524,0.0005323254154063761,0.003728023264557123,0.007456046529114246
1776636478970.7537,0.0005323254154063761,-0.0031956976745277643,0.005859069991856813
1776636478975.756,0.0015969761880114675,-0.004260348621755838,0.008520697243511677
1776636478980.7583,-0.0010646508308127522,-0.0021293016616255045,0.005859069991856813
1776636478985.7607,-0.0005323254154063761,0.0010646508308127522,0.007988371886312962
1776636478990.7632,-0.0010646508308127522,-0.0015969761880114675,0.010651743970811367
1776636478995.7656,-0.0021293016616255045,0.0,0.008520697243511677
1776636479000.7678,0.0026616270188242197,-0.0005323254154063761,0.0021293016616255045
1776636479005.7703,-0.004260348621755838,0.0010646508308127522,0.010651743970811367
1776636479010.7727,-0.0021293016616255045,-0.0005323254154063761,0.0010646508308127522
1776636479015.775,-0.0026616270188242197,-0.0021293016616255045,0.005859069991856813
1776636479020.7773,-0.0010646508308127522,-0.0015969761880114675,0.0031956976745277643
1776636479025.7786,-0.0031956976745277643,-0.0005323254154063761,0.0031956976745277643
1776636479030.781,-0.0015969761880114675,-0.0031956976745277643,0.004792673978954554
1776636479035.7834,-0.0026616270188242197,0.0,0.0031956976745277643
1776636479040.786,-0.0010646508308127522,-0.0010646508308127522,0.005859069991856813
1776636479045.788,-0.0031956976745277643,-0.003728023264557123,0.007988371886312962
1776636479050.7905,-0.0015969761880114675,-0.0010646508308127522,0.003728023264557123
1776636479055.793,-0.0026616270188242197,-0.0021293016616255045,0.007456046529114246
1776636479060.7952,-0.0015969761880114675,-0.0021293016616255045,-0.0005323254154063761
1776636479065.7976,-0.0026616270188242197,-0.0031956976745277643,0.006391395349055529
1776636479070.8,-0.0010646508308127522,-0.0031956976745277643,0.004260348621755838
1776636479075.8013,-0.003728023264557123,-0.0021293016616255045,0.007456046529114246
1776636479080.8037,-0.0010646508308127522,0.0005323254154063761,0.007988371886312962
1776636479085.806,-0.0031956976745277643,-0.005324999336153269,0.007456046529114246
1776636479090.8083,-0.006923720706254244,-0.004260348621755838,0.005859069991856813
1776636479095.8108,-0.0010646508308127522,0.0,0.006923720706254244
1776636479100.813,-0.004792673978954554,-0.005324999336153269,0.003728023264557123
1776636479105.8154,-0.003728023264557123,-0.003728023264557123,0.0
1776636479110.8179,-0.0026616270188242197,0.0010646508308127522,0.004792673978954554
1776636479115.82,-0.004260348621755838,0.0015969761880114675,0.005324999336153269
1776636479120.8215,-0.0026616270188242197,0.0,0.0031956976745277643
1776636479125.824,-0.004260348621755838,-0.003728023264557123,0.004792673978954554
1776636479130.8271,0.0015969761880114675,-0.0005323254154063761,0.004260348621755838
1776636479135.8286,-0.0010646508308127522,-0.003728023264557123,0.0010646508308127522
1776636479140.831,0.0010646508308127522,0.0021293016616255045,0.012250465340912342
1776636479145.8333,-0.0015969761880114675,0.0026616270188242197,0.0021293016616255045
1776636479150.8357,-0.0026616270188242197,-0.0015969761880114675,0.005859069991856813
1776636479155.8381,0.0005323254154063761,-0.0031956976745277643,0.004260348621755838
1776636479160.8403,-0.0005323254154063761,-0.0026616270188242197,0.007988371886312962
1776636479165.8428,-0.0031956976745277643,0.0005323254154063761,0.0005323254154063761
1776636479170.8452,-0.0026616270188242197,-0.004792673978954554,0.008520697243511677
1776636479175.8474,-0.004260348621755838,-0.0015969761880114675,0.0031956976745277643
1776636479180.8499,-0.0015969761880114675,-0.0005323254154063761,0.007456046529114246
1776636479185.851,-0.004260348621755838,-0.0005323254154063761,0.0031956976745277643
1776636479190.8535,-0.0,-0.004792673978954554,0.006391395349055529
1776636479195.856,-0.003728023264557123,-0.005324999336153269,0.009054767899215221
1776636479200.8582,-0.004260348621755838,-0.0021293016616255045,0.007456046529114246
1776636479205.8606,-0.004260348621755838,-0.004792673978954554,0.003728023264557123
1776636479210.863,-0.0026616270188242197,0.0005323254154063761,0.009054767899215221
1776636479215.8652,-0.0005323254154063761,-0.0031956976745277643,0.003728023264557123
1776636479220.8677,-0.004260348621755838,-0.0015969761880114675,0.009054767899215221
1776636479225.87,-0.0005323254154063761,0.0,0.0026616270188242197
1776636479230.8723,-0.0010646508308127522,-0.003728023264557123,0.005324999336153269
1776636479235.8738,-0.006391395349055529,0.0,-0.0005323254154063761
1776636479240.876,-0.003728023264557123,0.0010646508308127522,0.006391395349055529
1776636479245.8784,-0.0026616270188242197,-0.0005323254154063761,0.005324999336153269
1776636479250.8809,-0.0026616270188242197,-0.0026616270188242197,0.003728023264557123
1776636479255.883,-0.0026616270188242197,-0.0031956976745277643,0.0010646508308127522
1776636479260.8855,-0.003728023264557123,-0.0015969761880114675,0.012250465340912342
1776636479265.888,0.0015969761880114675,0.0005323254154063761,0.0031956976745277643
1776636479270.8901,-0.0021293016616255045,-0.0026616270188242197,0.004792673978954554
1776636479275.8926,-0.0031956976745277643,-0.0026616270188242197,0.005859069991856813
1776636479280.8948,-0.0010646508308127522,-0.0021293016616255045,0.006391395349055529
1776636479285.8962,-0.004260348621755838,0.0005323254154063761,0.007456046529114246
1776636479290.8987,-0.0,-0.0005323254154063761,0.006923720706254244
1776636479295.9019,-0.0021293016616255045,-0.0021293016616255045,0.007456046529114246
1776636479300.9033,-0.0015969761880114675,0.0,0.007456046529114246
1776636479305.9058,-0.0031956976745277643,-0.0026616270188242197,0.009054767899215221
1776636479310.908,0.0005323254154063761,0.0005323254154063761,0.0026616270188242197
1776636479315.9104,-0.0015969761880114675,-0.0021293016616255045,0.004792673978954554
1776636479320.9126,0.0010646508308127522,0.0010646508308127522,0.009054767899215221
1776636479325.915,-0.0021293016616255045,0.0005323254154063761,0.004260348621755838
1776636479330.9175,-0.0026616270188242197,-0.0010646508308127522,0.007988371886312962
1776636479335.9197,-0.0015969761880114675,-0.0031956976745277643,0.009054767899215221
1776636479340.922,-0.0005323254154063761,-0.005324999336153269,0.005324999336153269
1776636479345.9243,-0.0026616270188242197,-0.0015969761880114675,0.0021293016616255045
1776636479350.9258,-0.0015969761880114675,-0.0021293016616255045,0.0010646508308127522
1776636479355.9282,-0.003728023264557123,-0.004792673978954554,0.006923720706254244
1776636479360.9304,-0.0026616270188242197,-0.006391395349055529,0.006923720706254244
1776636479365.9329,-0.005859069991856813,-0.0005323254154063761,0.007988371886312962
1776636479370.935,-0.0005323254154063761,-0.0026616270188242197,0.006923720706254244
1776636479375.9375,-0.0026616270188242197,0.0010646508308127522,0.005324999336153269
1776636479380.94,-0.0010646508308127522,-0.0010646508308127522,0.006391395349055529
1776636479385.9421,-0.003728023264557123,-0.0021293016616255045,0.005324999336153269
1776636479390.9446,-0.0005323254154063761,-0.0010646508308127522,0.009587093256413937
1776636479395.947,-0.003728023264557123,-0.0026616270188242197,0.0026616270188242197
1776636479400.9482,-0.003728023264557123,-0.0015969761880114675,0.006391395349055529
1776636479405.9507,-0.004260348621755838,-0.0005323254154063761,0.006923720706254244
1776636479410.953,0.0005323254154063761,-0.004260348621755838,-0.0010646508308127522
1776636479415.9553,0.0005323254154063761,-0.0021293016616255045,0.007456046529114246
1776636479420.9578,0.0005323254154063761,-0.0005323254154063761,0.007456046529114246
1776636479425.96,-0.0021293016616255045,-0.0026616270188242197,0.006923720706254244
1776636479430.9624,-0.004792673978954554,-0.0031956976745277643,0.005859069991856813
1776636479435.9646,-0.005859069991856813,-0.0026616270188242197,0.003728023264557123
1776636479440.967,-0.0021293016616255045,0.0,0.0
1776636479445.9695,-0.0026616270188242197,-0.004260348621755838,0.006391395349055529
1776636479450.9717,-0.0026616270188242197,-0.0005323254154063761,0.007456046529114246
1776636479455.974,-0.0026616270188242197,-0.0010646508308127522,0.010119418613612652
1776636479460.9753,-0.0015969761880114675,-0.0015969761880114675,0.005324999336153269
1776636479465.9778,-0.0026616270188242197,-0.0021293016616255045,0.003728023264557123
1776636479470.98,0.0,0.0,0.006923720706254244
1776636479475.9824,-0.0021293016616255045,-0.0026616270188242197,0.0015969761880114675
1776636479480.9849,-0.0,-0.0015969761880114675,0.005859069991856813
1776636479485.987,-0.0026616270188242197,-0.003728023264557123,0.007456046529114246
1776636479490.9895,-0.004792673978954554,0.0005323254154063761,0.006923720706254244
1776636479495.9917,-0.0005323254154063761,-0.005859069991856813,0.006923720706254244
1776636479500.9941,-0.003728023264557123,0.0010646508308127522,0.006923720706254244
1776636479505.9956,-0.0021293016616255045,-0.0026616270188242197,0.0015969761880114675
1776636479510.9978,-0.0010646508308127522,0.0010646508308127522,0.006923720706254244
1776636479516.0002,-0.0010646508308127522,0.0,0.007988371886312962
1776636479521.0024,-0.003728023264557123,-0.0005323254154063761,0.0005323254154063761
1776636479526.005,-0.003728023264557123,0.0,0.009587093256413937
1776636479531.0073,-0.003728023264557123,-0.003728023264557123,0.0021293016616255045
1776636479536.0095,0.0021293016616255045,0.0021293016616255045,0.005859069991856813
1776636479541.012,-0.0005323254154063761,-0.0010646508308127522,0.003728023264557123
1776636479546.0142,-0.004792673978954554,0.0021293016616255045,0.010651743970811367
1776636479551.0166,-0.0005323254154063761,0.0021293016616255045,0.0031956976745277643
1776636479556.0188,0.0005323254154063761,0.0005323254154063761,0.004260348621755838
1776636479561.0203,-0.0015969761880114675,0.0015969761880114675,0.009587093256413937
1776636479566.0227,-0.004260348621755838,-0.004260348621755838,0.006923720706254244
1776636479571.025,-0.0015969761880114675,0.0,0.005859069991856813
1776636479576.0273,-0.0021293016616255045,0.0005323254154063761,0.005859069991856813
1776636479581.0295,-0.0015969761880114675,0.0015969761880114675,0.004792673978954554
1776636479586.032,-0.004260348621755838,-0.0021293016616255045,0.004792673978954554
1776636479591.0342,-0.0021293016616255045,-0.004792673978954554,0.007988371886312962
1776636479596.0366,-0.0,-0.0031956976745277643,0.005324999336153269
1776636479601.039,-0.003728023264557123,-0.0005323254154063761,0.007988371886312962
1776636479606.0413,-0.0021293016616255045,0.0005323254154063761,0.0026616270188242197
1776636479611.0437,-0.0031956976745277643,0.0021293016616255045,0.007988371886312962
1776636479616.045,-0.0015969761880114675,0.0,0.007456046529114246
1776636479621.0474,0.0026616270188242197,0.0005323254154063761,0.006923720706254244
1776636479626.0496,-0.003728023264557123,-0.0021293016616255045,0.0031956976745277643
1776636479631.052,0.0005323254154063761,-0.0026616270188242197,0.007988371886312962
1776636479636.0544,-0.0010646508308127522,-0.0015969761880114675,0.0026616270188242197
1776636479641.0566,-0.0010646508308127522,-0.0026616270188242197,0.008520697243511677
1776636479646.059,-0.0005323254154063761,-0.004792673978954554,0.008520697243511677
1776636479651.0613,-0.0021293016616255045,-0.0010646508308127522,0.007988371886312962
1776636479656.0637,0.0031956976745277643,0.004260348621755838,0.007456046529114246
1776636479661.066,-0.0026616270188242197,-0.0015969761880114675,0.006391395349055529
1776636479666.0684,-0.0005323254154063761,-0.0010646508308127522,0.0
1776636479671.0696,-0.0026616270188242197,-0.0010646508308127522,0.0026616270188242197
1776636479676.072,-0.003728023264557123,-0.0021293016616255045,0.0031956976745277643
1776636479681.0745,-0.0005323254154063761,-0.005324999336153269,0.004260348621755838
1776636479686.0767,-0.0010646508308127522,0.0015969761880114675,0.005324999336153269
1776636479691.079,-0.0026616270188242197,0.0,0.006923720706254244
1776636479696.0813,-0.005859069991856813,-0.004792673978954554,0.0026616270188242197
1776636479701.0837,-0.0015969761880114675,-0.0005323254154063761,0.005324999336153269
1776636479706.086,-0.0021293016616255045,-0.0005323254154063761,0.004260348621755838
1776636479711.0884,-0.0010646508308127522,0.0,0.0010646508308127522
1776636479716.0906,-0.005324999336153269,-0.0015969761880114675,0.006391395349055529
1776636479721.092,-0.0031956976745277643,-0.003728023264557123,0.005859069991856813
1776636479726.0942,-0.0,-0.007988371886312962,0.004792673978954554
1776636479731.0967,-0.0010646508308127522,-0.0015969761880114675,0.0031956976745277643
1776636479736.099,-0.0010646508308127522,-0.0026616270188242197,0.007988371886312962
1776636479741.1013,-0.004260348621755838,-0.004792673978954554,0.007456046529114246
1776636479746.1038,-0.0031956976745277643,-0.0010646508308127522,0.005859069991856813
1776636479751.106,0.0,0.0005323254154063761,0.006391395349055529
1776636479756.1084,-0.004260348621755838,0.0005323254154063761,0.007456046529114246
1776636479761.1106,-0.0031956976745277643,0.0,0.005324999336153269
1776636479766.113,0.0005323254154063761,0.0021293016616255045,0.004260348621755838
1776636479771.1152,-0.0021293016616255045,-0.0026616270188242197,0.010651743970811367
1776636479776.1167,-0.0031956976745277643,-0.003728023264557123,0.007456046529114246
1776636479781.119,-0.0,-0.0026616270188242197,0.0015969761880114675
1776636479786.1213,-0.0015969761880114675,-0.0026616270188242197,0.005859069991856813
1776636479791.1235,-0.004792673978954554,0.0,0.008520697243511677
1776636479796.126,-0.0026616270188242197,-0.0021293016616255045,0.003728023264557123
1776636479801.1282,-0.0005323254154063761,-0.0010646508308127522,0.010119418613612652
1776636479806.1306,-0.004260348621755838,-0.0015969761880114675,0.003728023264557123
1776636479811.1328,-0.0026616270188242197,0.0015969761880114675,0.003728023264557123
1776636479816.1353,-0.005324999336153269,-0.0026616270188242197,0.009054767899215221
1776636479821.1375,-0.007456046529114246,-0.0010646508308127522,0.009587093256413937
1776636479826.14,-0.0026616270188242197,-0.0026616270188242197,0.005324999336153269
1776636479831.141,-0.005859069991856813,-0.0031956976745277643,0.0015969761880114675
1776636479836.1436,-0.0031956976745277643,-0.004792673978954554,0.006923720706254244
1776636479841.1458,-0.004260348621755838,-0.0005323254154063761,0.010651743970811367
1776636479846.1482,0.0010646508308127522,-0.003728023264557123,0.003728023264557123
1776636479851.1504,-0.0031956976745277643,-0.0015969761880114675,0.004260348621755838
1776636479856.1528,-0.0010646508308127522,-0.005859069991856813,0.0026616270188242197
1776636479861.155,-0.003728023264557123,-0.0021293016616255045,0.006391395349055529
1776636479866.1572,-0.005324999336153269,-0.0021293016616255045,0.005324999336153269
1776636479871.1597,-0.0021293016616255045,-0.0031956976745277643,0.011184069328010082
1776636479876.1619,-0.0,-0.0005323254154063761,0.009054767899215221
1776636479881.1643,-0.0,-0.0026616270188242197,0.003728023264557123
1776636479886.1655,-0.0010646508308127522,-0.003728023264557123,0.005324999336153269
1776636479891.169,-0.0026616270188242197,-0.0010646508308127522,0.0015969761880114675
1776636479896.1702,-0.0010646508308127522,-0.0021293016616255045,0.0015969761880114675
1776636479901.1726,-0.0031956976745277643,-0.0031956976745277643,0.005859069991856813
1776636479906.1748,-0.0005323254154063761,-0.0005323254154063761,0.006923720706254244
1776636479911.1772,-0.0026616270188242197,0.0,0.005324999336153269
1776636479916.1794,-0.0015969761880114675,-0.0015969761880114675,0.004260348621755838
1776636479921.182,-0.0026616270188242197,-0.004260348621755838,0.008520697243511677
1776636479926.184,-0.0010646508308127522,-0.0010646508308127522,0.010651743970811367
1776636479931.1865,-0.0031956976745277643,-0.0015969761880114675,0.007456046529114246
1776636479936.1887,-0.0031956976745277643,-0.0005323254154063761,0.004260348621755838
1776636479941.191,-0.0005323254154063761,-0.004260348621755838,0.004260348621755838
1776636479946.1924,-0.0005323254154063761,-0.003728023264557123,0.005859069991856813
1776636479951.1946,0.0010646508308127522,-0.0010646508308127522,0.0026616270188242197
1776636479956.197,-0.0021293016616255045,0.0010646508308127522,0.005859069991856813
1776636479961.1992,0.0010646508308127522,0.005324999336153269,0.010119418613612652
1776636479966.2017,0.0,0.0,0.004260348621755838
1776636479971.2039,-0.0026616270188242197,-0.0010646508308127522,0.006391395349055529
1776636479976.2063,-0.0021293016616255045,-0.005859069991856813,0.010119418613612652
1776636479981.2085,-0.0026616270188242197,0.0005323254154063761,0.0021293016616255045
1776636479986.211,-0.0015969761880114675,0.0021293016616255045,0.007456046529114246
1776636479991.2131,0.0,0.0021293016616255045,0.004792673978954554
1776636479996.2144,-0.004792673978954554,0.0010646508308127522,0.004792673978954554
1776636480001.2168,0.0005323254154063761,-0.0026616270188242197,0.006923720706254244
1776636480006.219,-0.005324999336153269,-0.0010646508308127522,0.004792673978954554
1776636480011.2214,-0.0015969761880114675,-0.0015969761880114675,0.007456046529114246
1776636480016.2236,-0.003728023264557123,-0.005324999336153269,0.008520697243511677
1776636480021.226,-0.005324999336153269,-0.0010646508308127522,0.004260348621755838
1776636480026.2283,-0.003728023264557123,-0.0005323254154063761,0.0021293016616255045
1776636480031.2307,-0.0026616270188242197,0.004260348621755838,0.007456046529114246
1776636480036.233,-0.005324999336153269,-0.0021293016616255045,0.006923720706254244
1776636480041.2341,-0.0010646508308127522,-0.003728023264557123,0.0021293016616255045
1776636480046.2366,-0.003728023264557123,-0.0021293016616255045,0.007456046529114246
1776636480051.2388,-0.003728023264557123,-0.0005323254154063761,0.006923720706254244
1776636480056.2412,-0.0005323254154063761,-0.0026616270188242197,0.010119418613612652
1776636480061.2434,-0.004260348621755838,-0.0010646508308127522,0.006391395349055529
1776636480066.2458,-0.0010646508308127522,-0.005324999336153269,0.003728023264557123
1776636480071.248,-0.0026616270188242197,-0.004792673978954554,0.009587093256413937
1776636480076.2502,-0.004792673978954554,0.0005323254154063761,0.005324999336153269
1776636480081.2527,-0.0005323254154063761,-0.003728023264557123,0.006391395349055529
1776636480086.255,-0.0010646508308127522,-0.0031956976745277643,0.005859069991856813
1776636480091.2573,-0.003728023264557123,0.0021293016616255045,0.012250465340912342
1776636480096.2585,0.0010646508308127522,-0.0031956976745277643,0.007456046529114246
1776636480101.261,-0.004260348621755838,0.0031956976745277643,0.005859069991856813
1776636480106.2632,-0.004260348621755838,-0.0026616270188242197,0.004792673978954554
1776636480111.2654,-0.0031956976745277643,-0.0021293016616255045,0.005324999336153269
1776636480116.2678,-0.0015969761880114675,0.0010646508308127522,0.010119418613612652
1776636480121.27,-0.004260348621755838,0.0010646508308127522,0.005324999336153269
1776636480126.2725,-0.0026616270188242197,-0.004792673978954554,0.010651743970811367
1776636480131.2747,-0.0010646508308127522,-0.0026616270188242197,0.005859069991856813
1776636480136.277,-0.0005323254154063761,0.0015969761880114675,0.004792673978954554
1776636480141.2793,-0.0005323254154063761,-0.0005323254154063761,0.006391395349055529
1776636480146.2805,-0.0,-0.004260348621755838,0.0021293016616255045
1776636480151.284,-0.004260348621755838,-0.0005323254154063761,0.0026616270188242197
1776636480156.2852,-0.004792673978954554,0.0,0.005859069991856813
1776636480161.2876,-0.0026616270188242197,0.0015969761880114675,0.006391395349055529
1776636480166.2898,-0.0026616270188242197,-0.0005323254154063761,0.007988371886312962
1776636480171.292,-0.0021293016616255045,0.0,0.006923720706254244
1776636480176.2944,-0.0005323254154063761,-0.0031956976745277643,0.005324999336153269
1776636480181.2966,-0.0015969761880114675,-0.0010646508308127522,0.007456046529114246
1776636480186.299,-0.0015969761880114675,0.0021293016616255045,0.007456046529114246
1776636480191.3013,-0.003728023264557123,-0.005324999336153269,0.0015969761880114675
1776636480196.3037,0.0,0.0010646508308127522,0.006391395349055529
1776636480201.306,-0.0015969761880114675,-0.0010646508308127522,0.005859069991856813
1776636480206.3071,0.0,0.0015969761880114675,0.007456046529114246
1776636480211.3096,0.0005323254154063761,-0.005324999336153269,0.005859069991856813
1776636480216.3118,-0.0031956976745277643,0.0015969761880114675,0.005324999336153269
1776636480221.3142,-0.0005323254154063761,0.0005323254154063761,0.009054767899215221
1776636480226.3164,0.0,-0.0005323254154063761,-0.003728023264557123
1776636480231.3186,-0.004260348621755838,0.0,0.009054767899215221
1776636480236.321,0.0005323254154063761,-0.0026616270188242197,0.0026616270188242197
1776636480241.3232,-0.0015969761880114675,-0.0021293016616255045,0.007988371886312962
1776636480246.3257,-0.0010646508308127522,-0.0015969761880114675,0.005859069991856813
1776636480251.328,-0.0021293016616255045,-0.003728023264557123,0.0010646508308127522
1776636480256.329,-0.004260348621755838,0.0005323254154063761,0.009587093256413937
1776636480261.3315,-0.0021293016616255045,-0.004792673978954554,0.007456046529114246
1776636480266.3337,-0.004792673978954554,-0.0015969761880114675,0.0026616270188242197
1776636480271.3362,-0.005324999336153269,-0.0021293016616255045,0.0031956976745277643
1776636480276.3384,-0.0015969761880114675,0.0015969761880114675,0.0026616270188242197
1776636480281.3406,-0.005324999336153269,0.004792673978954554,0.004260348621755838
1776636480286.343,-0.0021293016616255045,0.0005323254154063761,0.004792673978954554
1776636480291.3452,-0.006923720706254244,-0.0031956976745277643,0.0031956976745277643
1776636480296.3477,-0.006391395349055529,0.0005323254154063761,0.0005323254154063761
1776636480301.3499,-0.0021293016616255045,0.0010646508308127522,0.0015969761880114675
1776636480306.352,-0.007988371886312962,-0.0026616270188242197,0.004792673978954554
1776636480311.3535,-0.0021293016616255045,0.0005323254154063761,0.005859069991856813
1776636480316.3567,-0.0021293016616255045,-0.0026616270188242197,0.0021293016616255045
1776636480321.358,-0.0010646508308127522,-0.0026616270188242197,0.008520697243511677
1776636480326.3604,-0.0005323254154063761,-0.0005323254154063761,0.005859069991856813
1776636480331.3625,-0.0010646508308127522,-0.0031956976745277643,0.006391395349055529
1776636480336.365,0.0010646508308127522,-0.0005323254154063761,0.0015969761880114675
1776636480341.3672,0.0021293016616255045,-0.0005323254154063761,0.005324999336153269
1776636480346.3694,-0.0010646508308127522,-0.0005323254154063761,0.0021293016616255045
1776636480351.3718,-0.0010646508308127522,-0.006923720706254244,0.007456046529114246
1776636480356.374,-0.0,-0.004260348621755838,0.0026616270188242197
1776636480361.3765,-0.0005323254154063761,-0.0015969761880114675,0.008520697243511677
1776636480366.3777,-0.004260348621755838,-0.0031956976745277643,0.007456046529114246
1776636480371.38,-0.0031956976745277643,-0.0005323254154063761,0.005859069991856813
1776636480376.3823,-0.0015969761880114675,-0.0010646508308127522,0.004792673978954554
1776636480381.3845,-0.0026616270188242197,0.0015969761880114675,0.0010646508308127522
1776636480386.3867,-0.0026616270188242197,-0.0015969761880114675,0.009054767899215221
1776636480391.3892,-0.003728023264557123,-0.0021293016616255045,0.005324999336153269
1776636480396.3914,-0.004260348621755838,-0.0026616270188242197,0.009054767899215221
1776636480401.3936,-0.004792673978954554,0.0005323254154063761,0.005324999336153269
1776636480406.396,-0.005324999336153269,0.0005323254154063761,0.008520697243511677
1776636480411.3982,-0.0031956976745277643,0.0,0.006391395349055529
1776636480416.3997,-0.003728023264557123,0.004792673978954554,0.007456046529114246
1776636480421.4028,0.0005323254154063761,0.0021293016616255045,0.007456046529114246
1776636480426.404,-0.0010646508308127522,-0.004792673978954554,0.007988371886312962
1776636480431.4065,0.0,0.0010646508308127522,0.006391395349055529
1776636480436.4087,0.0010646508308127522,-0.0026616270188242197,0.0031956976745277643
1776636480441.411,-0.0026616270188242197,-0.0010646508308127522,0.004792673978954554
1776636480446.4133,-0.003728023264557123,-0.003728023264557123,0.009587093256413937
1776636480451.4155,0.0010646508308127522,-0.0021293016616255045,0.0015969761880114675
1776636480456.418,-0.0005323254154063761,-0.003728023264557123,0.006391395349055529
1776636480461.4202,-0.0015969761880114675,-0.0005323254154063761,0.006391395349055529
1776636480466.4224,-0.0021293016616255045,-0.0005323254154063761,0.0021293016616255045
1776636480471.4248,-0.0031956976745277643,-0.003728023264557123,0.004260348621755838
1776636480476.426,-0.005859069991856813,-0.0005323254154063761,0.0031956976745277643
1776636480481.4282,-0.0010646508308127522,-0.0031956976745277643,0.006923720706254244
1776636480486.4307,-0.0,-0.0021293016616255045,0.009054767899215221
1776636480491.4329,-0.0026616270188242197,-0.0021293016616255045,0.010651743970811367
1776636480496.435,-0.005324999336153269,-0.0015969761880114675,0.007456046529114246
1776636480501.4375,-0.0015969761880114675,-0.0031956976745277643,0.0031956976745277643
1776636480506.4397,-0.0021293016616255045,-0.0015969761880114675,0.007456046529114246
1776636480511.442,-0.0026616270188242197,0.0,0.006391395349055529
1776636480516.4443,-0.0010646508308127522,-0.004792673978954554,0.0026616270188242197
1776636480521.4465,-0.005324999336153269,-0.0026616270188242197,0.007456046529114246
1776636480526.4487,0.0005323254154063761,-0.005859069991856813,0.007988371886312962
1776636480531.4502,-0.0026616270188242197,-0.0005323254154063761,0.004260348621755838
1776636480536.4524,-0.0005323254154063761,0.0015969761880114675,0.005859069991856813
1776636480541.4546,-0.0005323254154063761,-0.0010646508308127522,0.009054767899215221
1776636480546.457,0.0,0.0,0.0026616270188242197
1776636480551.4592,-0.0031956976745277643,-0.0026616270188242197,0.010119418613612652
1776636480556.4614,-0.0005323254154063761,-0.0021293016616255045,0.005859069991856813
1776636480561.4639,-0.0010646508308127522,-0.005859069991856813,0.006391395349055529
1776636480566.466,-0.0010646508308127522,-0.0031956976745277643,0.006391395349055529
1776636480571.4685,-0.0026616270188242197,-0.0031956976745277643,0.007456046529114246
1776636480576.4707,0.0015969761880114675,0.0,0.008520697243511677
1776636480581.473,-0.0021293016616255045,-0.0010646508308127522,0.011718139983713627
1776636480586.474,-0.0015969761880114675,-0.007988371886312962,0.008520697243511677
1776636480591.4766,-0.0031956976745277643,-0.003728023264557123,0.007988371886312962
1776636480596.4788,-0.0015969761880114675,0.0031956976745277643,0.010119418613612652
1776636480601.4812,-0.0026616270188242197,-0.0021293016616255045,0.0026616270188242197
1776636480606.4834,-0.0005323254154063761,0.0,0.006923720706254244
1776636480611.4856,-0.007456046529114246,-0.0015969761880114675,0.003728023264557123
1776636480616.488,-0.0010646508308127522,-0.0031956976745277643,0.004260348621755838
1776636480621.4902,0.0,0.0026616270188242197,0.009587093256413937
1776636480626.4924,-0.004792673978954554,-0.0021293016616255045,0.0026616270188242197
1776636480631.4949,0.0010646508308127522,-0.0015969761880114675,0.004792673978954554
1776636480636.497,-0.0015969761880114675,-0.0031956976745277643,0.003728023264557123
1776636480641.4983,-0.0026616270188242197,0.0010646508308127522,0.013315116055309772
1776636480646.5005,-0.0026616270188242197,-0.004792673978954554,0.0005323254154063761
1776636480651.503,-0.0005323254154063761,0.0,0.004792673978954554
1776636480656.5051,0.0015969761880114675,-0.0005323254154063761,0.006923720706254244
1776636480661.5073,-0.0026616270188242197,0.0010646508308127522,0.007456046529114246
1776636480666.5098,-0.0015969761880114675,-0.0026616270188242197,0.007988371886312962
1776636480671.512,-0.0010646508308127522,0.0026616270188242197,0.0015969761880114675
1776636480676.5142,-0.0015969761880114675,0.0,0.007456046529114246
1776636480681.5166,-0.0026616270188242197,0.0005323254154063761,0.0005323254154063761
1776636480686.5178,-0.0005323254154063761,-0.0005323254154063761,0.005859069991856813
1776636480691.52,-0.0005323254154063761,-0.0021293016616255045,0.010651743970811367
1776636480696.5225,-0.0010646508308127522,-0.0031956976745277643,0.004792673978954554
1776636480701.5247,-0.004792673978954554,0.0021293016616255045,0.010651743970811367
1776636480706.5269,-0.0015969761880114675,-0.0015969761880114675,0.006391395349055529
1776636480711.5293,-0.003728023264557123,-0.004792673978954554,0.0021293016616255045
1776636480716.5315,-0.0005323254154063761,-0.0031956976745277643,0.007456046529114246
1776636480721.5337,-0.0021293016616255045,-0.004792673978954554,-0.0005323254154063761
1776636480726.5361,-0.0010646508308127522,-0.0015969761880114675,0.007456046529114246
1776636480731.5383,-0.004260348621755838,-0.0021293016616255045,0.008520697243511677
1776636480736.5405,-0.0021293016616255045,-0.004792673978954554,0.006391395349055529
1776636480741.5417,-0.004792673978954554,-0.0026616270188242197,0.006391395349055529
1776636480746.5442,-0.0031956976745277643,-0.0021293016616255045,0.006923720706254244
1776636480751.5464,-0.0031956976745277643,-0.006391395349055529,0.005859069991856813
1776636480756.5486,-0.0010646508308127522,-0.0005323254154063761,0.004260348621755838
1776636480761.551,-0.0026616270188242197,-0.0010646508308127522,0.007456046529114246
1776636480766.5535,-0.0026616270188242197,-0.0026616270188242197,0.005859069991856813
1776636480771.556,-0.0005323254154063761,-0.004260348621755838,0.005324999336153269
1776636480776.558,-0.004792673978954554,-0.003728023264557123,0.009587093256413937
1776636480781.5605,-0.0026616270188242197,-0.0005323254154063761,0.0015969761880114675
1776636480786.563,-0.0015969761880114675,-0.0021293016616255045,0.008520697243511677
1776636480791.5652,-0.0,-0.0010646508308127522,0.004260348621755838
1776636480796.5667,-0.0015969761880114675,-0.0021293016616255045,0.005859069991856813
1776636480801.569,-0.0010646508308127522,-0.0010646508308127522,0.008520697243511677
1776636480806.5713,0.0005323254154063761,0.0005323254154063761,0.003728023264557123
1776636480811.5737,-0.004792673978954554,-0.0021293016616255045,0.005324999336153269
1776636480816.5762,-0.004792673978954554,-0.004792673978954554,0.006391395349055529
1776636480821.5784,-0.0026616270188242197,-0.004260348621755838,0.004792673978954554
1776636480826.5808,0.0005323254154063761,-0.0026616270188242197,0.007456046529114246
1776636480831.5833,-0.0015969761880114675,0.0,0.006923720706254244
1776636480836.5854,-0.0,-0.0015969761880114675,0.0010646508308127522
1776636480841.588,-0.0031956976745277643,-0.0031956976745277643,0.005859069991856813
1776636480846.589,-0.0021293016616255045,-0.0005323254154063761,0.0015969761880114675
1776636480851.5925,-0.0005323254154063761,-0.0005323254154063761,0.007988371886312962
1776636480856.594,-0.0,-0.0010646508308127522,0.008520697243511677
1776636480861.5962,-0.003728023264557123,-0.004792673978954554,0.004792673978954554
1776636480866.5986,-0.0005323254154063761,-0.0015969761880114675,0.0026616270188242197
1776636480871.601,-0.0021293016616255045,-0.0015969761880114675,0.006391395349055529
1776636480876.6035,-0.0015969761880114675,-0.0005323254154063761,0.003728023264557123
1776636480881.6057,0.0005323254154063761,-0.0021293016616255045,0.009054767899215221
1776636480886.6082,-0.0031956976745277643,-0.003728023264557123,0.0015969761880114675
1776636480891.6106,0.0015969761880114675,-0.004792673978954554,0.004792673978954554
1776636480896.6128,-0.0015969761880114675,0.0,0.0021293016616255045
1776636480901.6152,-0.0021293016616255045,-0.0031956976745277643,0.008520697243511677
1776636480906.6165,-0.0026616270188242197,-0.0031956976745277643,0.007456046529114246
1776636480911.619,-0.0026616270188242197,-0.004792673978954554,0.006923720706254244
1776636480916.6213,-0.004792673978954554,0.0005323254154063761,0.005859069991856813
1776636480921.6235,-0.005324999336153269,-0.0026616270188242197,0.003728023264557123
1776636480926.626,-0.0031956976745277643,0.0005323254154063761,0.006923720706254244
1776636480931.6284,-0.005859069991856813,-0.007456046529114246,0.004260348621755838
1776636480936.6306,-0.005324999336153269,-0.0015969761880114675,0.005859069991856813
1776636480941.633,-0.0021293016616255045,-0.0015969761880114675,0.0026616270188242197
1776636480946.6355,-0.0005323254154063761,-0.0005323254154063761,0.003728023264557123
1776636480951.6377,-0.0021293016616255045,0.0015969761880114675,0.009054767899215221
1776636480956.6392,-0.005859069991856813,-0.0026616270188242197,0.0021293016616255045
1776636480961.6416,-0.0021293016616255045,-0.006923720706254244,0.007988371886312962
1776636480966.6438,0.0005323254154063761,0.0026616270188242197,0.0021293016616255045
1776636480971.6462,-0.0031956976745277643,-0.0015969761880114675,0.007456046529114246
1776636480976.6487,-0.0015969761880114675,-0.0021293016616255045,0.003728023264557123
1776636480981.651,0.0031956976745277643,0.0021293016616255045,0.005859069991856813
1776636480986.6533,-0.0005323254154063761,-0.0010646508308127522,0.005859069991856813
1776636480991.6555,-0.0015969761880114675,-0.0021293016616255045,0.005324999336153269
1776636480996.658,-0.0026616270188242197,-0.0031956976745277643,0.007456046529114246
1776636481001.6604,-0.004260348621755838,-0.003728023264557123,0.006391395349055529
1776636481006.6626,-0.0015969761880114675,0.0,0.004792673978954554
1776636481011.664,0.0005323254154063761,-0.0010646508308127522,0.0021293016616255045
1776636481016.6665,-0.004260348621755838,-0.0010646508308127522,0.005324999336153269
1776636481021.6687,-0.006391395349055529,-0.004260348621755838,0.007456046529114246
1776636481026.6711,-0.0026616270188242197,-0.0026616270188242197,0.004792673978954554
1776636481031.6736,-0.004260348621755838,-0.005859069991856813,0.0010646508308127522
1776636481036.6758,-0.006391395349055529,-0.003728023264557123,0.005324999336153269
1776636481041.6782,0.0005323254154063761,-0.0026616270188242197,0.012782790698111057
1776636481046.6807,-0.0005323254154063761,-0.0026616270188242197,0.008520697243511677
1776636481051.6829,-0.0015969761880114675,0.0,0.005324999336153269
1776636481056.6853,-0.0026616270188242197,-0.0026616270188242197,0.005324999336153269
1776636481061.6865,-0.004260348621755838,-0.0031956976745277643,0.006923720706254244
1776636481066.689,-0.0010646508308127522,-0.003728023264557123,0.010119418613612652
1776636481071.6914,-0.004260348621755838,-0.0026616270188242197,0.008520697243511677
1776636481076.6936,-0.0026616270188242197,0.0021293016616255045,0.0031956976745277643
1776636481081.696,-0.0010646508308127522,-0.0015969761880114675,0.005859069991856813
1776636481086.6985,-0.0021293016616255045,0.0015969761880114675,0.008520697243511677
1776636481091.7007,-0.0,-0.0015969761880114675,0.005859069991856813
1776636481096.7031,-0.0026616270188242197,-0.004260348621755838,0.009054767899215221
1776636481101.7053,0.0,0.0,0.0015969761880114675
1776636481106.7078,-0.0015969761880114675,-0.0010646508308127522,0.006923720706254244
1776636481111.7102,-0.0031956976745277643,-0.0031956976745277643,0.009587093256413937
1776636481116.7114,-0.004260348621755838,-0.0021293016616255045,0.005859069991856813
1776636481121.7139,-0.0010646508308127522,0.0021293016616255045,-0.0015969761880114675
1776636481126.7163,-0.0026616270188242197,0.0010646508308127522,0.006923720706254244
1776636481131.7185,-0.0015969761880114675,0.0,0.010119418613612652
1776636481136.721,0.0005323254154063761,-0.006391395349055529,0.003728023264557123
1776636481141.7231,-0.003728023264557123,-0.0015969761880114675,0.015446163713932037
1776636481146.7256,-0.0026616270188242197,-0.0021293016616255045,0.0026616270188242197
1776636481151.728,-0.0015969761880114675,0.0010646508308127522,0.004792673978954554
1776636481156.7302,-0.0005323254154063761,-0.0026616270188242197,0.0021293016616255045
1776636481161.7317,-0.0026616270188242197,-0.0015969761880114675,0.011184069328010082
1776636481166.734,-0.003728023264557123,-0.0026616270188242197,0.009587093256413937
1776636481171.7363,-0.004792673978954554,-0.0015969761880114675,0.006923720706254244
1776636481176.7388,-0.0026616270188242197,-0.0021293016616255045,0.007456046529114246
1776636481181.741,-0.0026616270188242197,-0.0031956976745277643,0.006391395349055529
1776636481186.7434,-0.005324999336153269,0.0005323254154063761,0.007988371886312962
1776636481191.7458,-0.0026616270188242197,-0.0026616270188242197,0.011184069328010082
1776636481196.748,-0.005859069991856813,-0.0005323254154063761,0.006391395349055529
1776636481201.7505,-0.0015969761880114675,0.0015969761880114675,0.005324999336153269
1776636481206.7527,-0.0005323254154063761,0.0021293016616255045,0.010651743970811367
1776636481211.7551,-0.0015969761880114675,-0.0026616270188242197,0.004260348621755838
1776636481216.7576,-0.0021293016616255045,-0.0021293016616255045,0.008520697243511677
1776636481221.7588,-0.0010646508308127522,-0.0015969761880114675,0.004792673978954554
1776636481226.7612,-0.0026616270188242197,-0.0005323254154063761,0.006391395349055529
1776636481231.7634,-0.004260348621755838,-0.0021293016616255045,0.006391395349055529
1776636481236.7659,-0.0010646508308127522,-0.0005323254154063761,0.0021293016616255045
1776636481241.7683,-0.0015969761880114675,-0.0015969761880114675,0.007456046529114246
1776636481246.7705,-0.0021293016616255045,-0.004792673978954554,0.0021293016616255045
1776636481251.773,-0.003728023264557123,0.0,0.005859069991856813
1776636481256.7754,-0.0005323254154063761,-0.0015969761880114675,0.005859069991856813
1776636481261.7776,-0.0026616270188242197,-0.0005323254154063761,0.006923720706254244
1776636481266.78,-0.0026616270188242197,0.0005323254154063761,0.007456046529114246
1776636481271.7812,0.0,0.0,0.004260348621755838
1776636481276.7847,-0.0031956976745277643,-0.0031956976745277643,0.010651743970811367
1776636481281.7861,-0.0026616270188242197,-0.0031956976745277643,0.004792673978954554
1776636481286.7883,0.0005323254154063761,-0.005859069991856813,0.0026616270188242197
1776636481291.7908,-0.0026616270188242197,-0.0005323254154063761,0.006391395349055529
1776636481296.793,0.0005323254154063761,0.0005323254154063761,0.004792673978954554
1776636481301.7954,0.0021293016616255045,-0.0021293016616255045,0.0026616270188242197
1776636481306.7979,-0.0031956976745277643,-0.003728023264557123,0.007456046529114246
1776636481311.8,-0.006391395349055529,-0.0021293016616255045,0.007456046529114246
1776636481316.8025,-0.0005323254154063761,-0.004260348621755838,0.0015969761880114675
1776636481321.8047,-0.0026616270188242197,-0.0026616270188242197,0.005859069991856813
1776636481326.8062,-0.0031956976745277643,-0.0031956976745277643,0.004792673978954554
1776636481331.8083,-0.0010646508308127522,-0.0021293016616255045,0.004792673978954554
1776636481336.8108,-0.005324999336153269,0.0010646508308127522,0.0031956976745277643
1776636481341.8132,0.0010646508308127522,0.0005323254154063761,0.0010646508308127522
1776636481346.8154,-0.0015969761880114675,0.0005323254154063761,0.006391395349055529
1776636481351.8179,-0.0031956976745277643,0.003728023264557123,0.0031956976745277643
1776636481356.8203,0.0005323254154063761,-0.004260348621755838,0.007988371886312962
1776636481361.8225,-0.0031956976745277643,0.0021293016616255045,0.004792673978954554
1776636481366.825,0.0010646508308127522,0.0,0.006923720706254244
1776636481371.8271,0.0005323254154063761,-0.0010646508308127522,0.006391395349055529
1776636481376.8296,-0.0015969761880114675,-0.0021293016616255045,0.006391395349055529
1776636481381.8308,-0.003728023264557123,-0.0005323254154063761,0.006391395349055529
1776636481386.8333,-0.0021293016616255045,-0.006391395349055529,0.004792673978954554
1776636481391.8357,-0.0010646508308127522,-0.0031956976745277643,0.0026616270188242197
1776636481396.838,-0.0031956976745277643,-0.0015969761880114675,0.008520697243511677
1776636481401.8403,-0.0031956976745277643,-0.003728023264557123,0.007988371886312962
1776636481406.8425,-0.0010646508308127522,0.0,0.005859069991856813
1776636481411.845,-0.0026616270188242197,-0.004792673978954554,0.0010646508308127522
1776636481416.8474,-0.0021293016616255045,-0.0021293016616255045,0.0031956976745277643
1776636481421.8496,-0.0031956976745277643,-0.003728023264557123,0.003728023264557123
1776636481426.852,-0.004792673978954554,0.0,0.005859069991856813
1776636481431.8533,-0.004260348621755838,0.0005323254154063761,0.0021293016616255045
1776636481436.8567,0.0015969761880114675,0.0,0.005324999336153269
1776636481441.858,-0.0026616270188242197,-0.0010646508308127522,0.0026616270188242197
1776636481446.8604,-0.004260348621755838,-0.0005323254154063761,0.006923720706254244
1776636481451.8628,-0.0,-0.005859069991856813,0.008520697243511677
1776636481456.865,0.0010646508308127522,0.0005323254154063761,0.009054767899215221
1776636481461.8674,-0.0005323254154063761,0.0015969761880114675,0.0005323254154063761
1776636481466.8696,-0.0021293016616255045,-0.0010646508308127522,0.006923720706254244
1776636481471.872,-0.0015969761880114675,-0.0031956976745277643,0.004792673978954554
1776636481476.8745,-0.0015969761880114675,-0.003728023264557123,0.0
1776636481481.8767,-0.0021293016616255045,-0.004260348621755838,0.006923720706254244
1776636481486.8782,-0.0031956976745277643,-0.0026616270188242197,0.0031956976745277643
1776636481491.8804,-0.004792673978954554,-0.0031956976745277643,0.005859069991856813
1776636481496.8828,-0.0,-0.0015969761880114675,0.005324999336153269
1776636481501.885,-0.0031956976745277643,0.0010646508308127522,0.006391395349055529
1776636481506.8875,-0.0010646508308127522,-0.0021293016616255045,0.003728023264557123
1776636481511.8896,-0.003728023264557123,-0.0021293016616255045,0.004792673978954554
1776636481516.892,-0.0015969761880114675,-0.005859069991856813,0.005859069991856813
1776636481521.8945,-0.0031956976745277643,-0.0021293016616255045,0.005859069991856813
1776636481526.8967,-0.004792673978954554,-0.0031956976745277643,0.007988371886312962
1776636481531.8992,-0.004260348621755838,-0.0031956976745277643,0.005859069991856813
1776636481536.9014,-0.004792673978954554,0.0021293016616255045,0.0031956976745277643
1776636481541.9038,0.0005323254154063761,-0.0021293016616255045,0.006391395349055529
1776636481546.905,-0.004792673978954554,-0.005324999336153269,0.0015969761880114675
1776636481551.9075,-0.004260348621755838,-0.006391395349055529,0.007988371886312962
1776636481556.91,-0.005324999336153269,-0.005859069991856813,0.0010646508308127522
1776636481561.912,-0.0021293016616255045,-0.0005323254154063761,0.0015969761880114675
1776636481566.9146,-0.0015969761880114675,-0.0005323254154063761,0.009054767899215221
1776636481571.9167,0.0010646508308127522,0.0,0.004792673978954554
1776636481576.9192,-0.003728023264557123,-0.0015969761880114675,0.005859069991856813
1776636481581.9214,-0.0010646508308127522,-0.0026616270188242197,0.004260348621755838
1776636481586.9229,-0.004260348621755838,-0.0005323254154063761,0.005324999336153269
1776636481591.9263,0.0005323254154063761,-0.003728023264557123,0.003728023264557123
1776636481596.9275,-0.0,-0.0005323254154063761,0.007988371886312962
1776636481601.93,-0.005859069991856813,0.0,0.007988371886312962
1776636481606.9321,-0.003728023264557123,-0.003728023264557123,0.008520697243511677
1776636481611.9346,-0.0015969761880114675,-0.004792673978954554,0.0031956976745277643
1776636481616.9368,-0.005859069991856813,-0.0010646508308127522,0.006923720706254244
1776636481621.9392,-0.004260348621755838,-0.0010646508308127522,0.005859069991856813
1776636481626.9414,-0.0010646508308127522,-0.0015969761880114675,0.007456046529114246
1776636481631.9438,-0.006923720706254244,-0.0005323254154063761,0.006923720706254244
1776636481636.9463,-0.005859069991856813,-0.0010646508308127522,0.007456046529114246
1776636481641.9475,-0.0021293016616255045,-0.004792673978954554,0.004260348621755838
1776636481646.95,-0.006391395349055529,-0.0010646508308127522,0.005324999336153269
1776636481651.9521,-0.0005323254154063761,0.0,0.0026616270188242197
1776636481656.9546,-0.003728023264557123,-0.004260348621755838,0.0031956976745277643
1776636481661.9568,-0.0031956976745277643,0.0,0.006923720706254244
1776636481666.9592,-0.005324999336153269,-0.0015969761880114675,0.003728023264557123
1776636481671.9614,-0.0026616270188242197,-0.0031956976745277643,0.0
1776636481676.9639,-0.0021293016616255045,-0.0015969761880114675,0.0026616270188242197
1776636481681.966,-0.006391395349055529,-0.0010646508308127522,0.003728023264557123
1776636481686.9685,-0.005324999336153269,-0.0010646508308127522,0.010119418613612652
1776636481691.971,-0.0005323254154063761,-0.0010646508308127522,0.0031956976745277643
1776636481696.9731,-0.0010646508308127522,0.0,0.006391395349055529
1776636481701.9756,-0.0,-0.0010646508308127522,0.006391395349055529
1776636481706.9768,0.0005323254154063761,-0.0031956976745277643,0.007988371886312962
1776636481711.9792,-0.004260348621755838,-0.0026616270188242197,0.005859069991856813
1776636481716.9814,-0.0,-0.0031956976745277643,0.0026616270188242197
1776636481721.984,0.0015969761880114675,-0.0010646508308127522,0.006923720706254244
1776636481726.986,-0.0,-0.0026616270188242197,0.005859069991856813
1776636481731.9885,0.0010646508308127522,-0.0015969761880114675,0.007456046529114246
1776636481736.9907,-0.0010646508308127522,-0.003728023264557123,0.003728023264557123
1776636481741.9932,-0.0015969761880114675,0.0,0.007456046529114246
1776636481746.9944,-0.0010646508308127522,0.0005323254154063761,0.005324999336153269
1776636481751.9978,-0.0015969761880114675,-0.0026616270188242197,0.004792673978954554
1776636481756.9993,-0.0010646508308127522,-0.0031956976745277643,0.0031956976745277643
1776636481762.0015,-0.004260348621755838,0.0015969761880114675,0.003728023264557123
1776636481767.004,-0.0026616270188242197,-0.003728023264557123,0.0015969761880114675
1776636481772.0063,-0.0031956976745277643,-0.004260348621755838,0.006391395349055529
1776636481777.0088,-0.0026616270188242197,-0.0005323254154063761,0.004792673978954554
1776636481782.011,0.0010646508308127522,0.0005323254154063761,0.007456046529114246
1776636481787.0134,-0.0031956976745277643,-0.0026616270188242197,0.0005323254154063761
1776636481792.0159,-0.0015969761880114675,-0.0021293016616255045,0.006923720706254244
1776636481797.0183,-0.0010646508308127522,0.0015969761880114675,0.0021293016616255045
1776636481802.0205,-0.0,-0.0021293016616255045,0.008520697243511677
1776636481807.022,-0.0021293016616255045,-0.0026616270188242197,0.0026616270188242197
1776636481812.0244,-0.0026616270188242197,-0.0005323254154063761,0.010651743970811367
1776636481817.0266,-0.0021293016616255045,-0.004260348621755838,0.004792673978954554
1776636481822.029,-0.0010646508308127522,-0.004792673978954554,0.005324999336153269
1776636481827.0315,-0.0026616270188242197,-0.004792673978954554,0.005859069991856813
1776636481832.034,-0.0015969761880114675,0.0010646508308127522,0.005324999336153269
1776636481837.0361,-0.003728023264557123,-0.0031956976745277643,0.009587093256413937
1776636481842.0386,-0.0,-0.0015969761880114675,0.005324999336153269
1776636481847.041,-0.004260348621755838,-0.0021293016616255045,0.006391395349055529
1776636481852.0435,-0.0005323254154063761,-0.0015969761880114675,-0.0005323254154063761
1776636481857.0457,0.0015969761880114675,0.0010646508308127522,0.011718139983713627
1776636481862.047,-0.003728023264557123,-0.0031956976745277643,0.006391395349055529
1776636481867.0496,-0.0031956976745277643,0.0,0.006391395349055529
1776636481872.0518,-0.0010646508308127522,0.0,0.004260348621755838
1776636481877.0542,-0.003728023264557123,0.0,0.005324999336153269
1776636481882.0566,-0.003728023264557123,0.0,0.009587093256413937
1776636481887.059,-0.005324999336153269,-0.0031956976745277643,0.004260348621755838
1776636481892.0613,-0.0031956976745277643,0.0005323254154063761,0.0026616270188242197
1776636481897.0637,-0.0021293016616255045,-0.0031956976745277643,0.006923720706254244
1776636481902.0662,-0.0010646508308127522,0.0,0.011184069328010082
1776636481907.0674,-0.0021293016616255045,0.0,0.006391395349055529
1776636481912.0698,-0.004792673978954554,-0.0010646508308127522,0.006923720706254244
1776636481917.0723,-0.004260348621755838,-0.0021293016616255045,0.006391395349055529
1776636481922.0747,-0.006391395349055529,-0.0021293016616255045,0.006391395349055529
1776636481927.077,-0.0,-0.0005323254154063761,0.010119418613612652
1776636481932.0793,-0.004260348621755838,0.0,0.007456046529114246
1776636481937.0818,-0.0010646508308127522,0.0005323254154063761,0.006391395349055529
1776636481942.0842,-0.0031956976745277643,-0.0015969761880114675,0.005859069991856813
1776636481947.0864,-0.0031956976745277643,-0.0015969761880114675,0.003728023264557123
1776636481952.0889,-0.004260348621755838,-0.0026616270188242197,0.007456046529114246
1776636481957.0913,-0.0010646508308127522,-0.0021293016616255045,0.0026616270188242197
1776636481962.0935,-0.005324999336153269,-0.0026616270188242197,0.0031956976745277643
1776636481967.095,-0.005324999336153269,0.0026616270188242197,0.005324999336153269
1776636481972.0974,-0.0031956976745277643,-0.005324999336153269,0.007456046529114246
1776636481977.0996,-0.004260348621755838,-0.0031956976745277643,0.009054767899215221
1776636481982.102,-0.004792673978954554,-0.0010646508308127522,0.010651743970811367
1776636481987.1045,-0.0031956976745277643,-0.0026616270188242197,0.007988371886312962
1776636481992.107,-0.0031956976745277643,0.0015969761880114675,0.005859069991856813
1776636481997.1091,-0.003728023264557123,-0.0031956976745277643,0.006923720706254244
1776636482002.1116,-0.0031956976745277643,-0.0015969761880114675,0.009587093256413937
1776636482007.114,-0.004260348621755838,-0.0005323254154063761,0.004260348621755838
1776636482012.1152,-0.0010646508308127522,0.0010646508308127522,0.0026616270188242197
1776636482017.1177,-0.0021293016616255045,-0.0015969761880114675,0.006923720706254244
1776636482022.12,-0.0,-0.0010646508308127522,0.007456046529114246
1776636482027.1223,-0.0015969761880114675,-0.0026616270188242197,0.005324999336153269
1776636482032.1248,-0.004260348621755838,-0.0010646508308127522,0.003728023264557123
1776636482037.1272,0.0,0.004792673978954554,0.005859069991856813
1776636482042.1296,-0.0031956976745277643,-0.0031956976745277643,0.0031956976745277643
1776636482047.1318,-0.0021293016616255045,-0.0031956976745277643,0.005324999336153269
1776636482052.1343,-0.0005323254154063761,0.0010646508308127522,0.008520697243511677
1776636482057.1367,-0.0015969761880114675,-0.0026616270188242197,0.004792673978954554
1776636482062.139,-0.0031956976745277643,-0.0005323254154063761,0.0026616270188242197
1776636482067.1414,-0.0,-0.004260348621755838,0.009587093256413937
1776636482072.1428,-0.0010646508308127522,-0.0031956976745277643,0.0005323254154063761
1776636482077.145,0.0,0.0015969761880114675,0.006923720706254244
1776636482082.1475,-0.0021293016616255045,-0.004260348621755838,0.0031956976745277643
1776636482087.15,-0.0026616270188242197,-0.0021293016616255045,0.003728023264557123
1776636482092.1523,-0.0026616270188242197,0.0,0.007456046529114246
1776636482097.1545,-0.0021293016616255045,-0.0005323254154063761,0.004792673978954554
1776636482102.157,-0.0,-0.0026616270188242197,0.0031956976745277643
1776636482107.1594,-0.003728023264557123,0.0026616270188242197,0.005859069991856813
1776636482112.1616,-0.0010646508308127522,0.0,0.004260348621755838
1776636482117.164,-0.0026616270188242197,-0.0026616270188242197,0.005324999336153269
1776636482122.1665,0.0015969761880114675,-0.0005323254154063761,0.004792673978954554
1776636482127.1677,0.0005323254154063761,-0.0005323254154063761,0.004260348621755838
1776636482132.1702,-0.0010646508308127522,-0.0015969761880114675,0.003728023264557123
1776636482137.1726,-0.004260348621755838,0.0,0.006391395349055529
1776636482142.1748,0.0015969761880114675,0.0005323254154063761,0.006923720706254244
1776636482147.1772,-0.0021293016616255045,-0.0015969761880114675,0.005324999336153269
1776636482152.1797,-0.0010646508308127522,-0.008520697243511677,0.0031956976745277643
1776636482157.1821,-0.005324999336153269,-0.0015969761880114675,0.006923720706254244
1776636482162.1843,-0.004260348621755838,0.0010646508308127522,0.006923720706254244
1776636482167.1868,-0.0021293016616255045,-0.003728023264557123,0.0015969761880114675
1776636482172.1892,-0.0031956976745277643,-0.0021293016616255045,0.004260348621755838
1776636482177.1904,-0.0026616270188242197,-0.0021293016616255045,0.0005323254154063761
1776636482182.1929,-0.004260348621755838,-0.006391395349055529,0.006923720706254244
1776636482187.1953,-0.0021293016616255045,0.0005323254154063761,0.005324999336153269
1776636482192.1975,-0.003728023264557123,-0.0010646508308127522,0.0026616270188242197
1776636482197.2,-0.0026616270188242197,-0.003728023264557123,0.003728023264557123
1776636482202.2024,-0.0010646508308127522,-0.0031956976745277643,0.006923720706254244
1776636482207.2046,-0.0005323254154063761,-0.0026616270188242197,0.0031956976745277643
1776636482212.207,-0.0026616270188242197,0.0005323254154063761,0.003728023264557123
1776636482217.2095,-0.0031956976745277643,-0.0031956976745277643,0.005324999336153269
1776636482222.2117,-0.006391395349055529,-0.0005323254154063761,0.007988371886312962
1776636482227.2131,-0.007456046529114246,-0.004792673978954554,0.0
1776636482232.2156,-0.005859069991856813,-0.0010646508308127522,0.005859069991856813
1776636482237.2178,-0.003728023264557123,-0.0010646508308127522,0.007456046529114246
1776636482242.2202,-0.0031956976745277643,0.0010646508308127522,0.009054767899215221
1776636482247.2227,-0.0026616270188242197,-0.007456046529114246,0.010119418613612652
1776636482252.2249,0.0021293016616255045,0.0005323254154063761,0.007456046529114246
1776636482257.2273,-0.0005323254154063761,-0.0031956976745277643,0.005859069991856813
1776636482262.2297,0.0026616270188242197,-0.0021293016616255045,0.0026616270188242197
1776636482267.232,-0.0021293016616255045,-0.0015969761880114675,0.003728023264557123
1776636482272.2344,-0.004792673978954554,-0.0021293016616255045,0.007988371886312962
1776636482277.2368,-0.004260348621755838,0.0005323254154063761,0.006923720706254244
1776636482282.239,-0.0021293016616255045,-0.0021293016616255045,0.0021293016616255045
1776636482287.2405,-0.004792673978954554,0.0,0.005324999336153269
1776636482292.243,-0.0026616270188242197,-0.003728023264557123,0.004260348621755838
1776636482297.245,-0.0010646508308127522,-0.0015969761880114675,0.008520697243511677
1776636482302.2476,-0.003728023264557123,-0.0015969761880114675,0.0026616270188242197
1776636482307.25,-0.004792673978954554,-0.004792673978954554,0.005859069991856813
1776636482312.2522,-0.0015969761880114675,0.0015969761880114675,0.0026616270188242197
1776636482317.2546,-0.0026616270188242197,-0.0010646508308127522,0.005324999336153269
1776636482322.257,-0.0,-0.0026616270188242197,0.007456046529114246
1776636482327.2583,0.0005323254154063761,0.0015969761880114675,0.009587093256413937
1776636482332.2617,-0.004260348621755838,-0.0031956976745277643,0.005324999336153269
1776636482337.2632,-0.0021293016616255045,-0.0031956976745277643,0.0015969761880114675
1776636482342.2654,0.0010646508308127522,-0.005324999336153269,0.005859069991856813
1776636482347.2678,-0.0005323254154063761,-0.0015969761880114675,0.003728023264557123
1776636482352.2703,-0.0005323254154063761,-0.0015969761880114675,0.0010646508308127522
1776636482357.2725,-0.0026616270188242197,0.0005323254154063761,0.006923720706254244
1776636482362.275,-0.0021293016616255045,-0.0021293016616255045,0.005324999336153269
1776636482367.2773,-0.004260348621755838,0.0,0.004260348621755838
1776636482372.2795,-0.004260348621755838,0.0005323254154063761,0.006923720706254244
1776636482377.282,0.0005323254154063761,-0.0026616270188242197,0.007988371886312962
1776636482382.2844,-0.0021293016616255045,0.0010646508308127522,0.009587093256413937
1776636482387.2856,-0.0031956976745277643,-0.0026616270188242197,0.004792673978954554
1776636482392.288,-0.004792673978954554,-0.003728023264557123,0.0010646508308127522
1776636482397.2903,-0.0021293016616255045,0.0015969761880114675,0.007988371886312962
1776636482402.2927,-0.0015969761880114675,0.0021293016616255045,0.004792673978954554
1776636482407.2952,-0.0031956976745277643,0.0015969761880114675,0.005859069991856813
1776636482412.2974,-0.0015969761880114675,-0.004260348621755838,0.004792673978954554
1776636482417.2998,-0.0010646508308127522,0.0005323254154063761,0.0021293016616255045
1776636482422.3022,-0.003728023264557123,-0.0031956976745277643,0.004260348621755838
1776636482427.3044,-0.0031956976745277643,-0.0021293016616255045,0.005859069991856813
1776636482432.307,0.0,0.0021293016616255045,0.007456046529114246
1776636482437.3083,-0.0,-0.003728023264557123,0.005324999336153269
1776636482442.3105,-0.0015969761880114675,-0.004792673978954554,0.005859069991856813
1776636482447.313,-0.0,-0.0005323254154063761,0.006391395349055529
1776636482452.3154,-0.0015969761880114675,0.0031956976745277643,0.005324999336153269
1776636482457.3176,-0.0005323254154063761,-0.004260348621755838,0.003728023264557123
1776636482462.32,-0.0010646508308127522,-0.005324999336153269,0.0031956976745277643
1776636482467.3225,-0.0010646508308127522,-0.0005323254154063761,0.007456046529114246
1776636482472.3247,-0.0021293016616255045,0.0,0.0026616270188242197
1776636482477.3271,0.0010646508308127522,0.0010646508308127522,0.005859069991856813
1776636482482.3284,-0.0015969761880114675,0.0005323254154063761,0.005859069991856813
1776636482487.3308,-0.003728023264557123,-0.0031956976745277643,0.005859069991856813
1776636482492.3333,-0.0015969761880114675,-0.0021293016616255045,0.006391395349055529
1776636482497.3354,-0.0021293016616255045,-0.0005323254154063761,0.006391395349055529
1776636482502.338,-0.0031956976745277643,0.0,0.007988371886312962
1776636482507.3403,-0.0005323254154063761,-0.0021293016616255045,0.004260348621755838
1776636482512.3425,-0.0026616270188242197,0.0,0.006391395349055529
1776636482517.345,-0.003728023264557123,-0.0021293016616255045,0.0021293016616255045
1776636482522.3474,-0.0010646508308127522,0.0,0.007456046529114246
1776636482527.3496,-0.0010646508308127522,0.0026616270188242197,0.006391395349055529
1776636482532.352,-0.003728023264557123,-0.0010646508308127522,0.007988371886312962
1776636482537.3542,-0.0021293016616255045,0.0026616270188242197,0.007456046529114246
1776636482542.3567,0.0021293016616255045,-0.0005323254154063761,0.003728023264557123
1776636482547.3582,-0.0005323254154063761,-0.0010646508308127522,0.003728023264557123
1776636482552.3604,-0.0031956976745277643,0.0,0.006391395349055529
1776636482557.3628,-0.0005323254154063761,0.0031956976745277643,0.004260348621755838
1776636482562.3652,-0.0005323254154063761,0.003728023264557123,0.009054767899215221
1776636482567.3674,-0.0026616270188242197,-0.0015969761880114675,0.007456046529114246
1776636482572.3699,0.0015969761880114675,-0.0021293016616255045,0.006923720706254244
1776636482577.3723,-0.0026616270188242197,0.0005323254154063761,0.004260348621755838
1776636482582.3745,-0.0026616270188242197,-0.0021293016616255045,0.007456046529114246
1776636482587.377,-0.004260348621755838,-0.004260348621755838,0.007988371886312962
1776636482592.3782,-0.0015969761880114675,-0.0026616270188242197,0.004792673978954554
1776636482597.3806,-0.0,-0.0021293016616255045,0.006391395349055529
1776636482602.383,-0.0031956976745277643,-0.0021293016616255045,0.005324999336153269
1776636482607.3853,-0.0005323254154063761,0.0026616270188242197,0.007988371886312962
1776636482612.3877,-0.003728023264557123,-0.003728023264557123,0.003728023264557123
1776636482617.39,-0.0021293016616255045,0.0005323254154063761,0.006923720706254244
1776636482622.3923,-0.0,-0.003728023264557123,0.0026616270188242197
1776636482627.3948,-0.004792673978954554,0.0,0.005859069991856813
1776636482632.397,-0.006391395349055529,-0.0026616270188242197,0.0021293016616255045
1776636482637.3994,-0.005324999336153269,-0.003728023264557123,0.004260348621755838
1776636482642.4019,-0.0031956976745277643,-0.003728023264557123,0.003728023264557123
1776636482647.404,-0.004260348621755838,-0.0021293016616255045,0.006391395349055529
1776636482652.4055,-0.003728023264557123,0.0005323254154063761,0.004260348621755838
1776636482657.4077,-0.006391395349055529,-0.005324999336153269,0.007988371886312962
1776636482662.4102,-0.004792673978954554,-0.006923720706254244,0.005324999336153269
1776636482667.4126,-0.0021293016616255045,-0.0010646508308127522,0.004260348621755838
1776636482672.4148,-0.004792673978954554,0.0,0.006923720706254244
1776636482677.4172,0.0031956976745277643,-0.004792673978954554,0.005859069991856813
1776636482682.4197,0.0,0.0031956976745277643,0.004260348621755838
1776636482687.4219,-0.0010646508308127522,-0.004260348621755838,0.004260348621755838
1776636482692.4243,-0.003728023264557123,-0.0026616270188242197,0.004260348621755838
1776636482697.4255,-0.0026616270188242197,0.0,0.007988371886312962
1776636482702.428,-0.0005323254154063761,0.0,0.0015969761880114675
1776636482707.4304,-0.0026616270188242197,-0.004260348621755838,0.005859069991856813
1776636482712.4326,-0.0015969761880114675,0.0010646508308127522,0.004792673978954554
1776636482717.435,-0.0021293016616255045,-0.0015969761880114675,0.004260348621755838
1776636482722.4373,-0.004792673978954554,-0.0005323254154063761,0.008520697243511677
1776636482727.4397,-0.0026616270188242197,-0.0021293016616255045,0.006391395349055529
1776636482732.4421,-0.0031956976745277643,-0.0021293016616255045,0.009587093256413937
1776636482737.4443,-0.003728023264557123,-0.0021293016616255045,0.006391395349055529
1776636482742.4468,-0.0021293016616255045,-0.0005323254154063761,0.005859069991856813
1776636482747.448,-0.0010646508308127522,0.0,0.009587093256413937
1776636482752.4514,-0.004260348621755838,-0.0005323254154063761,0.005859069991856813
1776636482757.453,-0.004260348621755838,-0.0005323254154063761,0.0026616270188242197
1776636482762.4553,-0.005324999336153269,-0.004792673978954554,0.007456046529114246
1776636482767.4578,-0.0010646508308127522,-0.003728023264557123,0.005859069991856813
1776636482772.4602,-0.003728023264557123,0.0,0.006391395349055529
1776636482777.4626,0.0015969761880114675,0.0005323254154063761,0.006923720706254244
1776636482782.4648,-0.004260348621755838,-0.0005323254154063761,0.009054767899215221
1776636482787.4673,-0.0021293016616255045,-0.0026616270188242197,0.005324999336153269
1776636482792.4697,-0.0021293016616255045,-0.0010646508308127522,0.005859069991856813
1776636482797.4722,-0.0015969761880114675,-0.004260348621755838,0.003728023264557123
1776636482802.4736,-0.0015969761880114675,0.0005323254154063761,0.0026616270188242197
1776636482807.476,-0.004792673978954554,-0.0015969761880114675,0.005324999336153269
1776636482812.4785,-0.0026616270188242197,-0.006391395349055529,0.007988371886312962
1776636482817.481,-0.004792673978954554,-0.0021293016616255045,0.006391395349055529
1776636482822.4834,-0.0021293016616255045,-0.0005323254154063761,0.010119418613612652
1776636482827.4858,-0.004260348621755838,-0.0005323254154063761,0.006391395349055529
1776636482832.4883,-0.0031956976745277643,-0.0026616270188242197,0.0021293016616255045
1776636482837.4907,-0.0015969761880114675,-0.0010646508308127522,0.005859069991856813
1776636482842.4932,-0.003728023264557123,0.0005323254154063761,0.007988371886312962
1776636482847.4956,-0.003728023264557123,-0.003728023264557123,0.0021293016616255045
1776636482852.498,-0.0015969761880114675,-0.0021293016616255045,0.004792673978954554
1776636482857.4995,-0.003728023264557123,0.0005323254154063761,0.006923720706254244
1776636482862.502,-0.004260348621755838,-0.0021293016616255045,0.0005323254154063761
1776636482867.5044,-0.0026616270188242197,-0.0010646508308127522,0.006923720706254244
1776636482872.5068,-0.004792673978954554,-0.003728023264557123,0.007456046529114246
1776636482877.5093,0.0,0.0005323254154063761,0.005324999336153269
1776636482882.5117,-0.0015969761880114675,-0.004260348621755838,0.005859069991856813
1776636482887.5142,-0.005859069991856813,-0.0005323254154063761,0.007456046529114246
1776636482892.5166,-0.0010646508308127522,-0.0005323254154063761,0.004260348621755838
1776636482897.519,-0.004260348621755838,-0.006923720706254244,0.0031956976745277643
1776636482902.5215,-0.0021293016616255045,-0.0021293016616255045,0.013315116055309772
1776636482907.523,-0.0015969761880114675,0.0,0.0026616270188242197
1776636482912.5254,-0.004260348621755838,-0.0015969761880114675,0.006923720706254244
1776636482917.5288,0.0010646508308127522,-0.004260348621755838,0.008520697243511677
1776636482922.53,-0.004792673978954554,0.0005323254154063761,0.007456046529114246
1776636482927.5325,-0.0015969761880114675,-0.003728023264557123,0.0010646508308127522
1776636482932.535,-0.0026616270188242197,0.0,0.005859069991856813
1776636482937.5374,-0.0021293016616255045,0.0,0.0031956976745277643
1776636482942.5398,-0.005324999336153269,0.0026616270188242197,0.007988371886312962
1776636482947.5422,0.0005323254154063761,-0.0021293016616255045,0.005859069991856813
1776636482952.5447,-0.0010646508308127522,-0.0026616270188242197,0.008520697243511677
1776636482957.5461,-0.0026616270188242197,-0.0021293016616255045,0.006391395349055529
1776636482962.5486,0.0010646508308127522,-0.006391395349055529,0.0021293016616255045
1776636482967.551,-0.0015969761880114675,-0.0026616270188242197,0.006923720706254244
1776636482972.5535,-0.0,-0.0021293016616255045,0.009587093256413937
1776636482977.556,0.0015969761880114675,-0.0026616270188242197,0.004792673978954554
1776636482982.5583,-0.0031956976745277643,-0.0005323254154063761,0.006923720706254244
1776636482987.5608,-0.0015969761880114675,-0.006391395349055529,0.0015969761880114675
1776636482992.5632,-0.005859069991856813,-0.0021293016616255045,0.006923720706254244
1776636482997.5657,-0.0,-0.0026616270188242197,0.005859069991856813
1776636483002.568,-0.0010646508308127522,-0.0021293016616255045,0.009587093256413937
1776636483007.5706,-0.0031956976745277643,-0.0005323254154063761,0.004792673978954554
1776636483012.572,-0.0026616270188242197,-0.003728023264557123,0.011184069328010082
1776636483017.5745,-0.003728023264557123,-0.004260348621755838,0.005324999336153269
1776636483022.577,-0.0021293016616255045,-0.0021293016616255045,0.003728023264557123
1776636483027.5793,-0.004792673978954554,0.0026616270188242197,0.009054767899215221
1776636483032.5818,-0.0,-0.0021293016616255045,0.007456046529114246
1776636483037.584,-0.0010646508308127522,-0.0005323254154063761,0.005859069991856813
1776636483042.5864,-0.0021293016616255045,0.0021293016616255045,0.004792673978954554
1776636483047.5889,-0.0021293016616255045,-0.0021293016616255045,0.007988371886312962
1776636483052.5913,-0.0026616270188242197,0.0,0.004260348621755838
1776636483057.5938,-0.004260348621755838,-0.0031956976745277643,0.010119418613612652
1776636483062.5962,-0.0021293016616255045,-0.004260348621755838,0.0021293016616255045
1776636483067.5977,-0.003728023264557123,-0.0026616270188242197,0.007988371886312962
1776636483072.6,0.0005323254154063761,0.0005323254154063761,0.009054767899215221
1776636483077.6025,-0.0031956976745277643,0.0031956976745277643,0.0031956976745277643
1776636483082.605,0.0015969761880114675,-0.0031956976745277643,0.0031956976745277643
1776636483087.6074,-0.004792673978954554,-0.0010646508308127522,0.007988371886312962
1776636483092.6099,-0.0031956976745277643,-0.003728023264557123,0.0026616270188242197
1776636483097.6123,-0.004792673978954554,-0.0026616270188242197,0.009587093256413937
1776636483102.6147,0.0010646508308127522,0.0010646508308127522,0.0026616270188242197
1776636483107.6172,-0.0026616270188242197,-0.0021293016616255045,0.004260348621755838
1776636483112.6196,-0.0021293016616255045,-0.0031956976745277643,0.007456046529114246
1776636483117.621,-0.0010646508308127522,-0.0010646508308127522,0.0021293016616255045
1776636483122.6235,0.0005323254154063761,0.0015969761880114675,0.003728023264557123
1776636483127.626,-0.0005323254154063761,-0.003728023264557123,0.007456046529114246
1776636483132.6284,-0.0005323254154063761,0.0021293016616255045,0.004260348621755838
1776636483137.6306,-0.003728023264557123,-0.0015969761880114675,0.0031956976745277643
1776636483142.633,-0.004792673978954554,-0.0015969761880114675,0.006923720706254244
1776636483147.6355,0.0,0.0015969761880114675,0.004792673978954554
1776636483152.638,-0.0031956976745277643,0.0005323254154063761,0.010651743970811367
1776636483157.6404,-0.004260348621755838,0.0005323254154063761,0.007988371886312962
1776636483162.6418,-0.0021293016616255045,-0.0015969761880114675,0.005324999336153269
1776636483167.6453,-0.004260348621755838,0.0010646508308127522,0.004792673978954554
1776636483172.6467,-0.006923720706254244,0.0,0.007988371886312962
1776636483177.6492,-0.0021293016616255045,-0.0010646508308127522,0.004792673978954554
1776636483182.6516,-0.005324999336153269,-0.0005323254154063761,0.006923720706254244
1776636483187.654,-0.004260348621755838,-0.0015969761880114675,0.0010646508308127522
1776636483192.6565,-0.0031956976745277643,-0.003728023264557123,0.009587093256413937
1776636483197.659,0.0005323254154063761,0.0026616270188242197,0.007988371886312962
1776636483202.6614,-0.0005323254154063761,0.0005323254154063761,0.0026616270188242197
1776636483207.6638,-0.004792673978954554,-0.0015969761880114675,0.006391395349055529
1776636483212.6663,-0.0015969761880114675,-0.0026616270188242197,0.003728023264557123
1776636483217.6687,-0.0005323254154063761,0.0,0.009587093256413937
1776636483222.6702,-0.0026616270188242197,0.0,0.004260348621755838
1776636483227.6724,-0.0021293016616255045,0.0010646508308127522,0.007456046529114246
1776636483232.6748,-0.0005323254154063761,-0.0015969761880114675,0.0026616270188242197
1776636483237.6772,-0.0031956976745277643,-0.0005323254154063761,0.006391395349055529
1776636483242.6797,-0.0010646508308127522,-0.0010646508308127522,0.004260348621755838
1776636483247.6821,-0.0021293016616255045,-0.0010646508308127522,0.007456046529114246
1776636483252.6846,-0.0010646508308127522,0.0,0.005324999336153269
1776636483257.687,-0.0015969761880114675,-0.0010646508308127522,0.006391395349055529
1776636483262.6895,-0.0026616270188242197,-0.0021293016616255045,0.006923720706254244
1776636483267.692,-0.0021293016616255045,-0.0005323254154063761,0.006391395349055529
1776636483272.6934,-0.005859069991856813,0.0005323254154063761,0.003728023264557123
1776636483277.6968,-0.0,-0.003728023264557123,0.005324999336153269
1776636483282.6982,-0.003728023264557123,-0.004792673978954554,0.009587093256413937
1776636483287.7007,-0.0,-0.0010646508308127522,0.005324999336153269
1776636483292.7031,-0.006391395349055529,-0.0015969761880114675,0.007456046529114246
1776636483297.7056,-0.0010646508308127522,-0.004260348621755838,0.006923720706254244
1776636483302.708,-0.004792673978954554,-0.0005323254154063761,0.006391395349055529
1776636483307.7104,-0.004260348621755838,-0.0021293016616255045,0.003728023264557123
1776636483312.713,-0.0026616270188242197,-0.0010646508308127522,0.006923720706254244
1776636483317.715,-0.0026616270188242197,0.0005323254154063761,0.004792673978954554
1776636483322.7166,-0.0005323254154063761,-0.004792673978954554,0.0026616270188242197
1776636483327.719,0.0005323254154063761,-0.0015969761880114675,0.009587093256413937
1776636483332.7214,-0.004260348621755838,-0.0015969761880114675,0.005324999336153269
1776636483337.7239,0.0026616270188242197,0.0021293016616255045,0.005324999336153269
1776636483342.7263,-0.0021293016616255045,0.0,0.009054767899215221
1776636483347.7288,-0.0026616270188242197,-0.003728023264557123,0.005859069991856813
1776636483352.7312,-0.0010646508308127522,-0.0015969761880114675,0.005859069991856813
1776636483357.7336,-0.0021293016616255045,-0.004792673978954554,0.008520697243511677
1776636483362.736,-0.003728023264557123,-0.0015969761880114675,0.0021293016616255045
1776636483367.7385,-0.0026616270188242197,-0.003728023264557123,0.004260348621755838
1776636483372.741,-0.003728023264557123,-0.0026616270188242197,0.0015969761880114675
1776636483377.7434,-0.0005323254154063761,-0.004792673978954554,0.005324999336153269
1776636483382.7449,-0.004260348621755838,-0.0021293016616255045,0.007988371886312962
1776636483387.7473,0.0010646508308127522,0.0010646508308127522,0.003728023264557123
1776636483392.7495,-0.003728023264557123,0.0015969761880114675,0.005859069991856813
1776636483397.752,-0.0031956976745277643,0.0005323254154063761,0.006923720706254244
1776636483402.7544,-0.0021293016616255045,-0.0026616270188242197,0.003728023264557123
1776636483407.7568,-0.0026616270188242197,-0.0005323254154063761,0.005324999336153269
1776636483412.7593,-0.0031956976745277643,0.0,0.0031956976745277643
1776636483417.7617,-0.0005323254154063761,0.0,0.0015969761880114675
1776636483422.7642,-0.0010646508308127522,0.0010646508308127522,0.011718139983713627
1776636483427.7666,-0.0015969761880114675,-0.0021293016616255045,0.003728023264557123
1776636483432.768,-0.003728023264557123,-0.0015969761880114675,0.003728023264557123
1776636483437.7705,-0.0021293016616255045,-0.004260348621755838,0.009587093256413937
1776636483442.773,-0.005324999336153269,-0.004260348621755838,0.0
1776636483447.7754,-0.0015969761880114675,0.0031956976745277643,0.009054767899215221
1776636483452.7778,-0.0031956976745277643,0.0005323254154063761,0.006923720706254244
1776636483457.7803,-0.0005323254154063761,-0.0010646508308127522,0.006923720706254244
1776636483462.7827,-0.0021293016616255045,-0.0010646508308127522,0.007456046529114246
1776636483467.785,-0.0005323254154063761,-0.0031956976745277643,0.0026616270188242197
1776636483472.7874,-0.0015969761880114675,0.0,0.0031956976745277643
1776636483477.7898,-0.003728023264557123,0.0,0.0031956976745277643
1776636483482.7922,-0.0,-0.006391395349055529,0.009587093256413937
1776636483487.7937,-0.0026616270188242197,-0.0010646508308127522,0.003728023264557123
1776636483492.7961,-0.0,-0.0005323254154063761,0.008520697243511677
1776636483497.7986,-0.004260348621755838,-0.0015969761880114675,0.005324999336153269
1776636483502.801,-0.0026616270188242197,-0.003728023264557123,0.005324999336153269
1776636483507.8035,-0.003728023264557123,-0.0021293016616255045,0.0015969761880114675
1776636483512.806,-0.0031956976745277643,-0.0015969761880114675,0.004260348621755838
1776636483517.8083,-0.0026616270188242197,0.0005323254154063761,0.006391395349055529
1776636483522.8108,-0.0031956976745277643,-0.0031956976745277643,0.003728023264557123
1776636483527.8123,-0.0026616270188242197,-0.0021293016616255045,0.008520697243511677
1776636483532.8145,-0.0010646508308127522,-0.005859069991856813,0.005324999336153269
1776636483537.817,-0.0005323254154063761,-0.0010646508308127522,0.005324999336153269
1776636483542.8193,-0.0026616270188242197,-0.0031956976745277643,0.004260348621755838
1776636483547.8218,-0.004792673978954554,0.0005323254154063761,0.0015969761880114675
1776636483552.8242,-0.0021293016616255045,-0.0010646508308127522,0.012782790698111057
1776636483557.8267,-0.0021293016616255045,0.0,0.007456046529114246
1776636483562.829,-0.0026616270188242197,0.0005323254154063761,0.003728023264557123
1776636483567.8315,-0.0026616270188242197,-0.0005323254154063761,0.007456046529114246
1776636483572.834,-0.0021293016616255045,-0.0021293016616255045,0.003728023264557123
1776636483577.8364,-0.0026616270188242197,-0.003728023264557123,0.004260348621755838
1776636483582.8389,-0.003728023264557123,-0.0010646508308127522,0.008520697243511677
1776636483587.8403,-0.0021293016616255045,0.0,0.005324999336153269
1776636483592.8428,-0.004260348621755838,0.0,0.005859069991856813
1776636483597.8452,0.0005323254154063761,-0.005324999336153269,0.008520697243511677
1776636483602.8474,-0.0026616270188242197,-0.0031956976745277643,0.006923720706254244
1776636483607.8499,-0.0005323254154063761,0.0,0.0031956976745277643
1776636483612.8523,0.0,0.0021293016616255045,0.009587093256413937
1776636483617.8547,-0.0010646508308127522,-0.0015969761880114675,-0.0010646508308127522
1776636483622.8572,-0.0031956976745277643,-0.0031956976745277643,0.009587093256413937
1776636483627.8596,-0.004260348621755838,0.0005323254154063761,0.006391395349055529
1776636483632.862,-0.0015969761880114675,-0.0031956976745277643,0.0031956976745277643
1776636483637.8645,-0.0010646508308127522,-0.0026616270188242197,0.005859069991856813
1776636483642.866,-0.0005323254154063761,0.0,0.0026616270188242197
1776636483647.8684,-0.0005323254154063761,0.0005323254154063761,0.011718139983713627
1776636483652.8708,-0.0015969761880114675,-0.004792673978954554,0.005859069991856813
1776636483657.8733,-0.003728023264557123,-0.003728023264557123,0.0026616270188242197
1776636483662.8757,-0.006391395349055529,0.0,0.009587093256413937
1776636483667.878,-0.0015969761880114675,-0.004792673978954554,0.004792673978954554
1776636483672.8804,-0.0021293016616255045,-0.0010646508308127522,0.003728023264557123
1776636483677.8828,-0.0010646508308127522,-0.0021293016616255045,0.005859069991856813
1776636483682.8853,-0.005859069991856813,-0.0021293016616255045,0.004792673978954554
1776636483687.8877,0.0005323254154063761,-0.004260348621755838,0.006391395349055529
1776636483692.8892,-0.0010646508308127522,0.0021293016616255045,0.005324999336153269
1776636483697.8926,-0.0031956976745277643,-0.0026616270188242197,0.007988371886312962
1776636483702.894,-0.0021293016616255045,0.0005323254154063761,0.007456046529114246
1776636483707.8965,-0.0015969761880114675,0.0005323254154063761,0.006391395349055529
1776636483712.899,-0.004792673978954554,0.0,0.004260348621755838
1776636483717.9014,-0.004260348621755838,-0.0010646508308127522,0.005859069991856813
1776636483722.9038,-0.003728023264557123,0.0021293016616255045,0.004260348621755838
1776636483727.906,-0.007456046529114246,-0.0026616270188242197,0.006391395349055529
1776636483732.9084,-0.004792673978954554,-0.004260348621755838,0.007456046529114246
1776636483737.91,-0.006391395349055529,0.0010646508308127522,0.006391395349055529
1776636483742.9133,-0.0010646508308127522,0.0,0.008520697243511677
1776636483747.9148,-0.0031956976745277643,-0.0005323254154063761,0.004260348621755838
1776636483752.9172,-0.003728023264557123,-0.0015969761880114675,0.005324999336153269
1776636483757.9197,-0.005859069991856813,-0.0021293016616255045,0.006923720706254244
1776636483762.922,-0.003728023264557123,-0.005324999336153269,0.004260348621755838
1776636483767.9246,-0.0031956976745277643,-0.0015969761880114675,0.007456046529114246
1776636483772.927,-0.0026616270188242197,-0.0005323254154063761,0.009054767899215221
1776636483777.9292,-0.003728023264557123,-0.0031956976745277643,0.005859069991856813
1776636483782.9316,-0.0021293016616255045,0.0005323254154063761,0.010119418613612652
1776636483787.934,0.0015969761880114675,-0.004792673978954554,0.0026616270188242197
1776636483792.9355,0.0,0.0005323254154063761,0.005324999336153269
1776636483797.939,-0.0031956976745277643,-0.0031956976745277643,0.007456046529114246
1776636483802.9404,-0.003728023264557123,-0.0021293016616255045,0.005859069991856813
1776636483807.9426,-0.0026616270188242197,-0.0031956976745277643,0.007456046529114246
1776636483812.945,-0.0015969761880114675,0.0010646508308127522,0.008520697243511677
1776636483817.9475,0.0,0.0,0.0021293016616255045
1776636483822.95,-0.0015969761880114675,0.0,0.009054767899215221
1776636483827.9524,-0.005324999336153269,-0.0015969761880114675,0.006923720706254244
1776636483832.9548,-0.0005323254154063761,-0.0026616270188242197,0.006391395349055529
1776636483837.9573,-0.0031956976745277643,-0.0015969761880114675,0.0026616270188242197
1776636483842.9585,-0.0026616270188242197,-0.0005323254154063761,0.004260348621755838
1776636483847.961,-0.0015969761880114675,0.0021293016616255045,0.005859069991856813
1776636483852.9634,-0.0015969761880114675,-0.0026616270188242197,0.004792673978954554
1776636483857.9658,-0.0,-0.0021293016616255045,0.008520697243511677
1776636483862.9683,-0.0026616270188242197,0.0010646508308127522,0.0031956976745277643
1776636483867.9705,0.0031956976745277643,0.0021293016616255045,0.004260348621755838
1776636483872.973,-0.0,-0.0021293016616255045,0.008520697243511677
1776636483877.9753,-0.0010646508308127522,-0.004260348621755838,0.007456046529114246
1776636483882.9778,-0.004792673978954554,-0.006391395349055529,0.004260348621755838
1776636483887.9802,-0.0005323254154063761,-0.0015969761880114675,0.010651743970811367
1776636483892.9827,-0.0015969761880114675,-0.0021293016616255045,0.005324999336153269
1776636483897.984,-0.004260348621755838,-0.0010646508308127522,0.006391395349055529
1776636483902.9873,-0.0,-0.0021293016616255045,0.0026616270188242197
1776636483907.9888,-0.0021293016616255045,0.0005323254154063761,0.005324999336153269
1776636483912.9912,-0.0010646508308127522,-0.0005323254154063761,0.006391395349055529
1776636483917.9937,-0.0031956976745277643,-0.0010646508308127522,0.005859069991856813
1776636483922.996,-0.003728023264557123,-0.0021293016616255045,0.0021293016616255045
1776636483927.9985,-0.003728023264557123,-0.0005323254154063761,0.007988371886312962
1776636483933.0007,-0.0026616270188242197,-0.0015969761880114675,0.007456046529114246
1776636483938.0032,-0.0005323254154063761,-0.0005323254154063761,0.004792673978954554
1776636483943.0056,-0.0005323254154063761,-0.005859069991856813,0.003728023264557123
